Title,Price_Raw,Price_PKR,Size_Raw,Size_Marla,Listing_URL,City,Property_Type,Bedrooms,Bathrooms,Location
River Garden 5 Marla House for sale,2.25 Crore,22500000.0,5.0 Marla,5.0,https://www.zameen.com/Property/gt_road_river_garden_housing_scheme_river_garden_5_marla_house_for_sale-54629918-10490-1.html,Gujrat,House,3.0,4.0,"GT Road, Gujrat, Punjab"
5 Marla Newly Constructed Furnished House For Sale,2.75 Crore,27500000.0,5.0 Marla,5.0,https://www.zameen.com/Property/gujrat_shadman_colony_5_marla_newly_constructed_furnished_house_for_sale-54165768-1031-1.html,Gujrat,House,6.0,5.0,"Shadman Colony, Gujrat, Punjab"
"Prime Commercial-Location House for Sale Near Zahoor Elahi Stadium, Bara Dari Road, Gujrat",6.5 Crore,65000000.0,14.0 Marla,14.0,https://www.zameen.com/Property/gujrat_bara_dari_prime_commercial-location_house_for_sale_near_zahoor_elahi_stadium_bara_dari_road_gujrat-54564923-10815-1.html,Gujrat,House,,,
10 Marla Luxury House,4.3 Crore,43000000.0,10.0 Marla,10.0,https://www.zameen.com/Property/gt_road_river_garden_housing_scheme_10_marla_luxury_house-54268132-10490-1.html,Gujrat,House,,,"GT Road, Gujrat, Punjab"
5 Marla Luxury Designer House,2.85 Crore,28500000.0,5.0 Marla,5.0,https://www.zameen.com/Property/gt_road_river_garden_housing_scheme_5_marla_luxury_designer_house-54256258-10490-1.html,Gujrat,House,4.0,6.0,"GT Road, Gujrat, Punjab"
5 Marla Luxury Double Storey House,2.45 Crore,24500000.0,5.0 Marla,5.0,https://www.zameen.com/Property/gt_road_river_garden_housing_scheme_5_marla_luxury_double_storey_house-54311333-10490-1.html,Gujrat,House,5.0,6.0,"GT Road, Gujrat, Punjab"
8 Marla Luxury House River Garden,3.99 Crore,39900000.0,8.0 Marla,8.0,https://www.zameen.com/Property/gt_road_river_garden_housing_scheme_8_marla_luxury_house_river_garden-54552240-10490-1.html,Gujrat,House,5.0,6.0,"GT Road, Gujrat, Punjab"
8 Marla Luxury House River Garden,4.25 Crore,42500000.0,8.0 Marla,8.0,https://www.zameen.com/Property/gt_road_river_garden_housing_scheme_8_marla_luxury_house_river_garden-54552248-10490-1.html,Gujrat,House,5.0,6.0,"GT Road, Gujrat, Punjab"
10 Marla House in Gujrat,3.5 Crore,35000000.0,10.0 Marla,10.0,https://www.zameen.com/Property/gujrat_badshahi_road_10_marla_house_in_gujrat-54685981-5288-1.html,Gujrat,House,4.0,4.0,"Badshahi Road, Gujrat, Punjab"
10 Marla Luxury Victorian White House Double Highted,4.99 Crore,49900000.0,10.0 Marla,10.0,https://www.zameen.com/Property/gt_road_river_garden_housing_scheme_10_marla_luxury_victorian_white_house_double_highted-54323468-10490-1.html,Gujrat,House,6.0,5.0,"GT Road, Gujrat, Punjab"
5 Marla House,2.35 Crore,23500000.0,5.0 Marla,5.0,https://www.zameen.com/Property/gt_road_river_garden_housing_scheme_5_marla_house-54552221-10490-1.html,Gujrat,House,5.0,6.0,"GT Road, Gujrat, Punjab"
8 Marla Luxury House,3.75 Crore,37500000.0,8.0 Marla,8.0,https://www.zameen.com/Property/gt_road_river_garden_housing_scheme_8_marla_luxury_house-54580734-10490-1.html,Gujrat,House,6.0,5.0,"GT Road, Gujrat, Punjab"
5 Marla House Available for Sale in Chenab Orchard Phase-2 Main City Gujrat,2.25 Crore,22500000.0,5.0 Marla,5.0,https://www.zameen.com/Property/chenab_orchard_chenab_orchard_phase_2_5_marla_house_available_for_sale_in_chenab_orchard_phase-2_main_city_gujrat-54496140-21382-1.html,Gujrat,House,4.0,2.0,"Chenab Orchard, Gujrat, Punjab"
Fair-Priced 20 Marla House Available In River Garden Housing Scheme,11.0 Crore,110000000.0,1.0 Kanal,20.0,https://www.zameen.com/Property/gt_road_river_garden_housing_scheme_fair-priced_20_marla_house_available_in_river_garden_housing_scheme-52458004-10490-1.html,Gujrat,House,5.0,6.0,"GT Road, Gujrat, Punjab"
14 Marla Corner Luxury House For Sale,6.45 Crore,64500000.0,14.0 Marla,14.0,https://www.zameen.com/Property/gt_road_river_garden_housing_scheme_14_marla_corner_luxury_house_for_sale-53480920-10490-1.html,Gujrat,House,6.0,6.0,"GT Road, Gujrat, Punjab"
8 Marla Luxury House River Garden,4.25 Crore,42500000.0,8.0 Marla,8.0,https://www.zameen.com/Property/gt_road_river_garden_housing_scheme_8_marla_luxury_house_river_garden-53522374-10490-1.html,Gujrat,House,5.0,6.0,"GT Road, Gujrat, Punjab"
8 Marla Luxury House River Garden,3.25 Crore,32500000.0,8.0 Marla,8.0,https://www.zameen.com/Property/gt_road_river_garden_housing_scheme_8_marla_luxury_house_river_garden-53538184-10490-1.html,Gujrat,House,5.0,6.0,"GT Road, Gujrat, Punjab"
10 Marla Luxury House Is Available For Sale,4.75 Crore,47500000.0,10.0 Marla,10.0,https://www.zameen.com/Property/gt_road_noor_garden_10_marla_luxury_house_is_available_for_sale-53538188-20530-1.html,Gujrat,House,5.0,6.0,"GT Road, Gujrat, Punjab"
8 Marla Luxury House For Sale,3.5 Crore,35000000.0,8.0 Marla,8.0,https://www.zameen.com/Property/gujrat_shadman_colony_8_marla_luxury_house_for_sale-53538189-1031-1.html,Gujrat,House,5.0,6.0,"Shadman Colony, Gujrat, Punjab"
12.5 Marla Luxury House Ahmed Town Ideal Location In Gujrat City,4.5 Crore,45000000.0,12.5 Marla,12.5,https://www.zameen.com/Property/gujrat_ali_pura_road_12_5_marla_luxury_house_ahmed_town_ideal_location_in_gujrat_city-51950335-13201-1.html,Gujrat,House,8.0,6.0,"Ali Pura Road, Gujrat, Punjab"
12 Marla Luxury House Furnished For Sale,5.5 Crore,55000000.0,12.0 Marla,12.0,https://www.zameen.com/Property/gt_road_river_garden_housing_scheme_12_marla_luxury_house_furnished_for_sale-52468082-10490-1.html,Gujrat,House,5.0,6.0,"GT Road, Gujrat, Punjab"
10 Marla Luxury House River Garden,4.25 Crore,42500000.0,10.0 Marla,10.0,https://www.zameen.com/Property/gt_road_river_garden_housing_scheme_10_marla_luxury_house_river_garden-49231042-10490-1.html,Gujrat,House,5.0,6.0,"GT Road, Gujrat, Punjab"
This Is Your Chance To Buy House In New Shadman Colony,5.25 Crore,52500000.0,10.0 Marla,10.0,https://www.zameen.com/Property/gujrat_new_shadman_colony_this_is_your_chance_to_buy_house_in_new_shadman_colony-52315237-5314-1.html,Gujrat,House,5.0,6.0,"New Shadman Colony, Gujrat, Punjab"
Luxury House Interior Design House For Sale Near All Live Facilities Near To Park Restaurant Mall Mosque,6.75 Crore,67500000.0,14.0 Marla,14.0,https://www.zameen.com/Property/gt_road_river_garden_housing_scheme_luxury_house_interior_design_house_for_sale_near_all_live_facilities_near_to_park_restaurant_mall_mosque-47780263-10490-1.html,Gujrat,House,6.0,6.0,"GT Road, Gujrat, Punjab"
Become Owner Of Your House Today Which Is Centrally Located In River Garden Housing Scheme In Gujrat,4.35 Crore,43500000.0,10.0 Marla,10.0,https://www.zameen.com/Property/gt_road_river_garden_housing_scheme_become_owner_of_your_house_today_which_is_centrally_located_in_river_garden_housing_scheme_in_gujrat-48310174-10490-1.html,Gujrat,House,5.0,6.0,"GT Road, Gujrat, Punjab"
In River Garden Housing Scheme House For Sale Sized 14 Marla,6.99 Crore,69900000.0,14.0 Marla,14.0,https://www.zameen.com/Property/gt_road_river_garden_housing_scheme_in_river_garden_housing_scheme_house_for_sale_sized_14_marla-51937335-10490-1.html,Gujrat,House,5.0,6.0,"GT Road, Gujrat, Punjab"
8 Marla Luxury House New Model Town,3.75 Crore,37500000.0,8.0 Marla,8.0,https://www.zameen.com/Property/gujrat_new_model_town_8_marla_luxury_house_new_model_town-51937925-11710-1.html,Gujrat,House,5.0,6.0,"New Model Town, Gujrat, Punjab"
House Available For Sale In River Garden Housing Scheme,9.9 Crore,99000000.0,18.0 Marla,18.0,https://www.zameen.com/Property/gt_road_river_garden_housing_scheme_house_available_for_sale_in_river_garden_housing_scheme-43646029-10490-1.html,Gujrat,House,5.0,6.0,"GT Road, Gujrat, Punjab"
10 Marla Luxury Spanish Villa Near Live All Facilities,4.0 Crore,40000000.0,10.0 Marla,10.0,https://www.zameen.com/Property/gujrat_new_model_town_10_marla_luxury_spanish_villa_near_live_all_facilities-51941642-11710-1.html,Gujrat,House,5.0,6.0,"New Model Town, Gujrat, Punjab"
8 Marla Luxury House River Garden,4.2 Crore,42000000.0,8.0 Marla,8.0,https://www.zameen.com/Property/gt_road_river_garden_housing_scheme_8_marla_luxury_house_river_garden-53307476-10490-1.html,Gujrat,House,5.0,6.0,"GT Road, Gujrat, Punjab"
10 Marla House In  River Garden  Housing Scheme Best Option,3.75 Crore,37500000.0,10.0 Marla,10.0,https://www.zameen.com/Property/gt_road_river_garden_housing_scheme_10_marla_house_in_river_garden_housing_scheme_best_option-43646033-10490-1.html,Gujrat,House,,,"GT Road, Gujrat, Punjab"
Buy 10 Marla House At Highly Affordable Price,4.99 Crore,49900000.0,10.0 Marla,10.0,https://www.zameen.com/Property/gujrat_shadman_colony_buy_10_marla_house_at_highly_affordable_price-47476304-1031-1.html,Gujrat,House,5.0,6.0,"Shadman Colony, Gujrat, Punjab"
3 Marla House For Sale,1.1 Crore,11000000.0,3.0 Marla,3.0,https://www.zameen.com/Property/gujrat_taimoor_chowk_3_marla_house_for_sale-49123173-10816-1.html,Gujrat,House,4.0,4.0,"Taimoor Chowk, Gujrat, Punjab"
14 Marla Luxury Villa Is Available For Sale,7.5 Crore,75000000.0,14.0 Marla,14.0,https://www.zameen.com/Property/gujrat_shadman_colony_14_marla_luxury_villa_is_available_for_sale-49126057-1031-1.html,Gujrat,House,6.0,6.0,"Shadman Colony, Gujrat, Punjab"
10 Marla Luxury House Noor Garden,4.25 Crore,42500000.0,10.0 Marla,10.0,https://www.zameen.com/Property/gt_road_noor_garden_10_marla_luxury_house_noor_garden-53451578-20530-1.html,Gujrat,House,5.0,6.0,"GT Road, Gujrat, Punjab"
5 Marla Luxury House Is Available For Sale,2.45 Crore,24500000.0,5.0 Marla,5.0,https://www.zameen.com/Property/gujrat_chenab_orchard_5_marla_luxury_house_is_available_for_sale-53538179-17624-1.html,Gujrat,House,4.0,6.0,"Chenab Orchard, Gujrat, Punjab"
House Spread Over 18 Marla In River Garden,10.0 Crore,100000000.0,18.0 Marla,18.0,https://www.zameen.com/Property/gt_road_river_garden_housing_scheme_house_spread_over_18_marla_in_river_garden-51118299-10490-1.html,Gujrat,House,,,"GT Road, Gujrat, Punjab"
7 Marla Luxury House,3.9 Crore,39000000.0,7.0 Marla,7.0,https://www.zameen.com/Property/gujrat_shadman_colony_7_marla_luxury_house-53538190-1031-1.html,Gujrat,House,5.0,6.0,"Shadman Colony, Gujrat, Punjab"
34 Marla House Near Live All Facilities,3.9 Crore,39000000.0,1.7 Kanal,34.0,https://www.zameen.com/Property/gujrat_bhimber_road_34_marla_house_near_live_all_facilities-51900941-942-1.html,Gujrat,House,5.0,6.0,"Bhimber Road, Gujrat, Punjab"
8 Marla Luxury House Model Town,3.75 Crore,37500000.0,8.0 Marla,8.0,https://www.zameen.com/Property/gujrat_model_town_8_marla_luxury_house_model_town-53218078-5311-1.html,Gujrat,House,5.0,6.0,"Model Town, Gujrat, Punjab"
10 Marla Luxury House River Garden,4.25 Crore,42500000.0,10.0 Marla,10.0,https://www.zameen.com/Property/gt_road_river_garden_housing_scheme_10_marla_luxury_house_river_garden-53538182-10490-1.html,Gujrat,House,5.0,6.0,"GT Road, Gujrat, Punjab"
Luxury Interior Designer House For Sale River Garden,6.99 Crore,69900000.0,14.0 Marla,14.0,https://www.zameen.com/Property/gt_road_river_garden_housing_scheme_luxury_interior_designer_house_for_sale_river_garden-53450043-10490-1.html,Gujrat,House,5.0,6.0,"GT Road, Gujrat, Punjab"
8 Marla Luxury House River Garden 50 Feet Road,4.35 Crore,43500000.0,8.0 Marla,8.0,https://www.zameen.com/Property/gt_road_river_garden_housing_scheme_8_marla_luxury_house_river_garden_50_feet_road-53543096-10490-1.html,Gujrat,House,5.0,6.0,"GT Road, Gujrat, Punjab"
7 Marla Corner House For Sale In River Garden,3.0 Crore,30000000.0,7.0 Marla,7.0,https://www.zameen.com/Property/gt_road_river_garden_housing_scheme_7_marla_corner_house_for_sale_in_river_garden-53218083-10490-1.html,Gujrat,House,5.0,6.0,"GT Road, Gujrat, Punjab"
8 Marla Victorian House For Sale,3.95 Crore,39500000.0,8.0 Marla,8.0,https://www.zameen.com/Property/gt_road_river_garden_housing_scheme_8_marla_victorian_house_for_sale-53479773-10490-1.html,Gujrat,House,5.0,6.0,"GT Road, Gujrat, Punjab"
10 Marla Luxury House River Garden,4.2 Crore,42000000.0,10.0 Marla,10.0,https://www.zameen.com/Property/gt_road_river_garden_housing_scheme_10_marla_luxury_house_river_garden-53708138-10490-1.html,Gujrat,House,5.0,6.0,"GT Road, Gujrat, Punjab"
5 Marla House Model Town For Sale,2.1 Crore,21000000.0,5.0 Marla,5.0,https://www.zameen.com/Property/gujrat_model_town_5_marla_house_model_town_for_sale-54352364-5311-1.html,Gujrat,House,5.0,6.0,"Model Town, Gujrat, Punjab"
Get In Touch Now To Buy A 5 Marla House In River Garden Housing Scheme Gujrat,1.95 Crore,19500000.0,5.0 Marla,5.0,https://www.zameen.com/Property/gt_road_river_garden_housing_scheme_get_in_touch_now_to_buy_a_5_marla_house_in_river_garden_housing_scheme_gujrat-48310162-10490-1.html,Gujrat,House,3.0,3.0,"GT Road, Gujrat, Punjab"
10 Marla Luxury House River Garden,5.24 Crore,52400000.0,10.0 Marla,10.0,https://www.zameen.com/Property/gt_road_river_garden_housing_scheme_10_marla_luxury_house_river_garden-53496501-10490-1.html,Gujrat,House,5.0,6.0,"GT Road, Gujrat, Punjab"
11 Marla Luxury Owner Build 3 Storey House Sui Gas 2 Cars Garage Wapda Electricity Big Boor Water Available,4.99 Crore,49900000.0,11.0 Marla,11.0,https://www.zameen.com/Property/gt_road_river_garden_housing_scheme_11_marla_luxury_owner_build_3_storey_house_sui_gas_2_cars_garage_wapda_electricity_big_boor_water_available-53708111-10490-1.html,Gujrat,House,7.0,6.0,"GT Road, Gujrat, Punjab"
8 Marla Luxury Triple Storey House River Garden,2.8 Crore,28000000.0,8.0 Marla,8.0,https://www.zameen.com/Property/gt_road_river_garden_housing_scheme_8_marla_luxury_triple_storey_house_river_garden-49426819-10490-1.html,Gujrat,House,7.0,6.0,"GT Road, Gujrat, Punjab"
Centrally Located House In River Garden Housing Scheme Is Available For Sale,2.5 Crore,25000000.0,5.0 Marla,5.0,https://www.zameen.com/Property/gt_road_river_garden_housing_scheme_centrally_located_house_in_river_garden_housing_scheme_is_available_for_sale-53461791-10490-1.html,Gujrat,House,4.0,6.0,"GT Road, Gujrat, Punjab"
10 Marla Luxury House In River Garden,5.2 Crore,52000000.0,10.0 Marla,10.0,https://www.zameen.com/Property/gt_road_river_garden_housing_scheme_10_marla_luxury_house_in_river_garden-53187789-10490-1.html,Gujrat,House,5.0,5.0,"GT Road, Gujrat, Punjab"
20 Marla Corner Plot - rejected,4.0 Crore,40000000.0,1.0 Kanal,20.0,https://www.zameen.com/Property/gt_road_river_garden_housing_scheme_20_marla_corner_plot_-_rejected-51936847-10490-1.html,Gujrat,House,5.0,6.0,"GT Road, Gujrat, Punjab"
4 Marla Luxury House Own Build Owner For Sale,1.75 Crore,17500000.0,4.0 Marla,4.0,https://www.zameen.com/Property/gujrat_al_nabi_colony_4_marla_luxury_house_own_build_owner_for_sale-49742918-11462-1.html,Gujrat,House,4.0,4.0,"Al Nabi Colony, Gujrat, Punjab"
8 Marla Luxury House In   River Garden Housing Scheme Gujrat,3.95 Crore,39500000.0,8.0 Marla,8.0,https://www.zameen.com/Property/gt_road_river_garden_housing_scheme_8_marla_luxury_house_in_river_garden_housing_scheme_gujrat-49426809-10490-1.html,Gujrat,House,5.0,6.0,"GT Road, Gujrat, Punjab"
Grey Structure House 10 Marla,2.7 Crore,27000000.0,10.0 Marla,10.0,https://www.zameen.com/Property/gt_road_noor_garden_grey_structure_house_10_marla-49415298-20530-1.html,Gujrat,House,5.0,6.0,"GT Road, Gujrat, Punjab"
15 Marla Corner Plot Main Road 60 Feet Corner 40 Foot Road D Block Main Blueward Rejected,2.48 Crore,24800000.0,15.0 Marla,15.0,https://www.zameen.com/Property/gt_road_river_garden_housing_scheme_15_marla_corner_plot_main_road_60_feet_corner_40_foot_road_d_block_main_blueward_rejected-53218041-10490-1.html,Gujrat,House,,,"GT Road, Gujrat, Punjab"
5 Marla Luxury House Noor Garden,2.6 Crore,26000000.0,5.0 Marla,5.0,https://www.zameen.com/Property/gt_road_noor_garden_5_marla_luxury_house_noor_garden-54333810-20530-1.html,Gujrat,House,,,"GT Road, Gujrat, Punjab"
8 Marla Luxury 3 Storey House In  River Garden,3.1 Crore,31000000.0,8.0 Marla,8.0,https://www.zameen.com/Property/gt_road_river_garden_housing_scheme_8_marla_luxury_3_storey_house_in_river_garden-49426822-10490-1.html,Gujrat,House,5.0,6.0,"GT Road, Gujrat, Punjab"
5 Marla Luxury House Chinnab City Housing Society,2.2 Crore,22000000.0,5.0 Marla,5.0,https://www.zameen.com/Property/gt_road_chenaab_city_5_marla_luxury_house_chinnab_city_housing_society-53496290-21782-1.html,Gujrat,House,3.0,4.0,"GT Road, Gujrat, Punjab"
5 Marla Luxury Farnished House Chinnab City,2.45 Crore,24500000.0,5.0 Marla,5.0,https://www.zameen.com/Property/gt_road_chenaab_city_5_marla_luxury_farnished_house_chinnab_city-53365502-21782-1.html,Gujrat,House,,,"GT Road, Gujrat, Punjab"
95 Marla Luxurious House On Main GT Road In Gujrat City,40.2 Crore,402000000.0,4.7 Kanal,94.0,https://www.zameen.com/Property/gujrat_jalalpur_ring_road_95_marla_luxurious_house_on_main_gt_road_in_gujrat_city-54404700-5300-1.html,Gujrat,House,7.0,7.0,"Jalalpur Ring Road, Gujrat, Punjab"
New Build Modern 5 Marla House In E Block,1.97 Crore,19700000.0,5.0 Marla,5.0,https://www.zameen.com/Property/gt_road_river_garden_housing_scheme_new_build_modern_5_marla_house_in_e_block-54615040-10490-1.html,Gujrat,House,5.0,5.0,"GT Road, Gujrat, Punjab"
Elegant Corner House for Sale,2.6 Crore,26000000.0,7.0 Marla,7.0,https://www.zameen.com/Property/gujrat_gulshan_colony_elegant_corner_house_for_sale-54605668-1009-1.html,Gujrat,House,3.0,3.0,"Gulshan Colony, Gujrat, Punjab"
"8 Marla Corner Grey Structure For Sale At Star Colony Near Zamindar Degree College, Bhimber Road, Gujrat",1.75 Crore,17500000.0,8.0 Marla,8.0,https://www.zameen.com/Property/gujrat_star_colony_8_marla_corner_grey_structure_for_sale_at_star_colony_near_zamindar_degree_college_bhimber_road_gujrat-54586135-10814-1.html,Gujrat,House,5.0,6.0,"Star Colony, Gujrat, Punjab"
5 Marla Ultra Modern House Available For Sale In Citi Housing Gujranwala,1.65 Crore,16500000.0,5.0 Marla,5.0,https://www.zameen.com/Property/gujranwala_citi_housing_society_5_marla_ultra_modern_house_available_for_sale_in_citi_housing_gujranwala-54639661-3083-1.html,Gujranwala,House,4.0,5.0,"Citi Housing Society, Gujranwala, Punjab"
Facing Park Citi Housing Society House Sized 10 Marla Is Available,4.8 Crore,48000000.0,10.0 Marla,10.0,https://www.zameen.com/Property/gujranwala_citi_housing_society_facing_park_citi_housing_society_house_sized_10_marla_is_available-54686999-3083-1.html,Gujranwala,House,6.0,6.0,"Citi Housing Society, Gujranwala, Punjab"
5.5 Marla Modern House For Sale,2.2 Crore,22000000.0,5.5 Marla,5.5,https://www.zameen.com/Property/gujranwala_citi_housing_society_5_5_marla_modern_house_for_sale-54640624-3083-1.html,Gujranwala,House,4.0,4.0,"Citi Housing Society, Gujranwala, Punjab"
"5-Marla Villa in Sector A-1 , DHA Gujranwala Phase-1",1.55 Crore,15500000.0,5.0 Marla,5.0,https://www.zameen.com/Property/gujranwala_dha_defence_5-marla_villa_in_sector_a-1_dha_gujranwala_phase-1-54601870-5121-1.html,Gujranwala,House,3.0,4.0,"DHA Defence, Gujranwala, Punjab"
5 M Category House For Sale On 100 Feet,2.3 Crore,23000000.0,5.0 Marla,5.0,https://www.zameen.com/Property/dha_defence_dha_sector_g_5_m_category_house_for_sale_on_100_feet-53929849-18426-1.html,Gujranwala,House,3.0,4.0,"DHA Defence, Gujranwala, Punjab"
Reserve A Main Double Road House Of 20 Marla Now In Garden Town Phase 3,10.0 Crore,100000000.0,1.0 Kanal,20.0,https://www.zameen.com/Property/garden_town_garden_town_phase_3_reserve_a_main_double_road_house_of_20_marla_now_in_garden_town_phase_3-54464809-20133-1.html,Gujranwala,House,6.0,6.0,"Garden Town, Gujranwala, Punjab"
10 Marla New،Brand House Block Merjan Dc Colony Gujranwala Demand 4core 25 Lac,4.25 Crore,42500000.0,10.0 Marla,10.0,https://www.zameen.com/Property/dc_colony_dc_colony_-_mehran_block_10_marla_new_brand_house_block_merjan_dc_colony_gujranwala_demand_4core_25_lac-54643182-10116-1.html,Gujranwala,House,5.0,6.0,"DC Colony, Gujranwala, Punjab"
Prime Location 5 Marla House For Sale In Citi Housing Society Citi Housing Society,1.9 Crore,19000000.0,5.0 Marla,5.0,https://www.zameen.com/Property/gujranwala_citi_housing_society_prime_location_5_marla_house_for_sale_in_citi_housing_society_citi_housing_society-54430558-3083-1.html,Gujranwala,House,4.0,4.0,"Citi Housing Society, Gujranwala, Punjab"
5.5 MARLA BRAND NEW HOUSE AVAILABLE FOR SALE (AT REASONABLE PRICE) IN CITI HOUSING GUJRANWALA,2.6 Crore,26000000.0,5.0 Marla,5.0,https://www.zameen.com/Property/gujranwala_citi_housing_society_5_5_marla_brand_new_house_available_for_sale_at_reasonable_price_in_citi_housing_gujranwala-54567355-3083-1.html,Gujranwala,House,4.0,5.0,"Citi Housing Society, Gujranwala, Punjab"
BRAND NEW HOUSE AVAILABLE FOR SALE (AT REASONABLE PRICE) IN CITI HOUSING GUJRANWALA,2.2 Crore,22000000.0,5.0 Marla,5.0,https://www.zameen.com/Property/citi_housing_society_citi_housing_-_phase_1_brand_new_house_available_for_sale_at_reasonable_price_in_citi_housing_gujranwala-54416269-3084-1.html,Gujranwala,House,4.0,5.0,"Citi Housing Society, Gujranwala, Punjab"
On Your Ideal Location This 5 Marla Spanish Style House Available For Sale In Citi Housing Gujranwala,2.8 Crore,28000000.0,5.0 Marla,5.0,https://www.zameen.com/Property/gujranwala_citi_housing_society_on_your_ideal_location_this_5_marla_spanish_style_house_available_for_sale_in_citi_housing_gujranwala-54586817-3083-1.html,Gujranwala,House,4.0,5.0,"Citi Housing Society, Gujranwala, Punjab"
Facing Park House In Citi Housing Society Sized 10 Marla Is Available,4.8 Crore,48000000.0,10.0 Marla,10.0,https://www.zameen.com/Property/gujranwala_citi_housing_society_facing_park_house_in_citi_housing_society_sized_10_marla_is_available-54688331-3083-1.html,Gujranwala,House,6.0,6.0,"Citi Housing Society, Gujranwala, Punjab"
5 MARLA SLIGHTLY USED HOUSE AVAILABLE FOR SALE (AT REASONABLE PRICE) IN CITI HOUSING GUJRANWALA,1.85 Crore,18500000.0,5.0 Marla,5.0,https://www.zameen.com/Property/gujranwala_citi_housing_society_5_marla_slightly_used_house_available_for_sale_at_reasonable_price_in_citi_housing_gujranwala-54532305-3083-1.html,Gujranwala,House,5.0,5.0,"Citi Housing Society, Gujranwala, Punjab"
7.25 MARLA BRAND NEW HOUSE AVAILABLE FOR SALE,3.25 Crore,32500000.0,7.0 Marla,7.0,https://www.zameen.com/Property/gujranwala_citi_housing_society_7_25_marla_brand_new_house_available_for_sale-54531891-3083-1.html,Gujranwala,House,5.0,5.0,"Citi Housing Society, Gujranwala, Punjab"
5 MARLA BRAND NEW HOUSE AVAILABLE FOR SALE (AT REASONABLE PRICE) IN CITI HOUSING GUJRANWALA,1.75 Crore,17500000.0,5.0 Marla,5.0,https://www.zameen.com/Property/gujranwala_citi_housing_society_5_marla_brand_new_house_available_for_sale_at_reasonable_price_in_citi_housing_gujranwala-54531927-3083-1.html,Gujranwala,House,4.0,5.0,"Citi Housing Society, Gujranwala, Punjab"
5 MARLA BRAND NEW HOUSE AVAILABLE FOR SALE (AT REASONABLE PRICE) IN CITI HOUSING GUJRANWALA,1.9 Crore,19000000.0,5.0 Marla,5.0,https://www.zameen.com/Property/gujranwala_citi_housing_society_5_marla_brand_new_house_available_for_sale_at_reasonable_price_in_citi_housing_gujranwala-54532194-3083-1.html,Gujranwala,House,4.0,5.0,"Citi Housing Society, Gujranwala, Punjab"
Prime Location In Citi Housing Society 10 Marla House For sale,5.5 Crore,55000000.0,10.0 Marla,10.0,https://www.zameen.com/Property/gujranwala_citi_housing_society_prime_location_in_citi_housing_society_10_marla_house_for_sale-54621748-3083-1.html,Gujranwala,House,5.0,5.0,"Citi Housing Society, Gujranwala, Punjab"
6.5 MARLA BRAND NEW HOUSE AVAILABLE FOR SALE (AT REASONABLE PRICE) IN ROYAL PALM CITY GUJRANWALA,2.45 Crore,24500000.0,6.5 Marla,6.5,https://www.zameen.com/Property/gujranwala_palm_city_housing_scheme_6_5_marla_brand_new_house_available_for_sale_at_reasonable_price_in_royal_palm_city_gujranwala-54540023-9111-1.html,Gujranwala,House,4.0,5.0,"Palm City Housing Scheme, Gujranwala, Punjab"
5 MARLA BRAND NEW HOUSE AVAILABLE FOR SALE,1.75 Crore,17500000.0,5.0 Marla,5.0,https://www.zameen.com/Property/gujranwala_citi_housing_society_5_marla_brand_new_house_available_for_sale-54532268-3083-1.html,Gujranwala,House,4.0,5.0,"Citi Housing Society, Gujranwala, Punjab"
5.5 MARLA BRAND NEW HOUSE AVAILABLE FOR SALE (AT REASONABLE PRICE) IN CITI HOUSING GUJRANWALA,2.25 Crore,22500000.0,5.5 Marla,5.5,https://www.zameen.com/Property/gujranwala_citi_housing_society_5_5_marla_brand_new_house_available_for_sale_at_reasonable_price_in_citi_housing_gujranwala-54531982-3083-1.html,Gujranwala,House,4.0,5.0,"Citi Housing Society, Gujranwala, Punjab"
5 MARLA BRAND NEW HOUSE AVAILABLE FOR SALE,1.9 Crore,19000000.0,5.0 Marla,5.0,https://www.zameen.com/Property/gujranwala_citi_housing_society_5_marla_brand_new_house_available_for_sale-54532152-3083-1.html,Gujranwala,House,4.0,5.0,"Citi Housing Society, Gujranwala, Punjab"
5 MARLA BRAND NEW HOUSE AVAILABLE FOR SALE (AT REASONABLE PRICE) IN CITI HOUSING GUJRANWALA,2.2 Crore,22000000.0,5.0 Marla,5.0,https://www.zameen.com/Property/gujranwala_citi_housing_society_5_marla_brand_new_house_available_for_sale_at_reasonable_price_in_citi_housing_gujranwala-54532177-3083-1.html,Gujranwala,House,6.0,6.0,"Citi Housing Society, Gujranwala, Punjab"
5 MARLA BRAND NEW HOUSE AVAILABLE FOR SALE (AT REASONABLE PRICE) IN CITI HOUSING GUJRANWALA,1.8 Crore,18000000.0,5.0 Marla,5.0,https://www.zameen.com/Property/gujranwala_citi_housing_society_5_marla_brand_new_house_available_for_sale_at_reasonable_price_in_citi_housing_gujranwala-54532057-3083-1.html,Gujranwala,House,4.0,5.0,"Citi Housing Society, Gujranwala, Punjab"
You Can Find A Gorgeous Prime Location House For Sale In Wapda Town,3.0 Crore,30000000.0,10.0 Marla,10.0,https://www.zameen.com/Property/gujranwala_wapda_town_you_can_find_a_gorgeous_prime_location_house_for_sale_in_wapda_town-54669081-430-1.html,Gujranwala,House,5.0,5.0,"Wapda Town, Gujranwala, Punjab"
Prominently-Located Prime Location House Available In Wapda Town For Sale,6.0 Crore,60000000.0,1.0 Kanal,20.0,https://www.zameen.com/Property/gujranwala_wapda_town_prominently-located_prime_location_house_available_in_wapda_town_for_sale-54669082-430-1.html,Gujranwala,House,6.0,6.0,"Wapda Town, Gujranwala, Punjab"
5 Marla VILLA For Sale,1.55 Crore,15500000.0,5.0 Marla,5.0,https://www.zameen.com/Property/gujranwala_dha_defence_5_marla_villa_for_sale-52194918-5121-1.html,Gujranwala,House,3.0,4.0,"DHA Defence, Gujranwala, Punjab"
Brand New 10 Marla House with 10 kv Sollar installed available for Sale Citi Housing Gujranwala,4.25 Crore,42500000.0,10.0 Marla,10.0,https://www.zameen.com/Property/gujranwala_citi_housing_society_brand_new_10_marla_house_with_10_kv_sollar_installed_available_for_sale_citi_housing_gujranwala-54651884-3083-1.html,Gujranwala,House,6.0,7.0,"Citi Housing Society, Gujranwala, Punjab"
5 Marla Modern House Double-Height Living | Best Price,1.9 Crore,19000000.0,5.0 Marla,5.0,https://www.zameen.com/Property/gujranwala_citi_housing_society_5_marla_modern_house_double-height_living_best_price-54612257-3083-1.html,Gujranwala,House,4.0,4.0,"Citi Housing Society, Gujranwala, Punjab"
On Excellent Location House In Citi Housing Society For sale,1.75 Crore,17500000.0,5.0 Marla,5.0,https://www.zameen.com/Property/gujranwala_citi_housing_society_on_excellent_location_house_in_citi_housing_society_for_sale-54602826-3083-1.html,Gujranwala,House,4.0,4.0,"Citi Housing Society, Gujranwala, Punjab"
Investors Should Sale This Prime Location House Located Ideally In Citi Housing Society,4.25 Crore,42500000.0,10.0 Marla,10.0,https://www.zameen.com/Property/gujranwala_citi_housing_society_investors_should_sale_this_prime_location_house_located_ideally_in_citi_housing_society-54568648-3083-1.html,Gujranwala,House,5.0,5.0,"Citi Housing Society, Gujranwala, Punjab"
Get Your Hands On Prime Location House In Gujranwala Best Area,3.8 Crore,38000000.0,10.0 Marla,10.0,https://www.zameen.com/Property/eminabad_more_royal_palm_city_get_your_hands_on_prime_location_house_in_gujranwala_best_area-54281920-11297-1.html,Gujranwala,House,5.0,5.0,"Eminabad More, Gujranwala, Punjab"
1 Kanal Beautiful House in Garden Town,7.5 Crore,75000000.0,1.0 Kanal,20.0,https://www.zameen.com/Property/garden_town_garden_town_phase_2_1_kanal_beautiful_house_in_garden_town-54669739-20132-1.html,Gujranwala,House,6.0,7.0,"Garden Town, Gujranwala, Punjab"
"10 Marla Brand New House For Sale In DC Colony Gujranwala DC Colony - Mehran Block, DC Colony, Gujranwala, Punjab",4.75 Crore,47500000.0,10.0 Marla,10.0,https://www.zameen.com/Property/dc_colony_dc_colony_-_mehran_block_10_marla_brand_new_house_for_sale_in_dc_colony_gujranwala_dc_colony_-_mehran_block_dc_colony_gujranwala_punjab-54563070-10116-1.html,Gujranwala,House,6.0,7.0,"DC Colony, Gujranwala, Punjab"
10 Marla Affordable & Beautiful House for Sale Great Investment Opportunity,4.5 Crore,45000000.0,10.0 Marla,10.0,https://www.zameen.com/Property/gujranwala_citi_housing_society_10_marla_affordable_beautiful_house_for_sale_great_investment_opportunity-54661935-3083-1.html,Gujranwala,House,6.0,7.0,"Citi Housing Society, Gujranwala, Punjab"
1 Kanal Brand New House In Garden Town Phase 3,10.0 Crore,100000000.0,1.0 Kanal,20.0,https://www.zameen.com/Property/gujranwala_garden_town_1_kanal_brand_new_house_in_garden_town_phase_3-54510553-1056-1.html,Gujranwala,House,6.0,6.0,"Garden Town, Gujranwala, Punjab"
10 Marla Ultra Modern House For Sale | Near Commercial Market | Citi Housing Gujranwala,5.25 Crore,52500000.0,10.0 Marla,10.0,https://www.zameen.com/Property/gujranwala_citi_housing_society_10_marla_ultra_modern_house_for_sale_near_commercial_market_citi_housing_gujranwala-54689011-3083-1.html,Gujranwala,House,6.0,6.0,"Citi Housing Society, Gujranwala, Punjab"
Fully Furnished 12 Kv Sollar Installed 5 Marla House Available For Sale Citi Housing,2.4 Crore,24000000.0,5.0 Marla,5.0,https://www.zameen.com/Property/gujranwala_citi_housing_society_fully_furnished_12_kv_sollar_installed_5_marla_house_available_for_sale_citi_housing-54225618-3083-1.html,Gujranwala,House,4.0,5.0,"Citi Housing Society, Gujranwala, Punjab"
6 Marla Corner/Facing Park Double Height House For Sale,2.45 Crore,24500000.0,6.0 Marla,6.0,https://www.zameen.com/Property/eminabad_more_royal_palm_city_6_marla_corner_facing_park_double_height_house_for_sale-54505190-11297-1.html,Gujranwala,House,4.0,4.0,"Eminabad More, Gujranwala, Punjab"
7 Marla single story house for Sale,1.7 Crore,17000000.0,7.0 Marla,7.0,https://www.zameen.com/Property/gujranwala_wahdat_colony_7_marla_single_story_house_for_sale-54689003-802-1.html,Gujranwala,House,4.0,4.0,"Wahdat Colony, Gujranwala, Punjab"
4 Kanal Main Boulevard House For Sale,32.0 Crore,320000000.0,4.0 Kanal,80.0,https://www.zameen.com/Property/gujranwala_citi_housing_society_4_kanal_main_boulevard_house_for_sale-54556425-3083-1.html,Gujranwala,House,8.0,6.0,"Citi Housing Society, Gujranwala, Punjab"
Affordable Prime Location House Available For Sale In Citi Housing Society,1.7 Crore,17000000.0,5.0 Marla,5.0,https://www.zameen.com/Property/gujranwala_citi_housing_society_affordable_prime_location_house_available_for_sale_in_citi_housing_society-54563994-3083-1.html,Gujranwala,House,4.0,4.0,"Citi Housing Society, Gujranwala, Punjab"
"10 MARLA NEW BRAND DOUBLE STOREY HOUSE AVAILABLE FOR SALE, IN CITI HOUSING GUJRANWALA ON PRIME LOCATION.",5.5 Crore,55000000.0,10.0 Marla,10.0,https://www.zameen.com/Property/gujranwala_citi_housing_society_10_marla_new_brand_double_storey_house_available_for_sale_in_citi_housing_gujranwala_on_prime_location-54552209-3083-1.html,Gujranwala,House,6.0,7.0,"Citi Housing Society, Gujranwala, Punjab"
Prime Location Ideal House For sale In Wapda Town,2.25 Crore,22500000.0,5.0 Marla,5.0,https://www.zameen.com/Property/gujranwala_wapda_town_prime_location_ideal_house_for_sale_in_wapda_town-54669083-430-1.html,Gujranwala,House,4.0,4.0,"Wapda Town, Gujranwala, Punjab"
"Ideal Prime Location 10 Marla House Available In Wapda Town,",5.25 Crore,52500000.0,10.0 Marla,10.0,https://www.zameen.com/Property/gujranwala_wapda_town_ideal_prime_location_10_marla_house_available_in_wapda_town-54669084-430-1.html,Gujranwala,House,5.0,5.0,"Wapda Town, Gujranwala, Punjab"
Prime Location House For Sale In Canal View Housing Scheme Canal View Housing Scheme,4.1 Crore,41000000.0,10.0 Marla,10.0,https://www.zameen.com/Property/gujranwala_canal_view_housing_scheme_prime_location_house_for_sale_in_canal_view_housing_scheme_canal_view_housing_scheme-54669085-1126-1.html,Gujranwala,House,5.0,5.0,"Canal View Housing Scheme, Gujranwala, Punjab"
Reserve A Prime Location House Of 10 Marla Now In Citi Housing Society,4.0 Crore,40000000.0,10.0 Marla,10.0,https://www.zameen.com/Property/gujranwala_citi_housing_society_reserve_a_prime_location_house_of_10_marla_now_in_citi_housing_society-54669090-3083-1.html,Gujranwala,House,5.0,5.0,"Citi Housing Society, Gujranwala, Punjab"
End Your Search For On Excellent Location House Here And sale Now,9.0 Crore,90000000.0,1.0 Kanal,20.0,https://www.zameen.com/Property/gujranwala_canal_view_housing_scheme_end_your_search_for_on_excellent_location_house_here_and_sale_now-54669092-1126-1.html,Gujranwala,House,6.0,6.0,"Canal View Housing Scheme, Gujranwala, Punjab"
Luxury 10 Marla house available for sale on prime location in Citi housing Gujranwala,3.0 Crore,30000000.0,10.0 Marla,10.0,https://www.zameen.com/Property/gujranwala_citi_housing_society_luxury_10_marla_house_available_for_sale_on_prime_location_in_citi_housing_gujranwala-54608631-3083-1.html,Gujranwala,House,6.0,6.0,"Citi Housing Society, Gujranwala, Punjab"
10 Marla Luxury House Available For Sale In Citi Housing Gujranwala,4.6 Crore,46000000.0,10.0 Marla,10.0,https://www.zameen.com/Property/gujranwala_citi_housing_society_10_marla_luxury_house_available_for_sale_in_citi_housing_gujranwala-54592301-3083-1.html,Gujranwala,House,5.0,6.0,"Citi Housing Society, Gujranwala, Punjab"
5 Marla Beautiful House Available For Sale In Royal Palm City Gujranwala,2.0 Crore,20000000.0,5.0 Marla,5.0,https://www.zameen.com/Property/eminabad_more_royal_palm_city_5_marla_beautiful_house_available_for_sale_in_royal_palm_city_gujranwala-54592302-11297-1.html,Gujranwala,House,4.0,5.0,"Eminabad More, Gujranwala, Punjab"
5 Marla Brand New House For Sale Phase 2 Citi Housing Gujranwala,2.6 Crore,26000000.0,5.0 Marla,5.0,https://www.zameen.com/Property/gujranwala_citi_housing_society_5_marla_brand_new_house_for_sale_phase_2_citi_housing_gujranwala-54578905-3083-1.html,Gujranwala,House,4.0,4.0,"Citi Housing Society, Gujranwala, Punjab"
Corner 7.12 Marla Modern House Available For Sale,3.25 Crore,32500000.0,7.1 Marla,7.1,https://www.zameen.com/Property/citi_housing_phase_3_citi_housing_phase_3_-_block_ee_corner_7_12_marla_modern_house_available_for_sale-54516131-20424-1.html,Gujranwala,House,5.0,5.0,"Citi Housing Society, Gujranwala, Punjab"
5 Marla Beautiful House Available For Sale In Royal Palm City Gujranwala,2.1 Crore,21000000.0,5.0 Marla,5.0,https://www.zameen.com/Property/eminabad_more_royal_palm_city_5_marla_beautiful_house_available_for_sale_in_royal_palm_city_gujranwala-54585137-11297-1.html,Gujranwala,House,4.0,5.0,"Eminabad More, Gujranwala, Punjab"
10 Marla Beautiful House For Sale In Citi Housing Gujranwala,3.9 Crore,39000000.0,10.0 Marla,10.0,https://www.zameen.com/Property/gujranwala_citi_housing_society_10_marla_beautiful_house_for_sale_in_citi_housing_gujranwala-54580124-3083-1.html,Gujranwala,House,6.0,6.0,"Citi Housing Society, Gujranwala, Punjab"
Good Location 5 Marla House In Central Garden Town Phase 3 For Sale,2.1 Crore,21000000.0,5.0 Marla,5.0,https://www.zameen.com/Property/garden_town_garden_town_phase_3_good_location_5_marla_house_in_central_garden_town_phase_3_for_sale-54495317-20133-1.html,Gujranwala,House,3.0,4.0,"Garden Town, Gujranwala, Punjab"
House Smart Villa,1.75 Crore,17500000.0,6.0 Marla,6.0,https://www.zameen.com/Property/gujranwala_bypass_fazaia_housing_scheme_house_smart_villa-54649671-8476-1.html,Gujranwala,House,3.0,4.0,"Gujranwala Bypass, Gujranwala, Punjab"
5.5 Marla Designer Build Modern House For Sale,2.2 Crore,22000000.0,5.5 Marla,5.5,https://www.zameen.com/Property/gujranwala_citi_housing_society_5_5_marla_designer_build_modern_house_for_sale-54640306-3083-1.html,Gujranwala,House,4.0,5.0,"Citi Housing Society, Gujranwala, Punjab"
Corner House Of 10 Marla Is Available For Sale,4.25 Crore,42500000.0,10.0 Marla,10.0,https://www.zameen.com/Property/gujranwala_citi_housing_society_corner_house_of_10_marla_is_available_for_sale-54563198-3083-1.html,Gujranwala,House,5.0,5.0,"Citi Housing Society, Gujranwala, Punjab"
Highly-Coveted Prime Location 10 Marla House Is Available In Citi Housing Society For Sale,4.25 Crore,42500000.0,10.0 Marla,10.0,https://www.zameen.com/Property/gujranwala_citi_housing_society_highly-coveted_prime_location_10_marla_house_is_available_in_citi_housing_society_for_sale-54563205-3083-1.html,Gujranwala,House,5.0,5.0,"Citi Housing Society, Gujranwala, Punjab"
10 Mrla Brand New House for sale Citi Housing Gujranwala,3.8 Crore,38000000.0,10.0 Marla,10.0,https://www.zameen.com/Property/gujranwala_citi_housing_society_10_mrla_brand_new_house_for_sale_citi_housing_gujranwala-54192586-3083-1.html,Gujranwala,House,6.0,6.0,"Citi Housing Society, Gujranwala, Punjab"
On Excellent Location House Sized 10 Marla Available In DC Colony - Bolan Block,4.95 Crore,49500000.0,10.0 Marla,10.0,https://www.zameen.com/Property/dc_colony_dc_colony_-_bolan_block_on_excellent_location_house_sized_10_marla_available_in_dc_colony_-_bolan_block-54558213-10119-1.html,Gujranwala,House,5.0,5.0,"DC Colony, Gujranwala, Punjab"
Good Prime Location 10 Marla House For Sale In Royal Palm City,4.5 Crore,45000000.0,10.0 Marla,10.0,https://www.zameen.com/Property/eminabad_more_royal_palm_city_good_prime_location_10_marla_house_for_sale_in_royal_palm_city-54621580-11297-1.html,Gujranwala,House,5.0,5.0,"Eminabad More, Gujranwala, Punjab"
"10 MARLA NEW BRAND DOUBLE STORY HOUSE AVAILABLE FOR SALE, IN CITI HOUSING GUJRANWALA ON PRIME LOCATION.",3.8 Crore,38000000.0,10.0 Marla,10.0,https://www.zameen.com/Property/gujranwala_citi_housing_society_10_marla_new_brand_double_story_house_available_for_sale_in_citi_housing_gujranwala_on_prime_location-54655677-3083-1.html,Gujranwala,House,6.0,6.0,"Citi Housing Society, Gujranwala, Punjab"
"10 MARLA NEW BRAND DOUBLE STORY HOUSE AVAILABLE FOR SALE, IN CITI HOUSING GUJRANWALA ON PRIME LOCATION.",4.5 Crore,45000000.0,10.0 Marla,10.0,https://www.zameen.com/Property/gujranwala_citi_housing_society_10_marla_new_brand_double_story_house_available_for_sale_in_citi_housing_gujranwala_on_prime_location-54655637-3083-1.html,Gujranwala,House,6.0,6.0,"Citi Housing Society, Gujranwala, Punjab"
"10 MARLA NEW BRAND DOUBLE STORY HOUSE AVAILABLE FOR SALE, IN CITI HOUSING GUJRANWALA ON PRIME LOCATION.",3.9 Crore,39000000.0,10.0 Marla,10.0,https://www.zameen.com/Property/gujranwala_citi_housing_society_10_marla_new_brand_double_story_house_available_for_sale_in_citi_housing_gujranwala_on_prime_location-54660312-3083-1.html,Gujranwala,House,6.0,6.0,"Citi Housing Society, Gujranwala, Punjab"
This Is Your Chance To Buy Prime Location House In Citi Housing Society Citi Housing Society,8.5 Crore,85000000.0,1.0 Kanal,20.0,https://www.zameen.com/Property/gujranwala_citi_housing_society_this_is_your_chance_to_buy_prime_location_house_in_citi_housing_society_citi_housing_society-54527791-3083-1.html,Gujranwala,House,6.0,6.0,"Citi Housing Society, Gujranwala, Punjab"
Prime Location House Of 5 Marla In Citi Housing Society Is Available,2.5 Crore,25000000.0,5.0 Marla,5.0,https://www.zameen.com/Property/gujranwala_citi_housing_society_prime_location_house_of_5_marla_in_citi_housing_society_is_available-54527798-3083-1.html,Gujranwala,House,4.0,4.0,"Citi Housing Society, Gujranwala, Punjab"
5 Marla Luxury House Available For Sale In Citi Housing Gujranwala,2.35 Crore,23500000.0,5.0 Marla,5.0,https://www.zameen.com/Property/gujranwala_citi_housing_society_5_marla_luxury_house_available_for_sale_in_citi_housing_gujranwala-54612886-3083-1.html,Gujranwala,House,4.0,5.0,"Citi Housing Society, Gujranwala, Punjab"
5 Marla Ultra Modern House Tour | Double Height | 50 Ft Road Citi Housing Gujranwala,2.75 Crore,27500000.0,5.0 Marla,5.0,https://www.zameen.com/Property/gujranwala_citi_housing_society_5_marla_ultra_modern_house_tour_double_height_50_ft_road_citi_housing_gujranwala-54364004-3083-1.html,Gujranwala,House,4.0,5.0,"Citi Housing Society, Gujranwala, Punjab"
5 Marla Beautiful Spanish Semi Furnished House | Royal Palm City Gujranwala,2.2 Crore,22000000.0,5.0 Marla,5.0,https://www.zameen.com/Property/royal_palm_city_royal_palm_city_-_block_g_5_marla_beautiful_spanish_semi_furnished_house_royal_palm_city_gujranwala-54518558-17216-1.html,Gujranwala,House,4.0,4.0,"Eminabad More, Gujranwala, Punjab"
5 Marla Slightly Used House For Sale | Citi Housing Gujranwala,2.2 Crore,22000000.0,5.3 Marla,5.3,https://www.zameen.com/Property/gujranwala_citi_housing_society_5_marla_slightly_used_house_for_sale_citi_housing_gujranwala-54650613-3083-1.html,Gujranwala,House,4.0,5.0,"Citi Housing Society, Gujranwala, Punjab"
10 Marla Slightly Used Park Facing House For Sale | Citi Housing Gujranwala,3.25 Crore,32500000.0,10.0 Marla,10.0,https://www.zameen.com/Property/gujranwala_citi_housing_society_10_marla_slightly_used_park_facing_house_for_sale_citi_housing_gujranwala-54682892-3083-1.html,Gujranwala,House,6.0,7.0,"Citi Housing Society, Gujranwala, Punjab"
A Prime Location 10 Marla House Located In Citi Housing Society Is Available For sale,4.5 Crore,45000000.0,10.0 Marla,10.0,https://www.zameen.com/Property/gujranwala_citi_housing_society_a_prime_location_10_marla_house_located_in_citi_housing_society_is_available_for_sale-54472795-3083-1.html,Gujranwala,House,5.0,5.0,"Citi Housing Society, Gujranwala, Punjab"
In Citi Housing Society You Can Find The Perfect On Excellent Location House For sale,4.5 Crore,45000000.0,10.0 Marla,10.0,https://www.zameen.com/Property/gujranwala_citi_housing_society_in_citi_housing_society_you_can_find_the_perfect_on_excellent_location_house_for_sale-54586530-3083-1.html,Gujranwala,House,5.0,5.0,"Citi Housing Society, Gujranwala, Punjab"
Prime Location 10 Marla House Is Available In Affordable Price In Royal Palm City,4.5 Crore,45000000.0,10.0 Marla,10.0,https://www.zameen.com/Property/eminabad_more_royal_palm_city_prime_location_10_marla_house_is_available_in_affordable_price_in_royal_palm_city-54621592-11297-1.html,Gujranwala,House,5.0,5.0,"Eminabad More, Gujranwala, Punjab"
10 Marla Brand New House For Sale In DC Colony Gujranwala,3.75 Crore,37500000.0,10.0 Marla,10.0,https://www.zameen.com/Property/dc_colony_dc_colony_-_mehran_block_10_marla_brand_new_house_for_sale_in_dc_colony_gujranwala-54382787-10116-1.html,Gujranwala,House,6.0,6.0,"DC Colony, Gujranwala, Punjab"
On Excellent Location 5 Marla House For Grabs In Citi Housing Society,2.6 Crore,26000000.0,5.0 Marla,5.0,https://www.zameen.com/Property/citi_housing_society_citi_housing_-_phase_2_on_excellent_location_5_marla_house_for_grabs_in_citi_housing_society-54622017-3085-1.html,Gujranwala,House,4.0,4.0,"Citi Housing Society, Gujranwala, Punjab"
Luxury 5 Marla house available for sale in Citi housing Gujranwala,2.3 Crore,23000000.0,5.0 Marla,5.0,https://www.zameen.com/Property/gujranwala_citi_housing_society_luxury_5_marla_house_available_for_sale_in_citi_housing_gujranwala-54687053-3083-1.html,Gujranwala,House,4.0,5.0,"Citi Housing Society, Gujranwala, Punjab"
Get In Touch Now To Buy A Prime Location 5 Marla House In Citi Housing Society,2.2 Crore,22000000.0,5.0 Marla,5.0,https://www.zameen.com/Property/gujranwala_citi_housing_society_get_in_touch_now_to_buy_a_prime_location_5_marla_house_in_citi_housing_society-54650894-3083-1.html,Gujranwala,House,4.0,4.0,"Citi Housing Society, Gujranwala, Punjab"
Most Beautiful 5 Marla Modern Classic House Tour | Citi Housing Gujranwala,2.4 Crore,24000000.0,5.0 Marla,5.0,https://www.zameen.com/Property/citi_housing_society_citi_housing_-_phase_1_most_beautiful_5_marla_modern_classic_house_tour_citi_housing_gujranwala-54518150-3084-1.html,Gujranwala,House,4.0,5.0,"Citi Housing Society, Gujranwala, Punjab"
"A Beautiful 5.5 Marla House Available For Sale On 50 Ft Road Near Park, Mosque In Citi Housing Gujranwala",2.6 Crore,26000000.0,5.5 Marla,5.5,https://www.zameen.com/Property/gujranwala_citi_housing_society_a_beautiful_5_5_marla_house_available_for_sale_on_50_ft_road_near_park_mosque_in_citi_housing_gujranwala-54622638-3083-1.html,Gujranwala,House,4.0,5.0,"Citi Housing Society, Gujranwala, Punjab"
Get In Touch Now To Buy A On Excellent Location 5 Marla House In Citi Housing Society,1.9 Crore,19000000.0,5.0 Marla,5.0,https://www.zameen.com/Property/gujranwala_citi_housing_society_get_in_touch_now_to_buy_a_on_excellent_location_5_marla_house_in_citi_housing_society-54537613-3083-1.html,Gujranwala,House,4.0,4.0,"Citi Housing Society, Gujranwala, Punjab"
Luxury 10 Marla Double Storey House For Sale In DHA Gujranwala Sector C-5,3.95 Crore,39500000.0,10.0 Marla,10.0,https://www.zameen.com/Property/dha_defence_dha_sector_c_luxury_10_marla_double_storey_house_for_sale_in_dha_gujranwala_sector_c-5-54632430-18428-1.html,Gujranwala,House,6.0,5.0,"DHA Defence, Gujranwala, Punjab"
Reserve A Main Double Road House Of 2 Kanal And 2 Kanal Lawn Facing Park Now In Citi Housing Society,32.0 Crore,320000000.0,4.0 Kanal,80.0,https://www.zameen.com/Property/gujranwala_citi_housing_society_reserve_a_main_double_road_house_of_2_kanal_and_2_kanal_lawn_facing_park_now_in_citi_housing_society-54592881-3083-1.html,Gujranwala,House,10.0,6.0,"Citi Housing Society, Gujranwala, Punjab"
A Good Location Brand New House Of 10 Marla In Gujranwala,3.2 Crore,32000000.0,10.0 Marla,10.0,https://www.zameen.com/Property/dha_sector_a_dha_sector_a_-_rachna_villas_a_good_location_brand_new_house_of_10_marla_in_gujranwala-52343964-21898-1.html,Gujranwala,House,6.0,6.0,"DHA Defence, Gujranwala, Punjab"
5 MARLA VILLA FOR SALE,1.55 Crore,15500000.0,5.0 Marla,5.0,https://www.zameen.com/Property/dha_sector_a_dha_sector_a_-_rachna_villas_5_marla_villa_for_sale-54688420-21898-1.html,Gujranwala,House,3.0,,"DHA Defence, Gujranwala, Punjab"
Good Location sale A House In Gujranwala Prime Location,1.6 Crore,16000000.0,5.0 Marla,5.0,https://www.zameen.com/Property/dha_sector_a_dha_sector_a_-_rachna_villas_good_location_sale_a_house_in_gujranwala_prime_location-54535297-21898-1.html,Gujranwala,House,3.0,4.0,"DHA Defence, Gujranwala, Punjab"
A On Excellent Location 10 Marla House Has Landed On Market In Citi Housing Society Of Citi Housing Society,4.3 Crore,43000000.0,10.0 Marla,10.0,https://www.zameen.com/Property/gujranwala_citi_housing_society_a_on_excellent_location_10_marla_house_has_landed_on_market_in_citi_housing_society_of_citi_housing_society-54350805-3083-1.html,Gujranwala,House,5.0,5.0,"Citi Housing Society, Gujranwala, Punjab"
A Great Choice For A On Excellent Location 5 Marla House Available In Citi Housing Society,1.7 Crore,17000000.0,5.0 Marla,5.0,https://www.zameen.com/Property/gujranwala_citi_housing_society_a_great_choice_for_a_on_excellent_location_5_marla_house_available_in_citi_housing_society-54430526-3083-1.html,Gujranwala,House,4.0,4.0,"Citi Housing Society, Gujranwala, Punjab"
Prime Location House Of 5 Marla For Sale In Royal Palm City,2.2 Crore,22000000.0,5.0 Marla,5.0,https://www.zameen.com/Property/eminabad_more_royal_palm_city_prime_location_house_of_5_marla_for_sale_in_royal_palm_city-54430560-11297-1.html,Gujranwala,House,4.0,4.0,"Eminabad More, Gujranwala, Punjab"
5 Marla House Available For Sale In Sector C-5 DHA Gujranwala Near Mosque & Park,1.8 Crore,18000000.0,5.0 Marla,5.0,https://www.zameen.com/Property/dha_defence_dha_sector_c_5_marla_house_available_for_sale_in_sector_c-5_dha_gujranwala_near_mosque_park-54169932-18428-1.html,Gujranwala,House,3.0,3.0,"DHA Defence, Gujranwala, Punjab"
"21 Marla Brand New House On Main Boulevard Kabul Block, DC Colony Gujranwala.",9.5 Crore,95000000.0,1.0 Kanal,20.0,https://www.zameen.com/Property/dc_colony_dc_colony_-_kabul_block_21_marla_brand_new_house_on_main_boulevard_kabul_block_dc_colony_gujranwala-53010277-12085-1.html,Gujranwala,House,7.0,7.0,"DC Colony, Gujranwala, Punjab"
Buying A Prime Location House In Citi Housing Society?,4.25 Crore,42500000.0,10.0 Marla,10.0,https://www.zameen.com/Property/gujranwala_citi_housing_society_buying_a_prime_location_house_in_citi_housing_society-54655256-3083-1.html,Gujranwala,House,5.0,5.0,"Citi Housing Society, Gujranwala, Punjab"
5 Marla Luxury House Available For Sale In Royal Palm City Gujranwala,2.25 Crore,22500000.0,5.0 Marla,5.0,https://www.zameen.com/Property/eminabad_more_royal_palm_city_5_marla_luxury_house_available_for_sale_in_royal_palm_city_gujranwala-54585138-11297-1.html,Gujranwala,House,4.0,5.0,"Eminabad More, Gujranwala, Punjab"
5.5 Marla Ultra Modern House Available For Sale In Citi Housing Gujranwala,2.5 Crore,25000000.0,5.5 Marla,5.5,https://www.zameen.com/Property/gujranwala_citi_housing_society_5_5_marla_ultra_modern_house_available_for_sale_in_citi_housing_gujranwala-54580133-3083-1.html,Gujranwala,House,4.0,5.0,"Citi Housing Society, Gujranwala, Punjab"
Luxury 5 Marla House Available For Sale In Citi Housing Gujranwala On Your Ideal Location,2.5 Crore,25000000.0,5.0 Marla,5.0,https://www.zameen.com/Property/gujranwala_citi_housing_society_luxury_5_marla_house_available_for_sale_in_citi_housing_gujranwala_on_your_ideal_location-54665457-3083-1.html,Gujranwala,House,4.0,5.0,"Citi Housing Society, Gujranwala, Punjab"
Beautifully design 5 Marla house available for sale in Citi housing Gujranwala,2.6 Crore,26000000.0,5.0 Marla,5.0,https://www.zameen.com/Property/gujranwala_citi_housing_society_beautifully_design_5_marla_house_available_for_sale_in_citi_housing_gujranwala-54675458-3083-1.html,Gujranwala,House,4.0,5.0,"Citi Housing Society, Gujranwala, Punjab"
"Reasonably-Priced Prime Location 5 Marla House In Citi Housing Society, Citi Housing Society Is Available As Of Now",2.6 Crore,26000000.0,5.0 Marla,5.0,https://www.zameen.com/Property/gujranwala_citi_housing_society_reasonably-priced_prime_location_5_marla_house_in_citi_housing_society_citi_housing_society_is_available_as_of_now-54621751-3083-1.html,Gujranwala,House,4.0,4.0,"Citi Housing Society, Gujranwala, Punjab"
Centrally Located Prime Location House In Citi Housing Society Is Available For sale,4.5 Crore,45000000.0,10.0 Marla,10.0,https://www.zameen.com/Property/gujranwala_citi_housing_society_centrally_located_prime_location_house_in_citi_housing_society_is_available_for_sale-54578911-3083-1.html,Gujranwala,House,5.0,5.0,"Citi Housing Society, Gujranwala, Punjab"
Facing Park House For sale Is Readily Available In Prime Location Of Citi Housing Society,5.5 Crore,55000000.0,10.0 Marla,10.0,https://www.zameen.com/Property/gujranwala_citi_housing_society_facing_park_house_for_sale_is_readily_available_in_prime_location_of_citi_housing_society-54578912-3083-1.html,Gujranwala,House,5.0,5.0,"Citi Housing Society, Gujranwala, Punjab"
Your Ideal Good Location 5 Marla House Has Just Become Available In DHA Sector A - Rachna Villas,1.6 Crore,16000000.0,5.0 Marla,5.0,https://www.zameen.com/Property/dha_sector_a_dha_sector_a_-_rachna_villas_your_ideal_good_location_5_marla_house_has_just_become_available_in_dha_sector_a_-_rachna_villas-54604196-21898-1.html,Gujranwala,House,3.0,4.0,"DHA Defence, Gujranwala, Punjab"
Want To Buy A On Excellent Location House In Citi Housing Society?,2.5 Crore,25000000.0,5.0 Marla,5.0,https://www.zameen.com/Property/gujranwala_citi_housing_society_want_to_buy_a_on_excellent_location_house_in_citi_housing_society-54632635-3083-1.html,Gujranwala,House,4.0,4.0,"Citi Housing Society, Gujranwala, Punjab"
This Is Your Chance To Buy Facing Park House In Citi Housing Society,4.5 Crore,45000000.0,10.0 Marla,10.0,https://www.zameen.com/Property/gujranwala_citi_housing_society_this_is_your_chance_to_buy_facing_park_house_in_citi_housing_society-54632647-3083-1.html,Gujranwala,House,5.0,5.0,"Citi Housing Society, Gujranwala, Punjab"
Beautiful 5.5 Marla Modern Double Height House For Sale,2.6 Crore,26000000.0,5.6 Marla,5.6,https://www.zameen.com/Property/gujranwala_citi_housing_society_beautiful_5_5_marla_modern_double_height_house_for_sale-54546577-3083-1.html,Gujranwala,House,4.0,4.0,"Citi Housing Society, Gujranwala, Punjab"
10 Marla Ultra Modern House available for sale in Wafi Citi  citi Housing Gujranwala,4.5 Crore,45000000.0,10.0 Marla,10.0,https://www.zameen.com/Property/gujranwala_citi_housing_society_10_marla_ultra_modern_house_available_for_sale_in_wafi_citi_citi_housing_gujranwala-54680385-3083-1.html,Gujranwala,House,6.0,6.0,"Citi Housing Society, Gujranwala, Punjab"
Good Location House In DHA Sector A - Rachna Villas Sized 5 Marla Is Available,1.55 Crore,15500000.0,5.0 Marla,5.0,https://www.zameen.com/Property/dha_sector_a_dha_sector_a_-_rachna_villas_good_location_house_in_dha_sector_a_-_rachna_villas_sized_5_marla_is_available-52351992-21898-1.html,Gujranwala,House,3.0,3.0,"DHA Defence, Gujranwala, Punjab"
One Of The Best Modern House Double Height Windo Phase 1 Block CC,2.75 Crore,27500000.0,5.0 Marla,5.0,https://www.zameen.com/Property/citi_housing_phase_1_citi_housing_phase_1_-_block_cc_one_of_the_best_modern_house_double_height_windo_phase_1_block_cc-54376468-20422-1.html,Gujranwala,House,4.0,5.0,"Citi Housing Society, Gujranwala, Punjab"
10 Marla Modern House For Sale,5.0 Crore,50000000.0,10.0 Marla,10.0,https://www.zameen.com/Property/gujranwala_citi_housing_society_10_marla_modern_house_for_sale-54381686-3083-1.html,Gujranwala,House,5.0,5.0,"Citi Housing Society, Gujranwala, Punjab"
Highly-Desirable Prime Location House Available In Citi Housing Society For Sale,5.0 Crore,50000000.0,10.0 Marla,10.0,https://www.zameen.com/Property/gujranwala_citi_housing_society_highly-desirable_prime_location_house_available_in_citi_housing_society_for_sale-54643612-3083-1.html,Gujranwala,House,5.0,5.0,"Citi Housing Society, Gujranwala, Punjab"
10 Marla Used House Available For Sale Citi Housing Gujranwala,3.0 Crore,30000000.0,10.0 Marla,10.0,https://www.zameen.com/Property/gujranwala_citi_housing_society_10_marla_used_house_available_for_sale_citi_housing_gujranwala-54664027-3083-1.html,Gujranwala,House,5.0,5.0,"Citi Housing Society, Gujranwala, Punjab"
Affordable Prime Location House Of 5 Marla Is Available For sale,2.25 Crore,22500000.0,5.0 Marla,5.0,https://www.zameen.com/Property/dha_sector_c_dha_sector_c_-_block_5_affordable_prime_location_house_of_5_marla_is_available_for_sale-54213634-18466-1.html,Gujranwala,House,4.0,4.0,"DHA Defence, Gujranwala, Punjab"
Affordable Prime Location House For Sale In DHA Sector C - Block 4,2.25 Crore,22500000.0,5.0 Marla,5.0,https://www.zameen.com/Property/dha_sector_c_dha_sector_c_-_block_4_affordable_prime_location_house_for_sale_in_dha_sector_c_-_block_4-54385492-18465-1.html,Gujranwala,House,4.0,4.0,"DHA Defence, Gujranwala, Punjab"
"5 Marla Beautiful House in Sawan Block, DC Colony Gujranwala",2.25 Crore,22500000.0,5.0 Marla,5.0,https://www.zameen.com/Property/dc_colony_dc_colony_-_sawan_block_5_marla_beautiful_house_in_sawan_block_dc_colony_gujranwala-54103399-10120-1.html,Gujranwala,House,3.0,4.0,"DC Colony, Gujranwala, Punjab"
"10 Marla Corner House In Mehran Block, DC Colony Gujranwala.",4.95 Crore,49500000.0,10.0 Marla,10.0,https://www.zameen.com/Property/dc_colony_dc_colony_-_mehran_block_10_marla_corner_house_in_mehran_block_dc_colony_gujranwala-54555771-10116-1.html,Gujranwala,House,5.0,6.0,"DC Colony, Gujranwala, Punjab"
"1 Kanal Beautiful House in Neelam Block, DC Colony Gujranwala.",6.0 Crore,60000000.0,1.0 Kanal,20.0,https://www.zameen.com/Property/dc_colony_dc_colony_-_neelam_block_1_kanal_beautiful_house_in_neelam_block_dc_colony_gujranwala-54606434-10117-1.html,Gujranwala,House,6.0,6.0,"DC Colony, Gujranwala, Punjab"
Facing Park 10 Marla House For Sale In Citi Housing Society Citi Housing Society In Only Rs. 48000000,4.8 Crore,48000000.0,10.0 Marla,10.0,https://www.zameen.com/Property/gujranwala_citi_housing_society_facing_park_10_marla_house_for_sale_in_citi_housing_society_citi_housing_society_in_only_rs_48000000-54669105-3083-1.html,Gujranwala,House,5.0,5.0,"Citi Housing Society, Gujranwala, Punjab"
Beautifully Constructed Prime Location House Is Available For sale In Wapda Town,3.0 Crore,30000000.0,10.0 Marla,10.0,https://www.zameen.com/Property/gujranwala_wapda_town_beautifully_constructed_prime_location_house_is_available_for_sale_in_wapda_town-54669093-430-1.html,Gujranwala,House,5.0,5.0,"Wapda Town, Gujranwala, Punjab"
Centrally Located Prime Location House Available In Citi Housing Society For sale,2.6 Crore,26000000.0,5.0 Marla,5.0,https://www.zameen.com/Property/gujranwala_citi_housing_society_centrally_located_prime_location_house_available_in_citi_housing_society_for_sale-54578914-3083-1.html,Gujranwala,House,4.0,4.0,"Citi Housing Society, Gujranwala, Punjab"
Stunning Prime Location 10 Marla House In Citi Housing Society Available,4.25 Crore,42500000.0,10.0 Marla,10.0,https://www.zameen.com/Property/gujranwala_citi_housing_society_stunning_prime_location_10_marla_house_in_citi_housing_society_available-54578915-3083-1.html,Gujranwala,House,5.0,5.0,"Citi Housing Society, Gujranwala, Punjab"
Prime Location House Of 5 Marla Available For Sale In Citi Housing Society,1.65 Crore,16500000.0,5.0 Marla,5.0,https://www.zameen.com/Property/gujranwala_citi_housing_society_prime_location_house_of_5_marla_available_for_sale_in_citi_housing_society-54689414-3083-1.html,Gujranwala,House,4.0,4.0,"Citi Housing Society, Gujranwala, Punjab"
Fair-Priced Prime Location 10 Marla House Available In Citi Housing Society,5.1 Crore,51000000.0,10.0 Marla,10.0,https://www.zameen.com/Property/gujranwala_citi_housing_society_fair-priced_prime_location_10_marla_house_available_in_citi_housing_society-54689410-3083-1.html,Gujranwala,House,5.0,5.0,"Citi Housing Society, Gujranwala, Punjab"
Facing Park House For sale In Beautiful Citi Housing Society,4.8 Crore,48000000.0,10.0 Marla,10.0,https://www.zameen.com/Property/gujranwala_citi_housing_society_facing_park_house_for_sale_in_beautiful_citi_housing_society-54689415-3083-1.html,Gujranwala,House,5.0,5.0,"Citi Housing Society, Gujranwala, Punjab"
Book A Prime Location House Of 5 Marla In Citi Housing Society Citi Housing Society,2.2 Crore,22000000.0,5.0 Marla,5.0,https://www.zameen.com/Property/gujranwala_citi_housing_society_book_a_prime_location_house_of_5_marla_in_citi_housing_society_citi_housing_society-54689412-3083-1.html,Gujranwala,House,4.0,4.0,"Citi Housing Society, Gujranwala, Punjab"
"5 Marla Slightly Used Corner House For Sale in DD Block, Citi Housing Gujranwala",1.95 Crore,19500000.0,5.0 Marla,5.0,https://www.zameen.com/Property/gujranwala_citi_housing_society_5_marla_slightly_used_corner_house_for_sale_in_dd_block_citi_housing_gujranwala-54682856-3083-1.html,Gujranwala,House,4.0,4.0,"Citi Housing Society, Gujranwala, Punjab"
Spacious Good Location House Is Available In Citi Housing Society For Sale,5.0 Crore,50000000.0,10.0 Marla,10.0,https://www.zameen.com/Property/gujranwala_citi_housing_society_spacious_good_location_house_is_available_in_citi_housing_society_for_sale-54430545-3083-1.html,Gujranwala,House,5.0,5.0,"Citi Housing Society, Gujranwala, Punjab"
Prime Location House Is Available For sale In Citi Housing Society,2.35 Crore,23500000.0,5.0 Marla,5.0,https://www.zameen.com/Property/gujranwala_citi_housing_society_prime_location_house_is_available_for_sale_in_citi_housing_society-54528039-3083-1.html,Gujranwala,House,4.0,4.0,"Citi Housing Society, Gujranwala, Punjab"
Affordable Prime Location House Available For Sale In Citi Housing Society,4.0 Crore,40000000.0,10.0 Marla,10.0,https://www.zameen.com/Property/gujranwala_citi_housing_society_affordable_prime_location_house_available_for_sale_in_citi_housing_society-54515419-3083-1.html,Gujranwala,House,5.0,5.0,"Citi Housing Society, Gujranwala, Punjab"
1 Kanal Spanish Style House For Sale,8.85 Crore,88500000.0,1.0 Kanal,20.0,https://www.zameen.com/Property/gujranwala_dc_colony_1_kanal_spanish_style_house_for_sale-49697463-1227-1.html,Gujranwala,House,6.0,6.0,"DC Colony, Gujranwala, Punjab"
Ultra Modern 5 Marla Brand New House Available For Sale Citi Housing Gujranwala,1.85 Crore,18500000.0,5.0 Marla,5.0,https://www.zameen.com/Property/gujranwala_citi_housing_society_ultra_modern_5_marla_brand_new_house_available_for_sale_citi_housing_gujranwala-54045438-3083-1.html,Gujranwala,House,4.0,4.0,"Citi Housing Society, Gujranwala, Punjab"
Luxury 5 Marla House Available For Sale In Citi Housing Gujranwala,1.9 Crore,19000000.0,5.0 Marla,5.0,https://www.zameen.com/Property/gujranwala_citi_housing_society_luxury_5_marla_house_available_for_sale_in_citi_housing_gujranwala-54659197-3083-1.html,Gujranwala,House,4.0,5.0,"Citi Housing Society, Gujranwala, Punjab"
"Beautiful 10 Marla Home For Sale In Sector C, DHA Gujranwala",4.5 Crore,45000000.0,10.0 Marla,10.0,https://www.zameen.com/Property/gujranwala_dha_defence_beautiful_10_marla_home_for_sale_in_sector_c_dha_gujranwala-54632616-5121-1.html,Gujranwala,House,6.0,5.0,"DHA Defence, Gujranwala, Punjab"
Beautiful And Brand New House For Sale,4.5 Crore,45000000.0,10.0 Marla,10.0,https://www.zameen.com/Property/dha_defence_dha_sector_g_beautiful_and_brand_new_house_for_sale-54465185-18426-1.html,Gujranwala,House,,,"DHA Defence, Gujranwala, Punjab"
Prime Location In DHA Defence 10 Marla House For Sale,3.15 Crore,31500000.0,10.0 Marla,10.0,https://www.zameen.com/Property/gujranwala_dha_defence_prime_location_in_dha_defence_10_marla_house_for_sale-52856116-5121-1.html,Gujranwala,House,4.0,3.0,"DHA Defence, Gujranwala, Punjab"
Prime Location House Sized 5 Marla Available In DHA Defence,1.6 Crore,16000000.0,5.0 Marla,5.0,https://www.zameen.com/Property/gujranwala_dha_defence_prime_location_house_sized_5_marla_available_in_dha_defence-52856112-5121-1.html,Gujranwala,House,3.0,2.0,"DHA Defence, Gujranwala, Punjab"
On Excellent Location House For sale In Citi Housing Society Citi Housing Society,4.25 Crore,42500000.0,10.0 Marla,10.0,https://www.zameen.com/Property/gujranwala_citi_housing_society_on_excellent_location_house_for_sale_in_citi_housing_society_citi_housing_society-54656322-3083-1.html,Gujranwala,House,5.0,5.0,"Citi Housing Society, Gujranwala, Punjab"
Good Location 5 6 Marla House For sale In DHA Sector A - Rachna Villas,2.05 Crore,20500000.0,6.0 Marla,6.0,https://www.zameen.com/Property/dha_sector_a_dha_sector_a_-_rachna_villas_good_location_5_6_marla_house_for_sale_in_dha_sector_a_-_rachna_villas-52343962-21898-1.html,Gujranwala,House,4.0,4.0,"DHA Defence, Gujranwala, Punjab"
Prime Location DHA Defence House For sale Sized 10 Marla,3.25 Crore,32500000.0,10.0 Marla,10.0,https://www.zameen.com/Property/gujranwala_dha_defence_prime_location_dha_defence_house_for_sale_sized_10_marla-51267402-5121-1.html,Gujranwala,House,5.0,6.0,"DHA Defence, Gujranwala, Punjab"
A Spacious Prime Location 10 Marla House In Garden Town,4.3 Crore,43000000.0,10.0 Marla,10.0,https://www.zameen.com/Property/gujranwala_garden_town_a_spacious_prime_location_10_marla_house_in_garden_town-54669091-1056-1.html,Gujranwala,House,5.0,5.0,"Garden Town, Gujranwala, Punjab"
Prime Location In Citi Housing Society House Sized 5 Marla For Sale,2.15 Crore,21500000.0,5.0 Marla,5.0,https://www.zameen.com/Property/gujranwala_citi_housing_society_prime_location_in_citi_housing_society_house_sized_5_marla_for_sale-54669089-3083-1.html,Gujranwala,House,4.0,4.0,"Citi Housing Society, Gujranwala, Punjab"
Prime Location Citi Housing Society House For Sale Sized 5 Marla,2.15 Crore,21500000.0,5.0 Marla,5.0,https://www.zameen.com/Property/gujranwala_citi_housing_society_prime_location_citi_housing_society_house_for_sale_sized_5_marla-54669088-3083-1.html,Gujranwala,House,4.0,4.0,"Citi Housing Society, Gujranwala, Punjab"
Prime Location 10 Marla House For Sale Available In Canal View Housing Scheme,3.3 Crore,33000000.0,10.0 Marla,10.0,https://www.zameen.com/Property/gujranwala_canal_view_housing_scheme_prime_location_10_marla_house_for_sale_available_in_canal_view_housing_scheme-54669086-1126-1.html,Gujranwala,House,5.0,5.0,"Canal View Housing Scheme, Gujranwala, Punjab"
"16 Marla Brand New House For Sale In Chenab Block, DC Colony Gujranwala.",7.25 Crore,72500000.0,16.0 Marla,16.0,https://www.zameen.com/Property/dc_colony_dc_colony_-_chenab_block_16_marla_brand_new_house_for_sale_in_chenab_block_dc_colony_gujranwala-53920601-10121-1.html,Gujranwala,House,5.0,6.0,"DC Colony, Gujranwala, Punjab"
Prime Location 10 Marla House In Beautiful Location Of Citi Housing Society In Citi Housing Society,3.8 Crore,38000000.0,10.0 Marla,10.0,https://www.zameen.com/Property/gujranwala_citi_housing_society_prime_location_10_marla_house_in_beautiful_location_of_citi_housing_society_in_citi_housing_society-54563990-3083-1.html,Gujranwala,House,5.0,5.0,"Citi Housing Society, Gujranwala, Punjab"
Good Good Location 10 Marla House For sale In Citi Housing Society,4.25 Crore,42500000.0,10.0 Marla,10.0,https://www.zameen.com/Property/gujranwala_citi_housing_society_good_good_location_10_marla_house_for_sale_in_citi_housing_society-54657256-3083-1.html,Gujranwala,House,5.0,5.0,"Citi Housing Society, Gujranwala, Punjab"
10 Marla Brand New House For Sale,4.25 Crore,42500000.0,10.0 Marla,10.0,https://www.zameen.com/Property/dha_defence_dha_sector_g_10_marla_brand_new_house_for_sale-54688487-18426-1.html,Gujranwala,House,5.0,6.0,"DHA Defence, Gujranwala, Punjab"
10 MARLA NEW BRAND DOUBLE STOREY HOUSE AVAILABLE FOR SALE IN CITI HOUSING GUJRANWALA ON PRIME LOCATION,4.6 Crore,46000000.0,10.0 Marla,10.0,https://www.zameen.com/Property/gujranwala_citi_housing_society_10_marla_new_brand_double_storey_house_available_for_sale_in_citi_housing_gujranwala_on_prime_location-54552204-3083-1.html,Gujranwala,House,6.0,6.0,"Citi Housing Society, Gujranwala, Punjab"
Affordable House For Sale In Citi Housing Society,4.8 Crore,48000000.0,10.0 Marla,10.0,https://www.zameen.com/Property/gujranwala_citi_housing_society_affordable_house_for_sale_in_citi_housing_society-54545448-3083-1.html,Gujranwala,House,6.0,6.0,"Citi Housing Society, Gujranwala, Punjab"
"10 MARLA SLIGHTLY USED DOUBLE STORY HOUSE AVAILABLE FOR SALE, IN CITI HOUSING GUJRANWALA ON PRIME LOCATION.",4.5 Crore,45000000.0,10.0 Marla,10.0,https://www.zameen.com/Property/gujranwala_citi_housing_society_10_marla_slightly_used_double_story_house_available_for_sale_in_citi_housing_gujranwala_on_prime_location-54549488-3083-1.html,Gujranwala,House,6.0,6.0,"Citi Housing Society, Gujranwala, Punjab"
BRAND NEW HOUSE AVAILABLE FOR SALE (AT REASONABLE PRICE) IN CITI HOUSING GUJRANWALA,2.7 Crore,27000000.0,6.0 Marla,6.0,https://www.zameen.com/Property/gujranwala_citi_housing_society_brand_new_house_available_for_sale_at_reasonable_price_in_citi_housing_gujranwala-54543398-3083-1.html,Gujranwala,House,5.0,6.0,"Citi Housing Society, Gujranwala, Punjab"
5 Marla Brand New House For Sale,2.15 Crore,21500000.0,5.0 Marla,5.0,https://www.zameen.com/Property/dha_defence_dha_sector_c_5_marla_brand_new_house_for_sale-54688426-18428-1.html,Gujranwala,House,3.0,4.0,"DHA Defence, Gujranwala, Punjab"
10.75 Marla Beautiful Corner House For Sale,4.25 Crore,42500000.0,10.0 Marla,10.0,https://www.zameen.com/Property/gujranwala_citi_housing_society_10_75_marla_beautiful_corner_house_for_sale-54601419-3083-1.html,Gujranwala,House,5.0,5.0,"Citi Housing Society, Gujranwala, Punjab"
Citi Housing Gujranwala Phase 2 Block D 10 Marla Classic Double Height House for sale,5.0 Crore,50000000.0,10.0 Marla,10.0,https://www.zameen.com/Property/gujranwala_citi_housing_society_citi_housing_gujranwala_phase_2_block_d_10_marla_classic_double_height_house_for_sale-54391348-3083-1.html,Gujranwala,House,6.0,7.0,"Citi Housing Society, Gujranwala, Punjab"
On Excellent Location House In Citi Housing Society Sized 5 Marla Is Available,2.2 Crore,22000000.0,5.0 Marla,5.0,https://www.zameen.com/Property/gujranwala_citi_housing_society_on_excellent_location_house_in_citi_housing_society_sized_5_marla_is_available-54643360-3083-1.html,Gujranwala,House,4.0,4.0,"Citi Housing Society, Gujranwala, Punjab"
Own A Prime Location House In 1 Kanal Gujranwala,6.5 Crore,65000000.0,1.0 Kanal,20.0,https://www.zameen.com/Property/dha_sector_c_dha_sector_c_-_block_3_own_a_prime_location_house_in_1_kanal_gujranwala-54245805-18464-1.html,Gujranwala,House,6.0,6.0,"DHA Defence, Gujranwala, Punjab"
Best Options For Prime Location House Is Available For Sale In DHA Defence,1.7 Crore,17000000.0,5.0 Marla,5.0,https://www.zameen.com/Property/gujranwala_dha_defence_best_options_for_prime_location_house_is_available_for_sale_in_dha_defence-54305600-5121-1.html,Gujranwala,House,3.0,4.0,"DHA Defence, Gujranwala, Punjab"
This Is Your Chance To Buy Prime Location House In DHA Defence,2.35 Crore,23500000.0,5.0 Marla,5.0,https://www.zameen.com/Property/gujranwala_dha_defence_this_is_your_chance_to_buy_prime_location_house_in_dha_defence-54468479-5121-1.html,Gujranwala,House,4.0,4.0,"DHA Defence, Gujranwala, Punjab"
Prime Location House Is Available For Sale In DHA Defence,4.2 Crore,42000000.0,10.0 Marla,10.0,https://www.zameen.com/Property/gujranwala_dha_defence_prime_location_house_is_available_for_sale_in_dha_defence-54468480-5121-1.html,Gujranwala,House,5.0,5.0,"DHA Defence, Gujranwala, Punjab"
Get In Touch Now To Buy A Prime Location House In Citi Housing Society,3.89 Crore,38900000.0,10.0 Marla,10.0,https://www.zameen.com/Property/gujranwala_citi_housing_society_get_in_touch_now_to_buy_a_prime_location_house_in_citi_housing_society-54597320-3083-1.html,Gujranwala,House,5.0,5.0,"Citi Housing Society, Gujranwala, Punjab"
Corner 14 Marla House For sale In Rs. 67000000 Only,6.7 Crore,67000000.0,14.0 Marla,14.0,https://www.zameen.com/Property/gujranwala_citi_housing_society_corner_14_marla_house_for_sale_in_rs_67000000_only-54597321-3083-1.html,Gujranwala,House,6.0,6.0,"Citi Housing Society, Gujranwala, Punjab"
Buy A Prime Location House Of 1250 Square Feet In Citi Housing Society,2.6 Crore,26000000.0,5.6 Marla,5.6,https://www.zameen.com/Property/gujranwala_citi_housing_society_buy_a_prime_location_house_of_1250_square_feet_in_citi_housing_society-54597332-3083-1.html,Gujranwala,House,4.0,4.0,"Citi Housing Society, Gujranwala, Punjab"
Prime Location Citi Housing Society 5 Marla House Up For sale,2.6 Crore,26000000.0,5.0 Marla,5.0,https://www.zameen.com/Property/gujranwala_citi_housing_society_prime_location_citi_housing_society_5_marla_house_up_for_sale-54578902-3083-1.html,Gujranwala,House,4.0,4.0,"Citi Housing Society, Gujranwala, Punjab"
Centrally Located On Excellent Location House In Royal Palm City Is Available For Sale,2.25 Crore,22500000.0,5.0 Marla,5.0,https://www.zameen.com/Property/eminabad_more_royal_palm_city_centrally_located_on_excellent_location_house_in_royal_palm_city_is_available_for_sale-54596633-11297-1.html,Gujranwala,House,4.0,4.0,"Eminabad More, Gujranwala, Punjab"
5 Marla Villas Available For Sale In D-H-A Gujranwala,1.53 Crore,15300000.0,5.0 Marla,5.0,https://www.zameen.com/Property/dha_sector_a_dha_sector_a_-_rachna_villas_5_marla_villas_available_for_sale_in_d-h-a_gujranwala-54666094-21898-1.html,Gujranwala,House,3.0,3.0,"DHA Defence, Gujranwala, Punjab"
Good Location House For Sale Situated In Garden Town Phase 3,2.2 Crore,22000000.0,5.0 Marla,5.0,https://www.zameen.com/Property/garden_town_garden_town_phase_3_good_location_house_for_sale_situated_in_garden_town_phase_3-54587206-20133-1.html,Gujranwala,House,3.0,4.0,"Garden Town, Gujranwala, Punjab"
This Is Your Chance To Buy Good Location House In Garden Town Phase 3 Gujranwala,2.3 Crore,23000000.0,5.0 Marla,5.0,https://www.zameen.com/Property/garden_town_garden_town_phase_3_this_is_your_chance_to_buy_good_location_house_in_garden_town_phase_3_gujranwala-54587207-20133-1.html,Gujranwala,House,3.0,4.0,"Garden Town, Gujranwala, Punjab"
Your Dream Good Location 5 Marla House Is Available In Garden Town Phase 3,2.4 Crore,24000000.0,5.0 Marla,5.0,https://www.zameen.com/Property/garden_town_garden_town_phase_3_your_dream_good_location_5_marla_house_is_available_in_garden_town_phase_3-54587208-20133-1.html,Gujranwala,House,3.0,4.0,"Garden Town, Gujranwala, Punjab"
Good Location 5 Marla House Ideally Situated In Garden Town Phase 3,2.5 Crore,25000000.0,5.0 Marla,5.0,https://www.zameen.com/Property/garden_town_garden_town_phase_3_good_location_5_marla_house_ideally_situated_in_garden_town_phase_3-54587209-20133-1.html,Gujranwala,House,3.0,4.0,"Garden Town, Gujranwala, Punjab"
Your Dream Fully Furnished 5 Marla House Is Available In Garden Town Phase 3 - Block D,2.4 Crore,24000000.0,5.0 Marla,5.0,https://www.zameen.com/Property/garden_town_phase_3_garden_town_phase_3_-_block_d_your_dream_fully_furnished_5_marla_house_is_available_in_garden_town_phase_3_-_block_d-54543703-20147-1.html,Gujranwala,House,4.0,4.0,"Garden Town, Gujranwala, Punjab"
Double Height Park Facing 10 Marla House For Sale City Housing Gujranwala,4.8 Crore,48000000.0,10.0 Marla,10.0,https://www.zameen.com/Property/gujranwala_citi_housing_society_double_height_park_facing_10_marla_house_for_sale_city_housing_gujranwala-54335010-3083-1.html,Gujranwala,House,6.0,7.0,"Citi Housing Society, Gujranwala, Punjab"
Prime Location 5 Marla House In Citi Housing Society Is Best Option,1.75 Crore,17500000.0,5.0 Marla,5.0,https://www.zameen.com/Property/gujranwala_citi_housing_society_prime_location_5_marla_house_in_citi_housing_society_is_best_option-54225637-3083-1.html,Gujranwala,House,4.0,4.0,"Citi Housing Society, Gujranwala, Punjab"
Double Heighted 5 Marla Ownar Made house for sale Citi Housing Gujranwala,2.5 Crore,25000000.0,5.0 Marla,5.0,https://www.zameen.com/Property/gujranwala_citi_housing_society_double_heighted_5_marla_ownar_made_house_for_sale_citi_housing_gujranwala-54213875-3083-1.html,Gujranwala,House,4.0,5.0,"Citi Housing Society, Gujranwala, Punjab"
Phase 1 Block DD 5 Marla House For Sale,2.38 Crore,23800000.0,5.0 Marla,5.0,https://www.zameen.com/Property/citi_housing_phase_1_citi_housing_phase_1_-_block_dd_phase_1_block_dd_5_marla_house_for_sale-53650459-20423-1.html,Gujranwala,House,4.0,5.0,"Citi Housing Society, Gujranwala, Punjab"
Luxury House Available For Sale In Citi Housing Gujranwala On Your Ideal Location,2.35 Crore,23500000.0,5.0 Marla,5.0,https://www.zameen.com/Property/gujranwala_citi_housing_society_luxury_house_available_for_sale_in_citi_housing_gujranwala_on_your_ideal_location-54664024-3083-1.html,Gujranwala,House,4.0,5.0,"Citi Housing Society, Gujranwala, Punjab"
5 Marla Beautiful House Available For Sale In Citi Housing Gujranwala,1.8 Crore,18000000.0,5.0 Marla,5.0,https://www.zameen.com/Property/gujranwala_citi_housing_society_5_marla_beautiful_house_available_for_sale_in_citi_housing_gujranwala-54664025-3083-1.html,Gujranwala,House,4.0,5.0,"Citi Housing Society, Gujranwala, Punjab"
5 Marla Beautifully Design House Available For Sale In Citi Housing Gujranwala,1.85 Crore,18500000.0,5.0 Marla,5.0,https://www.zameen.com/Property/gujranwala_citi_housing_society_5_marla_beautifully_design_house_available_for_sale_in_citi_housing_gujranwala-54656840-3083-1.html,Gujranwala,House,4.0,5.0,"Citi Housing Society, Gujranwala, Punjab"
Prime Location Citi Housing - Phase 2 House For sale Sized 10 Marla,4.6 Crore,46000000.0,10.0 Marla,10.0,https://www.zameen.com/Property/citi_housing_society_citi_housing_-_phase_2_prime_location_citi_housing_-_phase_2_house_for_sale_sized_10_marla-54597324-3085-1.html,Gujranwala,House,5.0,5.0,"Citi Housing Society, Gujranwala, Punjab"
Main Double Road House Available For sale In Citi Housing Society,5.0 Crore,50000000.0,10.0 Marla,10.0,https://www.zameen.com/Property/gujranwala_citi_housing_society_main_double_road_house_available_for_sale_in_citi_housing_society-53855836-3083-1.html,Gujranwala,House,6.0,6.0,"Citi Housing Society, Gujranwala, Punjab"
6.25 Marla Corner Ultra Modern House For Sale | Royal Palm City Gujranwala | Luxury Home Tour 2026,2.45 Crore,24500000.0,6.0 Marla,6.0,https://www.zameen.com/Property/eminabad_more_royal_palm_city_6_25_marla_corner_ultra_modern_house_for_sale_royal_palm_city_gujranwala_luxury_home_tour_2026-54503107-11297-1.html,Gujranwala,House,4.0,4.0,"Eminabad More, Gujranwala, Punjab"
10 Marla Beautiful Facing Park Home Available For Sale,5.5 Crore,55000000.0,10.0 Marla,10.0,https://www.zameen.com/Property/gujranwala_citi_housing_society_10_marla_beautiful_facing_park_home_available_for_sale-54510606-3083-1.html,Gujranwala,House,6.0,6.0,"Citi Housing Society, Gujranwala, Punjab"
Main Double Road 4 Kanal House For Sale In Rs. 320000000 Only,32.0 Crore,320000000.0,4.0 Kanal,80.0,https://www.zameen.com/Property/gujranwala_citi_housing_society_main_double_road_4_kanal_house_for_sale_in_rs_320000000_only-54597319-3083-1.html,Gujranwala,House,10.0,6.0,"Citi Housing Society, Gujranwala, Punjab"
A Good Location House Of 10 Marla In Citi Housing Society,3.8 Crore,38000000.0,10.0 Marla,10.0,https://www.zameen.com/Property/gujranwala_citi_housing_society_a_good_location_house_of_10_marla_in_citi_housing_society-54596431-3083-1.html,Gujranwala,House,5.0,5.0,"Citi Housing Society, Gujranwala, Punjab"
Looking For A Corner House In Royal Palm City Gujranwala,2.45 Crore,24500000.0,5.0 Marla,5.0,https://www.zameen.com/Property/eminabad_more_royal_palm_city_looking_for_a_corner_house_in_royal_palm_city_gujranwala-54528038-11297-1.html,Gujranwala,House,4.0,4.0,"Eminabad More, Gujranwala, Punjab"
Double Height 5 Marla Modern House For Sale Block DD Phase 1 Citi Housing Gujranwala,2.5 Crore,25000000.0,5.0 Marla,5.0,https://www.zameen.com/Property/citi_housing_phase_1_citi_housing_phase_1_-_block_dd_double_height_5_marla_modern_house_for_sale_block_dd_phase_1_citi_housing_gujranwala-54266987-20423-1.html,Gujranwala,House,4.0,5.0,"Citi Housing Society, Gujranwala, Punjab"
5 Marla Modern House Available For Sale In Citi Housing Gujranwala,1.78 Crore,17800000.0,5.0 Marla,5.0,https://www.zameen.com/Property/gujranwala_citi_housing_society_5_marla_modern_house_available_for_sale_in_citi_housing_gujranwala-54561528-3083-1.html,Gujranwala,House,4.0,5.0,"Citi Housing Society, Gujranwala, Punjab"
Aesthetic Good Location House Of 6 Marla For Sale Is Available,2.05 Crore,20500000.0,6.0 Marla,6.0,https://www.zameen.com/Property/dha_sector_a_dha_sector_a_-_rachna_villas_aesthetic_good_location_house_of_6_marla_for_sale_is_available-52298398-21898-1.html,Gujranwala,House,4.0,4.0,"DHA Defence, Gujranwala, Punjab"
10 Marla Brand New Modern House For Sale In Royal Palm City Gujranwala,4.0 Crore,40000000.0,10.0 Marla,10.0,https://www.zameen.com/Property/eminabad_more_royal_palm_city_10_marla_brand_new_modern_house_for_sale_in_royal_palm_city_gujranwala-54579442-11297-1.html,Gujranwala,House,6.0,6.0,"Eminabad More, Gujranwala, Punjab"
Your Dream On Excellent Location 10 Marla House Is Available In Citi Housing Phase 1 - Block BB,4.5 Crore,45000000.0,10.0 Marla,10.0,https://www.zameen.com/Property/citi_housing_phase_1_citi_housing_phase_1_-_block_bb_your_dream_on_excellent_location_10_marla_house_is_available_in_citi_housing_phase_1_-_block_bb-54590856-20421-1.html,Gujranwala,House,5.0,5.0,"Citi Housing Society, Gujranwala, Punjab"
Find Your Ideal Good Location House In Gujranwala Under Rs. 44000000,4.4 Crore,44000000.0,10.0 Marla,10.0,https://www.zameen.com/Property/garden_town_garden_town_phase_3_find_your_ideal_good_location_house_in_gujranwala_under_rs_44000000-54587212-20133-1.html,Gujranwala,House,5.0,6.0,"Garden Town, Gujranwala, Punjab"
Get An Attractive Good Location House In Gujranwala Under Rs. 43000000,4.3 Crore,43000000.0,10.0 Marla,10.0,https://www.zameen.com/Property/garden_town_garden_town_phase_3_get_an_attractive_good_location_house_in_gujranwala_under_rs_43000000-54587211-20133-1.html,Gujranwala,House,5.0,6.0,"Garden Town, Gujranwala, Punjab"
A Good Location House Of 10 Marla In Gujranwala,4.6 Crore,46000000.0,10.0 Marla,10.0,https://www.zameen.com/Property/garden_town_garden_town_phase_3_a_good_location_house_of_10_marla_in_gujranwala-54587214-20133-1.html,Gujranwala,House,5.0,6.0,"Garden Town, Gujranwala, Punjab"
Get In Touch Now To Buy A Good Location 10 Marla House In Garden Town Phase 3,4.5 Crore,45000000.0,10.0 Marla,10.0,https://www.zameen.com/Property/garden_town_garden_town_phase_3_get_in_touch_now_to_buy_a_good_location_10_marla_house_in_garden_town_phase_3-54587213-20133-1.html,Gujranwala,House,5.0,6.0,"Garden Town, Gujranwala, Punjab"
Iqbal Town Rahwali Street 5 . . 6 Marla House For Sale,1.5 Crore,15000000.0,6.0 Marla,6.0,https://www.zameen.com/Property/gujranwala_allama_iqbal_town_iqbal_town_rahwali_street_5_6_marla_house_for_sale-54170920-8840-1.html,Gujranwala,House,4.0,6.0,"Allama Iqbal Town, Gujranwala, Punjab"
10 Marla Ultra Modern House Available For Sale In Citi Housing Gujranwala On Your Ideal Location,4.8 Crore,48000000.0,10.0 Marla,10.0,https://www.zameen.com/Property/gujranwala_citi_housing_society_10_marla_ultra_modern_house_available_for_sale_in_citi_housing_gujranwala_on_your_ideal_location-54656843-3083-1.html,Gujranwala,House,5.0,6.0,"Citi Housing Society, Gujranwala, Punjab"
Prime Location In Citi Housing Society House For sale Sized 10 Marla,4.9 Crore,49000000.0,10.0 Marla,10.0,https://www.zameen.com/Property/gujranwala_citi_housing_society_prime_location_in_citi_housing_society_house_for_sale_sized_10_marla-54527790-3083-1.html,Gujranwala,House,5.0,5.0,"Citi Housing Society, Gujranwala, Punjab"
Get In Touch Now To Buy A Prime Location House In Citi Housing Society Citi Housing Society,2.35 Crore,23500000.0,5.0 Marla,5.0,https://www.zameen.com/Property/gujranwala_citi_housing_society_get_in_touch_now_to_buy_a_prime_location_house_in_citi_housing_society_citi_housing_society-54527794-3083-1.html,Gujranwala,House,4.0,4.0,"Citi Housing Society, Gujranwala, Punjab"
Highly-Coveted Prime Location 5 Marla House Is Available In Citi Housing Society For Sale,1.75 Crore,17500000.0,5.0 Marla,5.0,https://www.zameen.com/Property/gujranwala_citi_housing_society_highly-coveted_prime_location_5_marla_house_is_available_in_citi_housing_society_for_sale-54606631-3083-1.html,Gujranwala,House,4.0,4.0,"Citi Housing Society, Gujranwala, Punjab"
Want To Buy A Prime Location House In Citi Housing Society?,2.25 Crore,22500000.0,5.0 Marla,5.0,https://www.zameen.com/Property/gujranwala_citi_housing_society_want_to_buy_a_prime_location_house_in_citi_housing_society-54463131-3083-1.html,Gujranwala,House,4.0,4.0,"Citi Housing Society, Gujranwala, Punjab"
Prime Location 10 Marla House For Sale Available In Citi Housing Society,3.8 Crore,38000000.0,10.0 Marla,10.0,https://www.zameen.com/Property/gujranwala_citi_housing_society_prime_location_10_marla_house_for_sale_available_in_citi_housing_society-54527792-3083-1.html,Gujranwala,House,5.0,5.0,"Citi Housing Society, Gujranwala, Punjab"
Ready To sale A Prime Location House 5 Marla In Citi Housing Society,2.6 Crore,26000000.0,5.0 Marla,5.0,https://www.zameen.com/Property/gujranwala_citi_housing_society_ready_to_sale_a_prime_location_house_5_marla_in_citi_housing_society-54527796-3083-1.html,Gujranwala,House,4.0,4.0,"Citi Housing Society, Gujranwala, Punjab"
Ideal Corner House In Citi Housing Society Available For Rs. 57500000,5.75 Crore,57500000.0,11.0 Marla,11.0,https://www.zameen.com/Property/gujranwala_citi_housing_society_ideal_corner_house_in_citi_housing_society_available_for_rs_57500000-54527800-3083-1.html,Gujranwala,House,5.0,5.0,"Citi Housing Society, Gujranwala, Punjab"
On Excellent Location In Citi Housing Society 1237 Square Feet House For sale,2.6 Crore,26000000.0,5.5 Marla,5.5,https://www.zameen.com/Property/gujranwala_citi_housing_society_on_excellent_location_in_citi_housing_society_1237_square_feet_house_for_sale-54583520-3083-1.html,Gujranwala,House,4.0,4.0,"Citi Housing Society, Gujranwala, Punjab"
5 Marla Royal Palm Facing Park Brand New House,2.05 Crore,20500000.0,5.0 Marla,5.0,https://www.zameen.com/Property/royal_palm_city_royal_palm_city_-_block_g_5_marla_royal_palm_facing_park_brand_new_house-54564452-17216-1.html,Gujranwala,House,3.0,4.0,"Eminabad More, Gujranwala, Punjab"
Beautiful 10 Marla Brand New House available For sale Citi Housing Gujranwala,4.5 Crore,45000000.0,10.0 Marla,10.0,https://www.zameen.com/Property/gujranwala_citi_housing_society_beautiful_10_marla_brand_new_house_available_for_sale_citi_housing_gujranwala-54312870-3083-1.html,Gujranwala,House,6.0,7.0,"Citi Housing Society, Gujranwala, Punjab"
"A Beautifully Designed 5 Marla House Is Available For Sale At A Prime Location. This House Offers A Perfect Combination Of Comfort, Modern Design, And A Peaceful Environment.",2.75 Crore,27500000.0,5.0 Marla,5.0,https://www.zameen.com/Property/gujranwala_citi_housing_society_a_beautifully_designed_5_marla_house_is_available_for_sale_at_a_prime_location_this_house_offers_a_perfect_combination_of_comfort_modern_design_and_a_peaceful_environment-53907618-3083-1.html,Gujranwala,House,4.0,4.0,"Citi Housing Society, Gujranwala, Punjab"
Experience Luxury Living In This Stunning 1 Kanal House For Sale,10.0 Crore,100000000.0,1.0 Kanal,20.0,https://www.zameen.com/Property/gujranwala_citi_housing_society_experience_luxury_living_in_this_stunning_1_kanal_house_for_sale-54087217-3083-1.html,Gujranwala,House,6.0,6.0,"Citi Housing Society, Gujranwala, Punjab"
"10-Marla Villa in Sector A1 , DHA Gujranwala",3.5 Crore,35000000.0,10.0 Marla,10.0,https://www.zameen.com/Property/gujranwala_dha_defence_10-marla_villa_in_sector_a1_dha_gujranwala-54601886-5121-1.html,Gujranwala,House,5.0,6.0,"DHA Defence, Gujranwala, Punjab"
Dc Colony 10 Marla Brand New Corner House For Sell,4.75 Crore,47500000.0,10.0 Marla,10.0,https://www.zameen.com/Property/dc_colony_dc_colony_-_mehran_block_dc_colony_10_marla_brand_new_corner_house_for_sell-54561371-10116-1.html,Gujranwala,House,5.0,6.0,"DC Colony, Gujranwala, Punjab"
DC Colony 10 Marla Brand New House For Sale In Bolan Block,4.75 Crore,47500000.0,10.0 Marla,10.0,https://www.zameen.com/Property/dc_colony_dc_colony_-_bolan_block_dc_colony_10_marla_brand_new_house_for_sale_in_bolan_block-54585834-10119-1.html,Gujranwala,House,6.0,6.0,"DC Colony, Gujranwala, Punjab"
10 Marla Villa For Sale In Dha Gujranwala,3.5 Crore,35000000.0,10.0 Marla,10.0,https://www.zameen.com/Property/dha_sector_a_dha_sector_a_-_rachna_villas_10_marla_villa_for_sale_in_dha_gujranwala-54642151-21898-1.html,Gujranwala,House,5.0,6.0,"DHA Defence, Gujranwala, Punjab"
A House Of 5 Marla In DC Colony - Sawan Block,2.6 Crore,26000000.0,5.0 Marla,5.0,https://www.zameen.com/Property/dc_colony_dc_colony_-_sawan_block_a_house_of_5_marla_in_dc_colony_-_sawan_block-54495185-10120-1.html,Gujranwala,House,5.0,5.0,"DC Colony, Gujranwala, Punjab"
Good Location 5 Marla House Is Available In Affordable Price In DHA Sector A - Rachna Villas,1.55 Crore,15500000.0,5.0 Marla,5.0,https://www.zameen.com/Property/dha_sector_a_dha_sector_a_-_rachna_villas_good_location_5_marla_house_is_available_in_affordable_price_in_dha_sector_a_-_rachna_villas-54501884-21898-1.html,Gujranwala,House,3.0,4.0,"DHA Defence, Gujranwala, Punjab"
Ready To Buy A Good Location House In DHA Sector A - Rachna Villas Gujranwala,1.6 Crore,16000000.0,5.0 Marla,5.0,https://www.zameen.com/Property/dha_sector_a_dha_sector_a_-_rachna_villas_ready_to_buy_a_good_location_house_in_dha_sector_a_-_rachna_villas_gujranwala-54501885-21898-1.html,Gujranwala,House,3.0,4.0,"DHA Defence, Gujranwala, Punjab"
Premium Good Location 5 Marla House Is Available For Sale In Gujranwala,1.56 Crore,15600000.0,5.0 Marla,5.0,https://www.zameen.com/Property/dha_sector_a_dha_sector_a_-_rachna_villas_premium_good_location_5_marla_house_is_available_for_sale_in_gujranwala-54070080-21898-1.html,Gujranwala,House,3.0,3.0,"DHA Defence, Gujranwala, Punjab"
BEAUTIFUL BRAND NEW CONDITION HOUSE FOR SALE 6.60 MARLA CORNER FACING PARK FACING DANCING FOUNTAIN MAIN DOUBLE ROAD FACING FOOD STREET 5 BEDROOMS 5 WASHROOMS FOR SALE NEGOTIABLE INVESTORE RATE 80 K RENTAL VALUE A+ CONSTRUCTION QUALITY WORK,2.75 Crore,27500000.0,6.7 Marla,6.7,https://www.zameen.com/Property/gujranwala_citi_housing_society_beautiful_brand_new_condition_house_for_sale_6_60_marla_corner_facing_park_facing_dancing_fountain_main_double_road_facing_food_street_5_bedrooms_5_washrooms_for_sale_negotiable_investore_rate_80_k_rental_value_a_construction_quality_work-53679802-3083-1.html,Gujranwala,House,5.0,5.0,"Citi Housing Society, Gujranwala, Punjab"
Idyllic Prime Location House Available In Royal Palm City For sale,3.95 Crore,39500000.0,10.0 Marla,10.0,https://www.zameen.com/Property/eminabad_more_royal_palm_city_idyllic_prime_location_house_available_in_royal_palm_city_for_sale-54281867-11297-1.html,Gujranwala,House,5.0,5.0,"Eminabad More, Gujranwala, Punjab"
Affordable Prime Location House Of 5 Marla Is Available For sale,2.1 Crore,21000000.0,5.0 Marla,5.0,https://www.zameen.com/Property/eminabad_more_royal_palm_city_affordable_prime_location_house_of_5_marla_is_available_for_sale-54281882-11297-1.html,Gujranwala,House,4.0,4.0,"Eminabad More, Gujranwala, Punjab"
"10 MARLA NEW BRAND DOUBLE STORY HOUSE AVAILABLE FOR SALE, IN CITI HOUSING GUJRANWALA ON PRIME LOCATION.",4.25 Crore,42500000.0,10.0 Marla,10.0,https://www.zameen.com/Property/gujranwala_citi_housing_society_10_marla_new_brand_double_story_house_available_for_sale_in_citi_housing_gujranwala_on_prime_location-54654620-3083-1.html,Gujranwala,House,6.0,7.0,"Citi Housing Society, Gujranwala, Punjab"
Prime Location In Citi Housing Society 10 Marla House For Sale,4.0 Crore,40000000.0,10.0 Marla,10.0,https://www.zameen.com/Property/gujranwala_citi_housing_society_prime_location_in_citi_housing_society_10_marla_house_for_sale-54606632-3083-1.html,Gujranwala,House,5.0,5.0,"Citi Housing Society, Gujranwala, Punjab"
Ideal Prime Location 10 Marla House Has Landed On Market In Citi Housing Society,4.0 Crore,40000000.0,10.0 Marla,10.0,https://www.zameen.com/Property/gujranwala_citi_housing_society_ideal_prime_location_10_marla_house_has_landed_on_market_in_citi_housing_society-54606633-3083-1.html,Gujranwala,House,5.0,5.0,"Citi Housing Society, Gujranwala, Punjab"
Prime Location 5 Marla House For Sale In Rs. 26000000 Only,2.6 Crore,26000000.0,5.0 Marla,5.0,https://www.zameen.com/Property/gujranwala_citi_housing_society_prime_location_5_marla_house_for_sale_in_rs_26000000_only-54606634-3083-1.html,Gujranwala,House,4.0,4.0,"Citi Housing Society, Gujranwala, Punjab"
Prime Location House Of 5 Marla In Citi Housing Society For Sale,2.35 Crore,23500000.0,5.0 Marla,5.0,https://www.zameen.com/Property/gujranwala_citi_housing_society_prime_location_house_of_5_marla_in_citi_housing_society_for_sale-54606635-3083-1.html,Gujranwala,House,4.0,4.0,"Citi Housing Society, Gujranwala, Punjab"
Highly-Desirable Prime Location House Available In DHA Defence For sale,7.0 Crore,70000000.0,1.0 Kanal,20.0,https://www.zameen.com/Property/gujranwala_dha_defence_highly-desirable_prime_location_house_available_in_dha_defence_for_sale-54568640-5121-1.html,Gujranwala,House,6.0,6.0,"DHA Defence, Gujranwala, Punjab"
Good Location Affordable House For Sale In Citi Housing Society,2.6 Crore,26000000.0,5.0 Marla,5.0,https://www.zameen.com/Property/gujranwala_citi_housing_society_good_location_affordable_house_for_sale_in_citi_housing_society-54573862-3083-1.html,Gujranwala,House,4.0,4.0,"Citi Housing Society, Gujranwala, Punjab"
Prime Location House In Citi Housing Society Sized 1 Kanal Is Available,8.5 Crore,85000000.0,1.0 Kanal,20.0,https://www.zameen.com/Property/gujranwala_citi_housing_society_prime_location_house_in_citi_housing_society_sized_1_kanal_is_available-54568650-3083-1.html,Gujranwala,House,6.0,6.0,"Citi Housing Society, Gujranwala, Punjab"
Affordable 10 Marla Grey Structure House Available for Sale,2.95 Crore,29500000.0,10.0 Marla,10.0,https://www.zameen.com/Property/eminabad_more_royal_palm_city_affordable_10_marla_grey_structure_house_available_for_sale-54208917-11297-1.html,Gujranwala,House,5.0,5.0,"Eminabad More, Gujranwala, Punjab"
5 MARLA BRAND NEW HOUSE AVAILABLE FOR SALE (AT REASONABLE PRICE) IN CITI HOUSING GUJRANWALA,2.65 Crore,26500000.0,5.0 Marla,5.0,https://www.zameen.com/Property/citi_housing_society_citi_housing_-_phase_1_5_marla_brand_new_house_available_for_sale_at_reasonable_price_in_citi_housing_gujranwala-54416169-3084-1.html,Gujranwala,House,4.0,5.0,"Citi Housing Society, Gujranwala, Punjab"
10 Marla Morden House,5.05 Crore,50500000.0,10.0 Marla,10.0,https://www.zameen.com/Property/gujranwala_citi_housing_society_10_marla_morden_house-54664708-3083-1.html,Gujranwala,House,6.0,7.0,"Citi Housing Society, Gujranwala, Punjab"
Affordable 05 Marla Spanish Style House Available For Sale,1.74 Crore,17400000.0,5.0 Marla,5.0,https://www.zameen.com/Property/eminabad_more_royal_palm_city_affordable_05_marla_spanish_style_house_available_for_sale-54208911-11297-1.html,Gujranwala,House,4.0,4.0,"Eminabad More, Gujranwala, Punjab"
5.5 Marla Beautiful House,2.74 Crore,27400000.000000004,5.5 Marla,5.5,https://www.zameen.com/Property/gujranwala_citi_housing_society_5_5_marla_beautiful_house-54664643-3083-1.html,Gujranwala,House,4.0,5.0,"Citi Housing Society, Gujranwala, Punjab"
Brand New Stylish 10 Marla House For Sale In Citi Housing Gujranwala | Near King Mall | Demand 3.90 Crore,3.9 Crore,39000000.0,10.0 Marla,10.0,https://www.zameen.com/Property/gujranwala_citi_housing_society_brand_new_stylish_10_marla_house_for_sale_in_citi_housing_gujranwala_near_king_mall_demand_3_90_crore-54222634-3083-1.html,Gujranwala,House,5.0,6.0,"Citi Housing Society, Gujranwala, Punjab"
Affordable And Spacious 10 Marla Grey Structure House Available For Sale,2.94 Crore,29400000.0,10.0 Marla,10.0,https://www.zameen.com/Property/eminabad_more_royal_palm_city_affordable_and_spacious_10_marla_grey_structure_house_available_for_sale-54265627-11297-1.html,Gujranwala,House,5.0,5.0,"Eminabad More, Gujranwala, Punjab"
Good Location Garden Town Phase 3 5 Marla House Up For Sale,2.4 Crore,24000000.0,5.0 Marla,5.0,https://www.zameen.com/Property/garden_town_garden_town_phase_3_good_location_garden_town_phase_3_5_marla_house_up_for_sale-54495318-20133-1.html,Gujranwala,House,3.0,4.0,"Garden Town, Gujranwala, Punjab"
Idyllic Good Location House Available In Garden Town Phase 3 For Sale,4.3 Crore,43000000.0,10.0 Marla,10.0,https://www.zameen.com/Property/garden_town_garden_town_phase_3_idyllic_good_location_house_available_in_garden_town_phase_3_for_sale-54495323-20133-1.html,Gujranwala,House,5.0,6.0,"Garden Town, Gujranwala, Punjab"
A Good Location 10 Marla House In Gujranwala Is On The Market For Sale,4.2 Crore,42000000.0,10.0 Marla,10.0,https://www.zameen.com/Property/garden_town_garden_town_phase_3_a_good_location_10_marla_house_in_gujranwala_is_on_the_market_for_sale-54495322-20133-1.html,Gujranwala,House,5.0,6.0,"Garden Town, Gujranwala, Punjab"
Prime Location Citi Housing - Phase 2 House Sized 5 Marla For sale,1.7 Crore,17000000.0,5.0 Marla,5.0,https://www.zameen.com/Property/citi_housing_society_citi_housing_-_phase_2_prime_location_citi_housing_-_phase_2_house_sized_5_marla_for_sale-54558900-3085-1.html,Gujranwala,House,4.0,4.0,"Citi Housing Society, Gujranwala, Punjab"
Prime Location In Citi Housing - Phase 1 11 Marla House For Sale,3.6 Crore,36000000.0,11.0 Marla,11.0,https://www.zameen.com/Property/citi_housing_society_citi_housing_-_phase_1_prime_location_in_citi_housing_-_phase_1_11_marla_house_for_sale-54558902-3084-1.html,Gujranwala,House,5.0,5.0,"Citi Housing Society, Gujranwala, Punjab"
Fully Furnished 5 Marla House Available In Citi Housing Phase 3 - Block FF For Sale,2.25 Crore,22500000.0,5.0 Marla,5.0,https://www.zameen.com/Property/citi_housing_phase_3_citi_housing_phase_3_-_block_ff_fully_furnished_5_marla_house_available_in_citi_housing_phase_3_-_block_ff_for_sale-54649330-21884-1.html,Gujranwala,House,4.0,4.0,"Citi Housing Society, Gujranwala, Punjab"
Grey Structure 10 Marla House For Sale In Royal Palm City Gujranwala,2.9 Crore,29000000.0,10.0 Marla,10.0,https://www.zameen.com/Property/eminabad_more_royal_palm_city_grey_structure_10_marla_house_for_sale_in_royal_palm_city_gujranwala-54598645-11297-1.html,Gujranwala,House,5.0,5.0,"Eminabad More, Gujranwala, Punjab"
Affordable & Prime Location 10 Marla House Available For Sale,3.24 Crore,32400000.000000004,10.0 Marla,10.0,https://www.zameen.com/Property/eminabad_more_royal_palm_city_affordable_prime_location_10_marla_house_available_for_sale-54494501-11297-1.html,Gujranwala,House,5.0,5.0,"Eminabad More, Gujranwala, Punjab"
Central city House For Sale,3.6 Crore,36000000.0,10.0 Marla,10.0,https://www.zameen.com/Property/peoples_colony_peoples_colony_-_block_x_central_city_house_for_sale-54651978-5230-1.html,Gujranwala,House,4.0,4.0,"Peoples Colony, Gujranwala, Punjab"
8 Marla Modern Double-Story House for Sale Prime Location,3.15 Crore,31500000.0,8.0 Marla,8.0,https://www.zameen.com/Property/garden_town_garden_town_phase_2_8_marla_modern_double-story_house_for_sale_prime_location-54582411-20132-1.html,Gujranwala,House,4.0,5.0,"Garden Town, Gujranwala, Punjab"
Good Location 5 Marla House In Garden Town Phase 3 Is Best Option,2.5 Crore,25000000.0,5.0 Marla,5.0,https://www.zameen.com/Property/garden_town_garden_town_phase_3_good_location_5_marla_house_in_garden_town_phase_3_is_best_option-54495320-20133-1.html,Gujranwala,House,3.0,4.0,"Garden Town, Gujranwala, Punjab"
Affordable 10 Marla House Available For Sale,3.6 Crore,36000000.0,10.0 Marla,10.0,https://www.zameen.com/Property/royal_palm_city_royal_palm_city_-_block_a_affordable_10_marla_house_available_for_sale-54168986-17210-1.html,Gujranwala,House,5.0,5.0,"Eminabad More, Gujranwala, Punjab"
Prime location 05 Marla Fully Furnished House Available for Sale,2.49 Crore,24900000.000000004,5.0 Marla,5.0,https://www.zameen.com/Property/eminabad_more_royal_palm_city_prime_location_05_marla_fully_furnished_house_available_for_sale-54656302-11297-1.html,Gujranwala,House,4.0,4.0,"Eminabad More, Gujranwala, Punjab"
Prime Location 10 Marla House For Sale In Citi Housing Society,4.8 Crore,48000000.0,10.0 Marla,10.0,https://www.zameen.com/Property/gujranwala_citi_housing_society_prime_location_10_marla_house_for_sale_in_citi_housing_society-54350806-3083-1.html,Gujranwala,House,5.0,5.0,"Citi Housing Society, Gujranwala, Punjab"
Book A On Excellent Location 5 Marla House In Citi Housing Society,2.6 Crore,26000000.0,5.0 Marla,5.0,https://www.zameen.com/Property/gujranwala_citi_housing_society_book_a_on_excellent_location_5_marla_house_in_citi_housing_society-54430528-3083-1.html,Gujranwala,House,4.0,4.0,"Citi Housing Society, Gujranwala, Punjab"
Book A Corner House Of 6 Marla In Royal Palm City Gujranwala,2.45 Crore,24500000.0,6.0 Marla,6.0,https://www.zameen.com/Property/eminabad_more_royal_palm_city_book_a_corner_house_of_6_marla_in_royal_palm_city_gujranwala-54430549-11297-1.html,Gujranwala,House,4.0,4.0,"Eminabad More, Gujranwala, Punjab"
Centrally Located Good Location House In Royal Palm City Is Available For Sale,2.25 Crore,22500000.0,5.0 Marla,5.0,https://www.zameen.com/Property/eminabad_more_royal_palm_city_centrally_located_good_location_house_in_royal_palm_city_is_available_for_sale-54430550-11297-1.html,Gujranwala,House,4.0,4.0,"Eminabad More, Gujranwala, Punjab"
A Prime Location 5 Marla House Is Up For Grabs In Citi Housing Society,2.15 Crore,21500000.0,5.0 Marla,5.0,https://www.zameen.com/Property/gujranwala_citi_housing_society_a_prime_location_5_marla_house_is_up_for_grabs_in_citi_housing_society-54430552-3083-1.html,Gujranwala,House,4.0,4.0,"Citi Housing Society, Gujranwala, Punjab"
Prime Location 10 Marla House In Citi Housing Society Best Option,3.9 Crore,39000000.0,10.0 Marla,10.0,https://www.zameen.com/Property/gujranwala_citi_housing_society_prime_location_10_marla_house_in_citi_housing_society_best_option-54430559-3083-1.html,Gujranwala,House,5.0,5.0,"Citi Housing Society, Gujranwala, Punjab"
Fair-Priced Good Location 10 Marla House Available In Garden Town Phase 3,4.4 Crore,44000000.0,10.0 Marla,10.0,https://www.zameen.com/Property/garden_town_garden_town_phase_3_fair-priced_good_location_10_marla_house_available_in_garden_town_phase_3-54495324-20133-1.html,Gujranwala,House,5.0,6.0,"Garden Town, Gujranwala, Punjab"
Get In Touch Now To Buy A Good Location House In Garden Town Phase 3,2.3 Crore,23000000.0,5.0 Marla,5.0,https://www.zameen.com/Property/garden_town_garden_town_phase_3_get_in_touch_now_to_buy_a_good_location_house_in_garden_town_phase_3-54495321-20133-1.html,Gujranwala,House,3.0,4.0,"Garden Town, Gujranwala, Punjab"
Prime Location House Of 5 Marla Available For Sale In Royal Palm City,2.25 Crore,22500000.0,5.0 Marla,5.0,https://www.zameen.com/Property/eminabad_more_royal_palm_city_prime_location_house_of_5_marla_available_for_sale_in_royal_palm_city-54417607-11297-1.html,Gujranwala,House,4.0,4.0,"Eminabad More, Gujranwala, Punjab"
10 Marla Beautiful Brand New House For Sale In A Block,3.5 Crore,35000000.0,10.0 Marla,10.0,https://www.zameen.com/Property/gujranwala_bypass_fazaia_housing_scheme_10_marla_beautiful_brand_new_house_for_sale_in_a_block-50978304-8476-1.html,Gujranwala,House,3.0,3.0,"Gujranwala Bypass, Gujranwala, Punjab"
Prime Location House Of 5 Marla Available For Sale In Citi Housing Society,1.75 Crore,17500000.0,5.0 Marla,5.0,https://www.zameen.com/Property/gujranwala_citi_housing_society_prime_location_house_of_5_marla_available_for_sale_in_citi_housing_society-54637847-3083-1.html,Gujranwala,House,4.0,4.0,"Citi Housing Society, Gujranwala, Punjab"
Corner House Sized 7 Marla In Citi Housing Society,3.25 Crore,32500000.0,7.0 Marla,7.0,https://www.zameen.com/Property/gujranwala_citi_housing_society_corner_house_sized_7_marla_in_citi_housing_society-54637846-3083-1.html,Gujranwala,House,4.0,4.0,"Citi Housing Society, Gujranwala, Punjab"
Prime Location 5 Marla House In Stunning Citi Housing Society Is Available For sale,2.35 Crore,23500000.0,5.0 Marla,5.0,https://www.zameen.com/Property/gujranwala_citi_housing_society_prime_location_5_marla_house_in_stunning_citi_housing_society_is_available_for_sale-54637850-3083-1.html,Gujranwala,House,4.0,4.0,"Citi Housing Society, Gujranwala, Punjab"
Prime Location 10 Marla House In Citi Housing Society,4.0 Crore,40000000.0,10.0 Marla,10.0,https://www.zameen.com/Property/gujranwala_citi_housing_society_prime_location_10_marla_house_in_citi_housing_society-54637849-3083-1.html,Gujranwala,House,5.0,5.0,"Citi Housing Society, Gujranwala, Punjab"
Prime Location 10 Marla House In Citi Housing Society,4.5 Crore,45000000.0,10.0 Marla,10.0,https://www.zameen.com/Property/gujranwala_citi_housing_society_prime_location_10_marla_house_in_citi_housing_society-54637855-3083-1.html,Gujranwala,House,5.0,5.0,"Citi Housing Society, Gujranwala, Punjab"
Smart Villas House For Sale,1.7 Crore,17000000.0,6.0 Marla,6.0,https://www.zameen.com/Property/gujranwala_bypass_fazaia_housing_scheme_smart_villas_house_for_sale-54649607-8476-1.html,Gujranwala,House,3.0,4.0,"Gujranwala Bypass, Gujranwala, Punjab"
10 Marla Spanish Design House,3.9 Crore,39000000.0,10.0 Marla,10.0,https://www.zameen.com/Property/royal_palm_city_royal_palm_city_-_block_f_10_marla_spanish_design_house-53741290-17215-1.html,Gujranwala,House,6.0,6.0,"Eminabad More, Gujranwala, Punjab"
Get In Touch Now To Buy A Prime Location 10 Marla House In Citi Housing Society,4.8 Crore,48000000.0,10.0 Marla,10.0,https://www.zameen.com/Property/gujranwala_citi_housing_society_get_in_touch_now_to_buy_a_prime_location_10_marla_house_in_citi_housing_society-54637854-3083-1.html,Gujranwala,House,5.0,5.0,"Citi Housing Society, Gujranwala, Punjab"
"10 MARLA NEW BRAND DOUBLE STORY HOUSE AVAILABLE FOR SALE,",5.0 Crore,50000000.0,10.0 Marla,10.0,https://www.zameen.com/Property/gujranwala_citi_housing_society_10_marla_new_brand_double_story_house_available_for_sale-54552208-3083-1.html,Gujranwala,House,6.0,7.0,"Citi Housing Society, Gujranwala, Punjab"
10 Marla Spanish Style House On 100ft Road For Sale,3.9 Crore,39000000.0,10.1 Marla,10.1,https://www.zameen.com/Property/eminabad_more_royal_palm_city_10_marla_spanish_style_house_on_100ft_road_for_sale-54208916-11297-1.html,Gujranwala,House,5.0,5.0,"Eminabad More, Gujranwala, Punjab"
6Kw Solar+ Semi Furnished Beautifully Build 05 Marla House Available For Sale,2.3 Crore,23000000.0,5.0 Marla,5.0,https://www.zameen.com/Property/eminabad_more_royal_palm_city_6kw_solar_semi_furnished_beautifully_build_05_marla_house_available_for_sale-54440108-11297-1.html,Gujranwala,House,4.0,4.0,"Eminabad More, Gujranwala, Punjab"
Good Location 3 Marla House For Sale In Garden Town,1.8 Crore,18000000.0,3.0 Marla,3.0,https://www.zameen.com/Property/garden_town_garden_town_phase_3_good_location_3_marla_house_for_sale_in_garden_town-54587122-20133-1.html,Gujranwala,House,3.0,4.0,"Garden Town, Gujranwala, Punjab"
5 Mrla Brand New House for sale Citi Housing Gujranwala,2.6 Crore,26000000.0,5.0 Marla,5.0,https://www.zameen.com/Property/gujranwala_citi_housing_society_5_mrla_brand_new_house_for_sale_citi_housing_gujranwala-54192540-3083-1.html,Gujranwala,House,5.0,5.0,"Citi Housing Society, Gujranwala, Punjab"
Get An Attractive Prime Location House In Citi Housing Society Under Rs. 23500000,2.35 Crore,23500000.0,10.0 Marla,10.0,https://www.zameen.com/Property/gujranwala_citi_housing_society_get_an_attractive_prime_location_house_in_citi_housing_society_under_rs_23500000-54430563-3083-1.html,Gujranwala,House,5.0,5.0,"Citi Housing Society, Gujranwala, Punjab"
To Sale You Can Find Spacious Corner House In Citi Housing Society,6.7 Crore,67000000.0,14.0 Marla,14.0,https://www.zameen.com/Property/gujranwala_citi_housing_society_to_sale_you_can_find_spacious_corner_house_in_citi_housing_society-54528593-3083-1.html,Gujranwala,House,6.0,6.0,"Citi Housing Society, Gujranwala, Punjab"
Prime Location 10 Marla House Ideally Situated In Citi Housing Phase 1 - Block AA,5.25 Crore,52500000.0,10.0 Marla,10.0,https://www.zameen.com/Property/citi_housing_phase_1_citi_housing_phase_1_-_block_aa_prime_location_10_marla_house_ideally_situated_in_citi_housing_phase_1_-_block_aa-54661673-14587-1.html,Gujranwala,House,5.0,5.0,"Citi Housing Society, Gujranwala, Punjab"
5 Marla Beautiful Brand New House For Sale In A Block,1.99 Crore,19900000.0,5.0 Marla,5.0,https://www.zameen.com/Property/fazaia_housing_scheme_fazaia_housing_scheme_-_hercules_block_5_marla_beautiful_brand_new_house_for_sale_in_a_block-53012035-17465-1.html,Gujranwala,House,3.0,4.0,"Gujranwala Bypass, Gujranwala, Punjab"
This Spanish style 5 Marla house available for sale in Citi housing Gujranwala,2.8 Crore,28000000.0,5.0 Marla,5.0,https://www.zameen.com/Property/gujranwala_citi_housing_society_this_spanish_style_5_marla_house_available_for_sale_in_citi_housing_gujranwala-54687052-3083-1.html,Gujranwala,House,4.0,5.0,"Citi Housing Society, Gujranwala, Punjab"
Ultra modern 5 Marla house available for sale in Citi housing Gujranwala,2.45 Crore,24500000.0,5.0 Marla,5.0,https://www.zameen.com/Property/gujranwala_citi_housing_society_ultra_modern_5_marla_house_available_for_sale_in_citi_housing_gujranwala-54687051-3083-1.html,Gujranwala,House,4.0,5.0,"Citi Housing Society, Gujranwala, Punjab"
10 Marla Ultra Modern Semi Furnished House Available For Sale In Citi Housing Gujranwala,3.0 Crore,30000000.0,10.0 Marla,10.0,https://www.zameen.com/Property/gujranwala_citi_housing_society_10_marla_ultra_modern_semi_furnished_house_available_for_sale_in_citi_housing_gujranwala-54687050-3083-1.html,Gujranwala,House,5.0,6.0,"Citi Housing Society, Gujranwala, Punjab"
"25 Marla Corner Beautiful House in Kabul Block, Dc colony Gujranwala.",8.5 Crore,85000000.0,1.2 Kanal,24.0,https://www.zameen.com/Property/dc_colony_dc_colony_-_kabul_block_25_marla_corner_beautiful_house_in_kabul_block_dc_colony_gujranwala-52509744-12085-1.html,Gujranwala,House,6.0,6.0,"DC Colony, Gujranwala, Punjab"
Facing Park 5 Marla Modern Style House For Sale,2.15 Crore,21500000.0,5.0 Marla,5.0,https://www.zameen.com/Property/eminabad_more_royal_palm_city_facing_park_5_marla_modern_style_house_for_sale-54505134-11297-1.html,Gujranwala,House,4.0,4.0,"Eminabad More, Gujranwala, Punjab"
16 Marla Luxury New Brand House Bloclk Chenab Dc Colony Gujranwala For Sale,7.0 Crore,70000000.0,16.0 Marla,16.0,https://www.zameen.com/Property/gujranwala_dc_colony_16_marla_luxury_new_brand_house_bloclk_chenab_dc_colony_gujranwala_for_sale-54362741-1227-1.html,Gujranwala,House,6.0,6.0,"DC Colony, Gujranwala, Punjab"
This Is Your Chance To Buy Facing Park House In Citi Housing Society Citi Housing Society,5.25 Crore,52500000.0,10.0 Marla,10.0,https://www.zameen.com/Property/gujranwala_citi_housing_society_this_is_your_chance_to_buy_facing_park_house_in_citi_housing_society_citi_housing_society-54606908-3083-1.html,Gujranwala,House,5.0,5.0,"Citi Housing Society, Gujranwala, Punjab"
CLASSICAL+ MODERND DESIGN 5 MARLA BRAND NEW HOUSE AVAILABLE FOR SALE (AT REASONABLE PRICE) IN CITI HOUSING GUJRANWALA,2.55 Crore,25500000.0,5.0 Marla,5.0,https://www.zameen.com/Property/gujranwala_citi_housing_society_classical_modernd_design_5_marla_brand_new_house_available_for_sale_at_reasonable_price_in_citi_housing_gujranwala-54460973-3083-1.html,Gujranwala,House,4.0,5.0,"Citi Housing Society, Gujranwala, Punjab"
SPANISH DESIGN 5 MARLA BRAND NEW HOUSE AVAILABLE FOR SALE (AT REASONABLE PRICE) IN CITI HOUSING GUJRANWALA,2.6 Crore,26000000.0,5.0 Marla,5.0,https://www.zameen.com/Property/citi_housing_society_citi_housing_-_phase_1_spanish_design_5_marla_brand_new_house_available_for_sale_at_reasonable_price_in_citi_housing_gujranwala-54460884-3084-1.html,Gujranwala,House,4.0,5.0,"Citi Housing Society, Gujranwala, Punjab"
3.5 Marla House Is Available For Sale In Umarabad Gujranwala,2.15 Crore,21500000.0,3.5 Marla,3.5,https://www.zameen.com/Property/gujranwala_umarabad_3_5_marla_house_is_available_for_sale_in_umarabad_gujranwala-54602172-5269-1.html,Gujranwala,House,,,"Umarabad, Gujranwala, Punjab"
Prime Location In Citi Housing Society House Sized 5 Marla For sale,1.8 Crore,18000000.0,5.0 Marla,5.0,https://www.zameen.com/Property/gujranwala_citi_housing_society_prime_location_in_citi_housing_society_house_sized_5_marla_for_sale-54338882-3083-1.html,Gujranwala,House,4.0,4.0,"Citi Housing Society, Gujranwala, Punjab"
Prime Location Citi Housing Society 5 Marla House Up For sale,1.6 Crore,16000000.0,5.0 Marla,5.0,https://www.zameen.com/Property/gujranwala_citi_housing_society_prime_location_citi_housing_society_5_marla_house_up_for_sale-54246710-3083-1.html,Gujranwala,House,4.0,4.0,"Citi Housing Society, Gujranwala, Punjab"
Prime Location 1 Kanal House Situated In Citi Housing Society For Sale,8.5 Crore,85000000.0,1.0 Kanal,20.0,https://www.zameen.com/Property/gujranwala_citi_housing_society_prime_location_1_kanal_house_situated_in_citi_housing_society_for_sale-54563203-3083-1.html,Gujranwala,House,6.0,6.0,"Citi Housing Society, Gujranwala, Punjab"
A Stunning Prime Location House Is Up For Grabs In Citi Housing Society Citi Housing Society,2.35 Crore,23500000.0,5.0 Marla,5.0,https://www.zameen.com/Property/gujranwala_citi_housing_society_a_stunning_prime_location_house_is_up_for_grabs_in_citi_housing_society_citi_housing_society-54563206-3083-1.html,Gujranwala,House,4.0,4.0,"Citi Housing Society, Gujranwala, Punjab"
Centrally Located Prime Location House In Citi Housing Society Is Available For Sale,3.6 Crore,36000000.0,10.0 Marla,10.0,https://www.zameen.com/Property/gujranwala_citi_housing_society_centrally_located_prime_location_house_in_citi_housing_society_is_available_for_sale-54527797-3083-1.html,Gujranwala,House,5.0,5.0,"Citi Housing Society, Gujranwala, Punjab"
Prime Location 5 Marla House For sale In Citi Housing Phase 1 - Block BB Gujranwala,1.8 Crore,18000000.0,5.0 Marla,5.0,https://www.zameen.com/Property/citi_housing_phase_1_citi_housing_phase_1_-_block_bb_prime_location_5_marla_house_for_sale_in_citi_housing_phase_1_-_block_bb_gujranwala-54399459-20421-1.html,Gujranwala,House,4.0,4.0,"Citi Housing Society, Gujranwala, Punjab"
Get This Amazing Prime Location 10 Marla House Available In Canal View - Sector 3,3.6 Crore,36000000.0,10.0 Marla,10.0,https://www.zameen.com/Property/canal_view_housing_scheme_canal_view_-_sector_3_get_this_amazing_prime_location_10_marla_house_available_in_canal_view_-_sector_3-54399458-19759-1.html,Gujranwala,House,5.0,5.0,"Canal View Housing Scheme, Gujranwala, Punjab"
SPANIDH DESIGN 5 MARLA BRAND NEW HOUSE AVAILABLE FOR SALE (AT REASONABLE PRICE) IN CITI HOUSING GUJRANWALA,2.85 Crore,28500000.0,5.0 Marla,5.0,https://www.zameen.com/Property/gujranwala_citi_housing_society_spanidh_design_5_marla_brand_new_house_available_for_sale_at_reasonable_price_in_citi_housing_gujranwala-54460802-3083-1.html,Gujranwala,House,4.0,5.0,"Citi Housing Society, Gujranwala, Punjab"
5 MARLA BRAND NEW HOUSE AVAILABLE FOR SALE (AT REASONABLE PRICE) IN CITI HOUSING GUJRANWALA,2.1 Crore,21000000.0,5.0 Marla,5.0,https://www.zameen.com/Property/gujranwala_citi_housing_society_5_marla_brand_new_house_available_for_sale_at_reasonable_price_in_citi_housing_gujranwala-54453718-3083-1.html,Gujranwala,House,4.0,5.0,"Citi Housing Society, Gujranwala, Punjab"
ULTRA-MODERN 5 MARLA BRAND NEW HOUSE AVAILABLE FOR SALE (AT REASONABLE PRICE) IN CITI HOUSING GUJRANWALA,2.75 Crore,27500000.0,5.0 Marla,5.0,https://www.zameen.com/Property/gujranwala_citi_housing_society_ultra-modern_5_marla_brand_new_house_available_for_sale_at_reasonable_price_in_citi_housing_gujranwala-54460857-3083-1.html,Gujranwala,House,4.0,5.0,"Citi Housing Society, Gujranwala, Punjab"
5.5 MARLA BRAND NEW HOUSE AVAILABLE FOR SALE (AT REASONABLE PRICE) IN CITI HOUSING GUJRANWALA,2.25 Crore,22500000.0,5.5 Marla,5.5,https://www.zameen.com/Property/gujranwala_citi_housing_society_5_5_marla_brand_new_house_available_for_sale_at_reasonable_price_in_citi_housing_gujranwala-54470947-3083-1.html,Gujranwala,House,4.0,4.0,"Citi Housing Society, Gujranwala, Punjab"
"5 Marla Brand New House In Sawan Block, DC Colony Gujranwala.",2.3 Crore,23000000.0,5.0 Marla,5.0,https://www.zameen.com/Property/dc_colony_dc_colony_-_sawan_block_5_marla_brand_new_house_in_sawan_block_dc_colony_gujranwala-53042622-10120-1.html,Gujranwala,House,4.0,4.0,"DC Colony, Gujranwala, Punjab"
"1 Kanal Beautiful House On Main Road Kaghan Block, DC Colony Gujranwala.",10.0 Crore,100000000.0,1.0 Kanal,20.0,https://www.zameen.com/Property/dc_colony_dc_colony_-_kaghan_block_1_kanal_beautiful_house_on_main_road_kaghan_block_dc_colony_gujranwala-54555718-10115-1.html,Gujranwala,House,6.0,7.0,"DC Colony, Gujranwala, Punjab"
Get In Touch Now To Buy A Corner House In Citi Housing Society Citi Housing Society,5.5 Crore,55000000.0,11.0 Marla,11.0,https://www.zameen.com/Property/gujranwala_citi_housing_society_get_in_touch_now_to_buy_a_corner_house_in_citi_housing_society_citi_housing_society-54686023-3083-1.html,Gujranwala,House,5.0,5.0,"Citi Housing Society, Gujranwala, Punjab"
Gorgeous Corner 1687 Square Feet House For sale Available In Citi Housing Society,3.0 Crore,30000000.0,7.5 Marla,7.5,https://www.zameen.com/Property/gujranwala_citi_housing_society_gorgeous_corner_1687_square_feet_house_for_sale_available_in_citi_housing_society-54686022-3083-1.html,Gujranwala,House,4.0,4.0,"Citi Housing Society, Gujranwala, Punjab"
1602 Square Feet House For Sale In Rs. 32500000 Only,3.25 Crore,32500000.0,7.1 Marla,7.1,https://www.zameen.com/Property/gujranwala_citi_housing_society_1602_square_feet_house_for_sale_in_rs_32500000_only-54633928-3083-1.html,Gujranwala,House,4.0,4.0,"Citi Housing Society, Gujranwala, Punjab"
Ideal Prime Location House In Citi Housing Society Available For Rs. 35000000,3.5 Crore,35000000.0,10.0 Marla,10.0,https://www.zameen.com/Property/gujranwala_citi_housing_society_ideal_prime_location_house_in_citi_housing_society_available_for_rs_35000000-54665699-3083-1.html,Gujranwala,House,5.0,5.0,"Citi Housing Society, Gujranwala, Punjab"
Prime Location 10 Marla House In Central Citi Housing Society For Sale,4.5 Crore,45000000.0,10.0 Marla,10.0,https://www.zameen.com/Property/gujranwala_citi_housing_society_prime_location_10_marla_house_in_central_citi_housing_society_for_sale-54515399-3083-1.html,Gujranwala,House,5.0,5.0,"Citi Housing Society, Gujranwala, Punjab"
Prime Location House For Sale In Rs. 32000000,3.2 Crore,32000000.0,10.0 Marla,10.0,https://www.zameen.com/Property/gujranwala_citi_housing_society_prime_location_house_for_sale_in_rs_32000000-54515401-3083-1.html,Gujranwala,House,5.0,5.0,"Citi Housing Society, Gujranwala, Punjab"
5 MARLA BRAND NEW HOUSE AVAILABLE FOR SALE (AT REASONABLE PRICE) IN CITI HOUSING GUJRANWALA,1.9 Crore,19000000.0,5.0 Marla,5.0,https://www.zameen.com/Property/gujranwala_citi_housing_society_5_marla_brand_new_house_available_for_sale_at_reasonable_price_in_citi_housing_gujranwala-54466146-3083-1.html,Gujranwala,House,4.0,4.0,"Citi Housing Society, Gujranwala, Punjab"
5.5 MARLA BRAND NEW HOUSE AVAILABLE FOR SALE (AT REASONABLE PRICE) IN CITI HOUSING GUJRANWALA,2.6 Crore,26000000.0,5.5 Marla,5.5,https://www.zameen.com/Property/gujranwala_citi_housing_society_5_5_marla_brand_new_house_available_for_sale_at_reasonable_price_in_citi_housing_gujranwala-54567393-3083-1.html,Gujranwala,House,4.0,5.0,"Citi Housing Society, Gujranwala, Punjab"
Grey Structure 5 Marla House For Sale In Royal Palm City Gujranwala,1.25 Crore,12500000.0,5.0 Marla,5.0,https://www.zameen.com/Property/eminabad_more_royal_palm_city_grey_structure_5_marla_house_for_sale_in_royal_palm_city_gujranwala-54559992-11297-1.html,Gujranwala,House,4.0,4.0,"Eminabad More, Gujranwala, Punjab"
Affordable 1 Kanal Grey Structure House Available for Sale,6.25 Crore,62500000.0,1.0 Kanal,20.0,https://www.zameen.com/Property/eminabad_more_royal_palm_city_affordable_1_kanal_grey_structure_house_available_for_sale-54559993-11297-1.html,Gujranwala,House,7.0,6.0,"Eminabad More, Gujranwala, Punjab"
Highly-Coveted Prime Location 10 Marla House Is Available In Royal Palm City For Sale,4.25 Crore,42500000.0,10.0 Marla,10.0,https://www.zameen.com/Property/eminabad_more_royal_palm_city_highly-coveted_prime_location_10_marla_house_is_available_in_royal_palm_city_for_sale-54510035-11297-1.html,Gujranwala,House,5.0,5.0,"Eminabad More, Gujranwala, Punjab"
4.5 Marla Brand House Available For Sale In Allama Iqbal Town  Excellent Condition,1.35 Crore,13500000.0,4.0 Marla,4.0,https://www.zameen.com/Property/gujranwala_allama_iqbal_town_4_5_marla_brand_house_available_for_sale_in_allama_iqbal_town_excellent_condition-54311453-8840-1.html,Gujranwala,House,5.0,5.0,"Allama Iqbal Town, Gujranwala, Punjab"
Spacious Corner House Is Available In Citi Housing Society For sale,6.7 Crore,67000000.0,14.0 Marla,14.0,https://www.zameen.com/Property/gujranwala_citi_housing_society_spacious_corner_house_is_available_in_citi_housing_society_for_sale-54380640-3083-1.html,Gujranwala,House,6.0,6.0,"Citi Housing Society, Gujranwala, Punjab"
A Great Choice For A Corner 11 Marla House Available In Citi Housing Society,5.75 Crore,57500000.0,11.0 Marla,11.0,https://www.zameen.com/Property/gujranwala_citi_housing_society_a_great_choice_for_a_corner_11_marla_house_available_in_citi_housing_society-54563204-3083-1.html,Gujranwala,House,5.0,5.0,"Citi Housing Society, Gujranwala, Punjab"
Brand New 5 Marla House For Sale DHA Gujranwala Sector C-5,2.05 Crore,20500000.0,5.0 Marla,5.0,https://www.zameen.com/Property/dha_defence_dha_sector_c_brand_new_5_marla_house_for_sale_dha_gujranwala_sector_c-5-54478038-18428-1.html,Gujranwala,House,5.0,,"DHA Defence, Gujranwala, Punjab"
Ready To Buy A Facing Park House 20 Marla In Garden Town Phase 3,11.0 Crore,110000000.0,1.0 Kanal,20.0,https://www.zameen.com/Property/garden_town_garden_town_phase_3_ready_to_buy_a_facing_park_house_20_marla_in_garden_town_phase_3-54147816-20133-1.html,Gujranwala,House,7.0,6.0,"Garden Town, Gujranwala, Punjab"
13.50 Marla House For Sale,3.15 Crore,31500000.0,16.3 Marla,16.3,https://www.zameen.com/Property/gujranwala_ratta_road_13_50_marla_house_for_sale-51090367-13648-1.html,Gujranwala,House,7.0,6.0,"Ratta Road, Gujranwala, Punjab"
Gorgeous Prime Location 5 Marla House For sale Available In Royal Palm City,2.1 Crore,21000000.0,5.0 Marla,5.0,https://www.zameen.com/Property/eminabad_more_royal_palm_city_gorgeous_prime_location_5_marla_house_for_sale_available_in_royal_palm_city-53265786-11297-1.html,Gujranwala,House,4.0,4.0,"Eminabad More, Gujranwala, Punjab"
Newly Renovated House For Sale,1.05 Crore,10500000.0,4.2 Marla,4.2,https://www.zameen.com/Property/gujranwala_sialkot_bypass_newly_renovated_house_for_sale-54571486-9450-1.html,Gujranwala,House,4.0,3.0,"Sialkot Bypass, Gujranwala, Punjab"
Aesthetic Good Location House Of 10 Marla For Sale Is Available,3.35 Crore,33500000.0,10.0 Marla,10.0,https://www.zameen.com/Property/dha_sector_a_dha_sector_a_-_rachna_villas_aesthetic_good_location_house_of_10_marla_for_sale_is_available-54470117-21898-1.html,Gujranwala,House,5.0,6.0,"DHA Defence, Gujranwala, Punjab"
1 Kanal House Available For Sale In Allama Iqbal Town Rahwali Gujranwala Cantt,4.25 Crore,42500000.0,1.0 Kanal,20.0,https://www.zameen.com/Property/gujranwala_allama_iqbal_town_1_kanal_house_available_for_sale_in_allama_iqbal_town_rahwali_gujranwala_cantt-54488518-8840-1.html,Gujranwala,House,5.0,5.0,"Allama Iqbal Town, Gujranwala, Punjab"
Prime Location 10 Marla House For sale In Wapda Town - Block A2 Gujranwala In Only Rs. 48000000,4.8 Crore,48000000.0,10.0 Marla,10.0,https://www.zameen.com/Property/wapda_town_wapda_town_-_block_a2_prime_location_10_marla_house_for_sale_in_wapda_town_-_block_a2_gujranwala_in_only_rs_48000000-54499551-5274-1.html,Gujranwala,House,5.0,5.0,"Wapda Town, Gujranwala, Punjab"
Get An Attractive Prime Location House In Gujranwala Under Rs. 45000000,4.5 Crore,45000000.0,10.0 Marla,10.0,https://www.zameen.com/Property/wapda_town_wapda_town_-_block_c2_get_an_attractive_prime_location_house_in_gujranwala_under_rs_45000000-54499552-5280-1.html,Gujranwala,House,5.0,5.0,"Wapda Town, Gujranwala, Punjab"
Best Options For Corner House Is Available For Sale In Citi Housing Society,4.85 Crore,48500000.0,11.0 Marla,11.0,https://www.zameen.com/Property/gujranwala_citi_housing_society_best_options_for_corner_house_is_available_for_sale_in_citi_housing_society-54515403-3083-1.html,Gujranwala,House,5.0,5.0,"Citi Housing Society, Gujranwala, Punjab"
Your Ideal Prime Location 10 Marla House Has Just Become Available In Citi Housing Society,4.5 Crore,45000000.0,10.0 Marla,10.0,https://www.zameen.com/Property/gujranwala_citi_housing_society_your_ideal_prime_location_10_marla_house_has_just_become_available_in_citi_housing_society-54515405-3083-1.html,Gujranwala,House,5.0,5.0,"Citi Housing Society, Gujranwala, Punjab"
Prime Location House In Citi Housing Society Sized 1 Kanal Is Available,8.5 Crore,85000000.0,1.0 Kanal,20.0,https://www.zameen.com/Property/gujranwala_citi_housing_society_prime_location_house_in_citi_housing_society_sized_1_kanal_is_available-54515411-3083-1.html,Gujranwala,House,6.0,6.0,"Citi Housing Society, Gujranwala, Punjab"
5 Marla Ultra Modern House For Sale | Double Height Entrance Citi Housing Gujranwala,1.85 Crore,18500000.0,5.0 Marla,5.0,https://www.zameen.com/Property/gujranwala_citi_housing_society_5_marla_ultra_modern_house_for_sale_double_height_entrance_citi_housing_gujranwala-54033609-3083-1.html,Gujranwala,House,4.0,5.0,"Citi Housing Society, Gujranwala, Punjab"
10 Marla Modern House For Sale Citi Housing Gujranwala 60 Feet Road,4.5 Crore,45000000.0,10.0 Marla,10.0,https://www.zameen.com/Property/gujranwala_citi_housing_society_10_marla_modern_house_for_sale_citi_housing_gujranwala_60_feet_road-54584855-3083-1.html,Gujranwala,House,7.0,6.0,"Citi Housing Society, Gujranwala, Punjab"
5 Marla Ultra Modern Doubel Height House For Sale Citi Housing Gujranwala,2.6 Crore,26000000.0,5.0 Marla,5.0,https://www.zameen.com/Property/gujranwala_citi_housing_society_5_marla_ultra_modern_doubel_height_house_for_sale_citi_housing_gujranwala-54594026-3083-1.html,Gujranwala,House,4.0,4.0,"Citi Housing Society, Gujranwala, Punjab"
10 Marla Ultra Modern Double-Height Lobby House For Sale | Citi Housing Gujranwala Solar Installed,4.25 Crore,42500000.0,10.0 Marla,10.0,https://www.zameen.com/Property/gujranwala_citi_housing_society_10_marla_ultra_modern_double-height_lobby_house_for_sale_citi_housing_gujranwala_solar_installed-54650625-3083-1.html,Gujranwala,House,6.0,7.0,"Citi Housing Society, Gujranwala, Punjab"
"14 MARLA NEW BRAND DOUBLE STORY HOUSE AVAILABLE FOR SALE, IN CITI HOUSING GUJRANWALA ON PRIME LOCATION.",6.7 Crore,67000000.0,14.0 Marla,14.0,https://www.zameen.com/Property/gujranwala_citi_housing_society_14_marla_new_brand_double_story_house_available_for_sale_in_citi_housing_gujranwala_on_prime_location-54655542-3083-1.html,Gujranwala,House,6.0,6.0,"Citi Housing Society, Gujranwala, Punjab"
This Is Your Chance To Buy Prime Location House In Royal Palm City,2.1 Crore,21000000.0,5.0 Marla,5.0,https://www.zameen.com/Property/eminabad_more_royal_palm_city_this_is_your_chance_to_buy_prime_location_house_in_royal_palm_city-54499545-11297-1.html,Gujranwala,House,4.0,4.0,"Eminabad More, Gujranwala, Punjab"
Good Location House In Garden Town Phase 3 For Sale,4.5 Crore,45000000.0,10.0 Marla,10.0,https://www.zameen.com/Property/garden_town_garden_town_phase_3_good_location_house_in_garden_town_phase_3_for_sale-54495325-20133-1.html,Gujranwala,House,5.0,6.0,"Garden Town, Gujranwala, Punjab"
"10 MARLA NEW BRAND SEMI FURNISHED DOUBLE STORY HOUSE AVAILABLE FOR SALE, IN CITI HOUSING GUJRANWALA ON PRIME LOCATION.",4.5 Crore,45000000.0,10.0 Marla,10.0,https://www.zameen.com/Property/gujranwala_citi_housing_society_10_marla_new_brand_semi_furnished_double_story_house_available_for_sale_in_citi_housing_gujranwala_on_prime_location-54660209-3083-1.html,Gujranwala,House,6.0,6.0,"Citi Housing Society, Gujranwala, Punjab"
"10 MARLA NEW BRAND DOUBLE STORY HOUSE AVAILABLE FOR SALE, IN CITI HOUSING GUJRANWALA ON PRIME LOCATION.",4.5 Crore,45000000.0,10.0 Marla,10.0,https://www.zameen.com/Property/gujranwala_citi_housing_society_10_marla_new_brand_double_story_house_available_for_sale_in_citi_housing_gujranwala_on_prime_location-54655856-3083-1.html,Gujranwala,House,6.0,6.0,"Citi Housing Society, Gujranwala, Punjab"
"10 MARLA NEW BRAND DOUBLE STORY HOUSE AVAILABLE FOR SALE, IN CITI HOUSING GUJRANWALA ON PRIME LOCATION.",5.0 Crore,50000000.0,10.0 Marla,10.0,https://www.zameen.com/Property/gujranwala_citi_housing_society_10_marla_new_brand_double_story_house_available_for_sale_in_citi_housing_gujranwala_on_prime_location-54655825-3083-1.html,Gujranwala,House,6.0,6.0,"Citi Housing Society, Gujranwala, Punjab"
"10 MARLA NEW BRAND DOUBLE STORY HOUSE AVAILABLE FOR SALE, IN CITI HOUSING GUJRANWALA ON PRIME LOCATION.",3.9 Crore,39000000.0,10.0 Marla,10.0,https://www.zameen.com/Property/gujranwala_citi_housing_society_10_marla_new_brand_double_story_house_available_for_sale_in_citi_housing_gujranwala_on_prime_location-54655780-3083-1.html,Gujranwala,House,6.0,6.0,"Citi Housing Society, Gujranwala, Punjab"
5 Marla Ultra Modern House Available For Sale In Citi Housing Gujranwala,2.75 Crore,27500000.0,5.0 Marla,5.0,https://www.zameen.com/Property/gujranwala_citi_housing_society_5_marla_ultra_modern_house_available_for_sale_in_citi_housing_gujranwala-54580122-3083-1.html,Gujranwala,House,4.0,5.0,"Citi Housing Society, Gujranwala, Punjab"
10 Marla House available at wide Road in Block FF Citi Housing Gujranwala,4.49 Crore,44900000.0,10.0 Marla,10.0,https://www.zameen.com/Property/gujranwala_citi_housing_society_10_marla_house_available_at_wide_road_in_block_ff_citi_housing_gujranwala-54684023-3083-1.html,Gujranwala,House,6.0,6.0,"Citi Housing Society, Gujranwala, Punjab"
Citi Housing Gujranwala Phase - 2 Brand New House Available For Sale,2.6 Crore,26000000.0,5.0 Marla,5.0,https://www.zameen.com/Property/citi_housing_society_citi_housing_-_phase_2_citi_housing_gujranwala_phase_-_2_brand_new_house_available_for_sale-54643406-3085-1.html,Gujranwala,House,4.0,4.0,"Citi Housing Society, Gujranwala, Punjab"
5.5 Marla Beautiful House For Sale,2.6 Crore,26000000.0,5.5 Marla,5.5,https://www.zameen.com/Property/gujranwala_citi_housing_society_5_5_marla_beautiful_house_for_sale-54611964-3083-1.html,Gujranwala,House,4.0,5.0,"Citi Housing Society, Gujranwala, Punjab"
1 Kanal House Available For Sale In D-C Colony,5.25 Crore,52500000.0,1.0 Kanal,20.0,https://www.zameen.com/Property/dc_colony_dc_colony_-_rachna_block_1_kanal_house_available_for_sale_in_d-c_colony-54657227-10118-1.html,Gujranwala,House,5.0,6.0,"DC Colony, Gujranwala, Punjab"
Brand New House Available For Sale In Bilal Town,70.0 Lakh,7000000.0,2.0 Marla,2.0,https://www.zameen.com/Property/gujranwala_bilal_town_brand_new_house_available_for_sale_in_bilal_town-54650790-5114-1.html,Gujranwala,House,2.0,3.0,"Bilal Town, Gujranwala, Punjab"
Prime Location 10 Marla House Is Available For Sale,4.5 Crore,45000000.0,10.0 Marla,10.0,https://www.zameen.com/Property/gujranwala_citi_housing_society_prime_location_10_marla_house_is_available_for_sale-54515406-3083-1.html,Gujranwala,House,5.0,5.0,"Citi Housing Society, Gujranwala, Punjab"
"11.5 MARLA NEW BRAND DOUBLE STORY HOUSE AVAILABLE FOR SALE, IN CITI HOUSING GUJRANWALA ON PRIME LOCATION.",4.85 Crore,48500000.0,11.5 Marla,11.5,https://www.zameen.com/Property/gujranwala_citi_housing_society_11_5_marla_new_brand_double_story_house_available_for_sale_in_citi_housing_gujranwala_on_prime_location-54660160-3083-1.html,Gujranwala,House,6.0,6.0,"Citi Housing Society, Gujranwala, Punjab"
5 Marla Slightly Used House For Sale in A Block | Citi Housing Gujranwala Pahse 2,1.85 Crore,18500000.0,5.0 Marla,5.0,https://www.zameen.com/Property/gujranwala_citi_housing_society_5_marla_slightly_used_house_for_sale_in_a_block_citi_housing_gujranwala_pahse_2-54682963-3083-1.html,Gujranwala,House,5.0,4.0,"Citi Housing Society, Gujranwala, Punjab"
Good Location In Garden Town Phase 3 3.5 Marla House For Sale,1.7 Crore,17000000.0,3.5 Marla,3.5,https://www.zameen.com/Property/garden_town_garden_town_phase_3_good_location_in_garden_town_phase_3_3_5_marla_house_for_sale-54543704-20133-1.html,Gujranwala,House,3.0,4.0,"Garden Town, Gujranwala, Punjab"
10 Marla (Brand New) Vila Available For Sale In D-H-A Gujranwala,3.4 Crore,34000000.0,10.0 Marla,10.0,https://www.zameen.com/Property/dha_sector_a_dha_sector_a_-_rachna_villas_10_marla_brand_new_vila_available_for_sale_in_d-h-a_gujranwala-54604044-21898-1.html,Gujranwala,House,4.0,4.0,"DHA Defence, Gujranwala, Punjab"
Good Location sale The Ideally Located House For An Incredible Price Of Pkr Rs. 38500000,3.8 Crore,38000000.0,10.0 Marla,10.0,https://www.zameen.com/Property/gujranwala_citi_housing_society_good_location_sale_the_ideally_located_house_for_an_incredible_price_of_pkr_rs_38500000-54596631-3083-1.html,Gujranwala,House,5.0,5.0,"Citi Housing Society, Gujranwala, Punjab"
A Good Location 5 Marla House Is Up For Grabs In DHA Defence,1.6 Crore,16000000.0,5.0 Marla,5.0,https://www.zameen.com/Property/dha_sector_a_dha_sector_a_-_rachna_villas_a_good_location_5_marla_house_is_up_for_grabs_in_dha_defence-54630218-21898-1.html,Gujranwala,House,3.0,4.0,"DHA Defence, Gujranwala, Punjab"
Good Location DHA Sector A - Rachna Villas House For sale Sized 5 Marla,1.55 Crore,15500000.0,5.0 Marla,5.0,https://www.zameen.com/Property/dha_sector_a_dha_sector_a_-_rachna_villas_good_location_dha_sector_a_-_rachna_villas_house_for_sale_sized_5_marla-54630219-21898-1.html,Gujranwala,House,3.0,4.0,"DHA Defence, Gujranwala, Punjab"
Good Location DHA Sector A - Rachna Villas House Sized 5 Marla For Sale,1.6 Crore,16000000.0,5.0 Marla,5.0,https://www.zameen.com/Property/dha_sector_a_dha_sector_a_-_rachna_villas_good_location_dha_sector_a_-_rachna_villas_house_sized_5_marla_for_sale-53928678-21898-1.html,Gujranwala,House,3.0,3.0,"DHA Defence, Gujranwala, Punjab"
Good Location 5 Marla House For sale In DHA Sector A - Rachna Villas Gujranwala In Only Rs. 16500000,1.6 Crore,16000000.0,5.0 Marla,5.0,https://www.zameen.com/Property/dha_sector_a_dha_sector_a_-_rachna_villas_good_location_5_marla_house_for_sale_in_dha_sector_a_-_rachna_villas_gujranwala_in_only_rs_16500000-54070081-21898-1.html,Gujranwala,House,3.0,3.0,"DHA Defence, Gujranwala, Punjab"
A Palatial Residence For Good Location Sale In DHA Sector A - Rachna Villas Gujranwala,1.55 Crore,15500000.0,5.0 Marla,5.0,https://www.zameen.com/Property/dha_sector_a_dha_sector_a_-_rachna_villas_a_palatial_residence_for_good_location_sale_in_dha_sector_a_-_rachna_villas_gujranwala-54665266-21898-1.html,Gujranwala,House,3.0,4.0,"DHA Defence, Gujranwala, Punjab"
Affordable Good Location House For Sale In DHA Sector A - Rachna Villas,1.6 Crore,16000000.0,5.0 Marla,5.0,https://www.zameen.com/Property/dha_sector_a_dha_sector_a_-_rachna_villas_affordable_good_location_house_for_sale_in_dha_sector_a_-_rachna_villas-54665267-21898-1.html,Gujranwala,House,3.0,4.0,"DHA Defence, Gujranwala, Punjab"
Reserve A Good Location House Now In DHA Sector A - Rachna Villas,2.05 Crore,20500000.0,6.0 Marla,6.0,https://www.zameen.com/Property/dha_sector_a_dha_sector_a_-_rachna_villas_reserve_a_good_location_house_now_in_dha_sector_a_-_rachna_villas-54665270-21898-1.html,Gujranwala,House,4.0,4.0,"DHA Defence, Gujranwala, Punjab"
Good Location 6 Marla House In Beautiful Location Of DHA Sector A - Rachna Villas In Gujranwala,2.15 Crore,21500000.0,6.0 Marla,6.0,https://www.zameen.com/Property/dha_sector_a_dha_sector_a_-_rachna_villas_good_location_6_marla_house_in_beautiful_location_of_dha_sector_a_-_rachna_villas_in_gujranwala-54665271-21898-1.html,Gujranwala,House,4.0,4.0,"DHA Defence, Gujranwala, Punjab"
Your Dream Good Location 10 Marla House Is Available In DHA Sector A - Rachna Villas,3.35 Crore,33500000.0,10.0 Marla,10.0,https://www.zameen.com/Property/dha_sector_a_dha_sector_a_-_rachna_villas_your_dream_good_location_10_marla_house_is_available_in_dha_sector_a_-_rachna_villas-54665272-21898-1.html,Gujranwala,House,5.0,6.0,"DHA Defence, Gujranwala, Punjab"
Good Location 10 Marla House Is Available For sale,3.45 Crore,34500000.0,10.0 Marla,10.0,https://www.zameen.com/Property/dha_sector_a_dha_sector_a_-_rachna_villas_good_location_10_marla_house_is_available_for_sale-54665273-21898-1.html,Gujranwala,House,5.0,6.0,"DHA Defence, Gujranwala, Punjab"
5 Marla Villa For Sale In DHA Gujranwala,1.7 Crore,17000000.0,5.0 Marla,5.0,https://www.zameen.com/Property/dha_sector_a_dha_sector_a_-_rachna_villas_5_marla_villa_for_sale_in_dha_gujranwala-52204572-21898-1.html,Gujranwala,House,3.0,3.0,"DHA Defence, Gujranwala, Punjab"
10 Marla Beautiful Villa DHA Gujranwala For Sale,3.3 Crore,33000000.0,10.0 Marla,10.0,https://www.zameen.com/Property/dha_sector_a_dha_sector_a_-_rachna_villas_10_marla_beautiful_villa_dha_gujranwala_for_sale-52199563-21898-1.html,Gujranwala,House,5.0,5.0,"DHA Defence, Gujranwala, Punjab"
6 Marla Beautiful Villa In Dha Gujranwala.,2.3 Crore,23000000.0,6.0 Marla,6.0,https://www.zameen.com/Property/dha_sector_a_dha_sector_a_-_rachna_villas_6_marla_beautiful_villa_in_dha_gujranwala-52204602-21898-1.html,Gujranwala,House,4.0,4.0,"DHA Defence, Gujranwala, Punjab"
5 Marla House Available For Sale In D-H-A Gujranwala Prime Location  Main 156 Wide Road  Next To Corner,2.2 Crore,22000000.0,5.0 Marla,5.0,https://www.zameen.com/Property/dha_sector_c_dha_sector_c_-_block_5_5_marla_house_available_for_sale_in_d-h-a_gujranwala_prime_location_main_156_wide_road_next_to_corner-54519197-18466-1.html,Gujranwala,House,3.0,4.0,"DHA Defence, Gujranwala, Punjab"
1 Kanal House Available For Sale In Allama Iqbal Town,3.95 Crore,39500000.0,1.0 Kanal,20.0,https://www.zameen.com/Property/gujranwala_allama_iqbal_town_1_kanal_house_available_for_sale_in_allama_iqbal_town-54667831-8840-1.html,Gujranwala,House,5.0,5.0,"Allama Iqbal Town, Gujranwala, Punjab"
Good Location 20 Marla House For sale In Gujranwala,10.0 Crore,100000000.0,1.0 Kanal,20.0,https://www.zameen.com/Property/master_city_housing_scheme_master_city_-_block_a_good_location_20_marla_house_for_sale_in_gujranwala-54599248-14337-1.html,Gujranwala,House,6.0,6.0,"Master City Housing Scheme, Gujranwala, Punjab"
Good Location 20 Marla House Up For sale In Master City - Block A,10.0 Crore,100000000.0,1.0 Kanal,20.0,https://www.zameen.com/Property/master_city_housing_scheme_master_city_-_block_a_good_location_20_marla_house_up_for_sale_in_master_city_-_block_a-54599247-14337-1.html,Gujranwala,House,6.0,6.0,"Master City Housing Scheme, Gujranwala, Punjab"
Good Location House For Sale Situated In DHA Sector A - Rachna Villas,2.15 Crore,21500000.0,6.0 Marla,6.0,https://www.zameen.com/Property/dha_sector_a_dha_sector_a_-_rachna_villas_good_location_house_for_sale_situated_in_dha_sector_a_-_rachna_villas-54630216-21898-1.html,Gujranwala,House,4.0,4.0,"DHA Defence, Gujranwala, Punjab"
Good Location 6 Marla House For sale In The Perfect Location Of DHA Sector A - Rachna Villas,2.05 Crore,20500000.0,6.0 Marla,6.0,https://www.zameen.com/Property/dha_sector_a_dha_sector_a_-_rachna_villas_good_location_6_marla_house_for_sale_in_the_perfect_location_of_dha_sector_a_-_rachna_villas-54630217-21898-1.html,Gujranwala,House,4.0,4.0,"DHA Defence, Gujranwala, Punjab"
Good Location 5 Marla House In Only Rs. 20900000,2.09 Crore,20900000.0,5.0 Marla,5.0,https://www.zameen.com/Property/garden_town_garden_town_phase_3_good_location_5_marla_house_in_only_rs_20900000-54587205-20133-1.html,Gujranwala,House,3.0,4.0,"Garden Town, Gujranwala, Punjab"
Good Location 5 Marla House In Stunning Garden Town Phase 3 Is Available For Sale,2.6 Crore,26000000.0,5.0 Marla,5.0,https://www.zameen.com/Property/garden_town_garden_town_phase_3_good_location_5_marla_house_in_stunning_garden_town_phase_3_is_available_for_sale-54587210-20133-1.html,Gujranwala,House,3.0,4.0,"Garden Town, Gujranwala, Punjab"
Good Location 5 Marla House For Sale In DHA Sector A - Rachna Villas,1.8 Crore,18000000.0,5.0 Marla,5.0,https://www.zameen.com/Property/dha_sector_a_dha_sector_a_-_rachna_villas_good_location_5_marla_house_for_sale_in_dha_sector_a_-_rachna_villas-54665349-21898-1.html,Gujranwala,House,3.0,4.0,"DHA Defence, Gujranwala, Punjab"
Get In Touch Now To Buy A Good Location House In DHA Sector A - Rachna Villas,1.75 Crore,17500000.0,5.0 Marla,5.0,https://www.zameen.com/Property/dha_sector_a_dha_sector_a_-_rachna_villas_get_in_touch_now_to_buy_a_good_location_house_in_dha_sector_a_-_rachna_villas-54665348-21898-1.html,Gujranwala,House,3.0,4.0,"DHA Defence, Gujranwala, Punjab"
Good Location DHA Sector A - Rachna Villas House For Sale Sized 5 Marla,1.85 Crore,18500000.0,5.0 Marla,5.0,https://www.zameen.com/Property/dha_sector_a_dha_sector_a_-_rachna_villas_good_location_dha_sector_a_-_rachna_villas_house_for_sale_sized_5_marla-54665351-21898-1.html,Gujranwala,House,3.0,4.0,"DHA Defence, Gujranwala, Punjab"
Good Location 6 Marla House For sale In DHA Sector A - Rachna Villas Gujranwala In Only Rs. 21000000,2.1 Crore,21000000.0,6.0 Marla,6.0,https://www.zameen.com/Property/dha_sector_a_dha_sector_a_-_rachna_villas_good_location_6_marla_house_for_sale_in_dha_sector_a_-_rachna_villas_gujranwala_in_only_rs_21000000-54665353-21898-1.html,Gujranwala,House,4.0,4.0,"DHA Defence, Gujranwala, Punjab"
Gorgeous Good Location 6 Marla House For sale Available In DHA Sector A - Rachna Villas,2.05 Crore,20500000.0,6.0 Marla,6.0,https://www.zameen.com/Property/dha_sector_a_dha_sector_a_-_rachna_villas_gorgeous_good_location_6_marla_house_for_sale_available_in_dha_sector_a_-_rachna_villas-54665352-21898-1.html,Gujranwala,House,4.0,4.0,"DHA Defence, Gujranwala, Punjab"
"Good Location House Of 6 Marla Is Available For Sale In DHA Sector A - Rachna Villas, Gujranwala",2.15 Crore,21500000.0,6.0 Marla,6.0,https://www.zameen.com/Property/dha_sector_a_dha_sector_a_-_rachna_villas_good_location_house_of_6_marla_is_available_for_sale_in_dha_sector_a_-_rachna_villas_gujranwala-54665354-21898-1.html,Gujranwala,House,4.0,4.0,"DHA Defence, Gujranwala, Punjab"
Spacious Good Location 6 Marla House Available For sale In DHA Sector A - Rachna Villas,2.25 Crore,22500000.0,6.0 Marla,6.0,https://www.zameen.com/Property/dha_sector_a_dha_sector_a_-_rachna_villas_spacious_good_location_6_marla_house_available_for_sale_in_dha_sector_a_-_rachna_villas-54665356-21898-1.html,Gujranwala,House,4.0,4.0,"DHA Defence, Gujranwala, Punjab"
Good Location House Available For sale In DHA Sector A - Rachna Villas,2.2 Crore,22000000.0,6.0 Marla,6.0,https://www.zameen.com/Property/dha_sector_a_dha_sector_a_-_rachna_villas_good_location_house_available_for_sale_in_dha_sector_a_-_rachna_villas-54665355-21898-1.html,Gujranwala,House,4.0,4.0,"DHA Defence, Gujranwala, Punjab"
Looking For A Good Location House In Gujranwala,2.35 Crore,23500000.0,6.0 Marla,6.0,https://www.zameen.com/Property/dha_sector_a_dha_sector_a_-_rachna_villas_looking_for_a_good_location_house_in_gujranwala-54665358-21898-1.html,Gujranwala,House,4.0,4.0,"DHA Defence, Gujranwala, Punjab"
Find Your Ideal Good Location House In Gujranwala Under Rs. 24000000,2.4 Crore,24000000.0,6.0 Marla,6.0,https://www.zameen.com/Property/dha_sector_a_dha_sector_a_-_rachna_villas_find_your_ideal_good_location_house_in_gujranwala_under_rs_24000000-54665359-21898-1.html,Gujranwala,House,4.0,4.0,"DHA Defence, Gujranwala, Punjab"
Good Location House Sized 6 Marla Is Available For Sale In DHA Sector A - Rachna Villas,2.5 Crore,25000000.0,6.0 Marla,6.0,https://www.zameen.com/Property/dha_sector_a_dha_sector_a_-_rachna_villas_good_location_house_sized_6_marla_is_available_for_sale_in_dha_sector_a_-_rachna_villas-54665361-21898-1.html,Gujranwala,House,4.0,4.0,"DHA Defence, Gujranwala, Punjab"
Buying A Good Location House In Gujranwala?,2.45 Crore,24500000.0,6.0 Marla,6.0,https://www.zameen.com/Property/dha_sector_a_dha_sector_a_-_rachna_villas_buying_a_good_location_house_in_gujranwala-54665360-21898-1.html,Gujranwala,House,4.0,4.0,"DHA Defence, Gujranwala, Punjab"
Good Location 10 Marla House For Sale In DHA Sector A - Rachna Villas Gujranwala,3.4 Crore,34000000.0,10.0 Marla,10.0,https://www.zameen.com/Property/dha_sector_a_dha_sector_a_-_rachna_villas_good_location_10_marla_house_for_sale_in_dha_sector_a_-_rachna_villas_gujranwala-54665362-21898-1.html,Gujranwala,House,5.0,6.0,"DHA Defence, Gujranwala, Punjab"
Good Location 10 Marla House In DHA Sector A - Rachna Villas Is Available,3.5 Crore,35000000.0,10.0 Marla,10.0,https://www.zameen.com/Property/dha_sector_a_dha_sector_a_-_rachna_villas_good_location_10_marla_house_in_dha_sector_a_-_rachna_villas_is_available-54665364-21898-1.html,Gujranwala,House,5.0,6.0,"DHA Defence, Gujranwala, Punjab"
Good Location DHA Sector A - Rachna Villas House Sized 10 Marla Is Available,3.45 Crore,34500000.0,10.0 Marla,10.0,https://www.zameen.com/Property/dha_sector_a_dha_sector_a_-_rachna_villas_good_location_dha_sector_a_-_rachna_villas_house_sized_10_marla_is_available-54665363-21898-1.html,Gujranwala,House,5.0,6.0,"DHA Defence, Gujranwala, Punjab"
A Good Location 10 Marla House Has Landed On Market In DHA Sector A - Rachna Villas Of Gujranwala,3.55 Crore,35500000.0,10.0 Marla,10.0,https://www.zameen.com/Property/dha_sector_a_dha_sector_a_-_rachna_villas_a_good_location_10_marla_house_has_landed_on_market_in_dha_sector_a_-_rachna_villas_of_gujranwala-54665365-21898-1.html,Gujranwala,House,5.0,6.0,"DHA Defence, Gujranwala, Punjab"
Highly-Desirable Good Location 10 Marla House Available In DHA Sector A - Rachna Villas,3.65 Crore,36500000.0,10.0 Marla,10.0,https://www.zameen.com/Property/dha_sector_a_dha_sector_a_-_rachna_villas_highly-desirable_good_location_10_marla_house_available_in_dha_sector_a_-_rachna_villas-54665367-21898-1.html,Gujranwala,House,5.0,6.0,"DHA Defence, Gujranwala, Punjab"
Good Location 10 Marla House For sale In The Perfect Location Of DHA Sector A - Rachna Villas,3.6 Crore,36000000.0,10.0 Marla,10.0,https://www.zameen.com/Property/dha_sector_a_dha_sector_a_-_rachna_villas_good_location_10_marla_house_for_sale_in_the_perfect_location_of_dha_sector_a_-_rachna_villas-54665366-21898-1.html,Gujranwala,House,5.0,6.0,"DHA Defence, Gujranwala, Punjab"
Get This Amazing Good Location 10 Marla House Available In DHA Sector A - Rachna Villas,3.75 Crore,37500000.0,10.0 Marla,10.0,https://www.zameen.com/Property/dha_sector_a_dha_sector_a_-_rachna_villas_get_this_amazing_good_location_10_marla_house_available_in_dha_sector_a_-_rachna_villas-54665369-21898-1.html,Gujranwala,House,5.0,6.0,"DHA Defence, Gujranwala, Punjab"
Ideally Located Good Location House Of 10 Marla Is Available For sale In Gujranwala,3.7 Crore,37000000.0,10.0 Marla,10.0,https://www.zameen.com/Property/dha_sector_a_dha_sector_a_-_rachna_villas_ideally_located_good_location_house_of_10_marla_is_available_for_sale_in_gujranwala-54665368-21898-1.html,Gujranwala,House,5.0,6.0,"DHA Defence, Gujranwala, Punjab"
Good Location 10 Marla House Available In DHA Sector A - Rachna Villas For sale,3.8 Crore,38000000.0,10.0 Marla,10.0,https://www.zameen.com/Property/dha_sector_a_dha_sector_a_-_rachna_villas_good_location_10_marla_house_available_in_dha_sector_a_-_rachna_villas_for_sale-54665370-21898-1.html,Gujranwala,House,5.0,6.0,"DHA Defence, Gujranwala, Punjab"
A Palatial Residence For Good Location House For Sale In DHA Sector A - Rachna Villas Gujranwala,3.9 Crore,39000000.0,10.0 Marla,10.0,https://www.zameen.com/Property/dha_sector_a_dha_sector_a_-_rachna_villas_a_palatial_residence_for_good_location_house_for_sale_in_dha_sector_a_-_rachna_villas_gujranwala-54665373-21898-1.html,Gujranwala,House,5.0,6.0,"DHA Defence, Gujranwala, Punjab"
"Good Location House Of 10 Marla Is Available For sale In DHA Sector A - Rachna Villas, Gujranwala",3.85 Crore,38500000.0,10.0 Marla,10.0,https://www.zameen.com/Property/dha_sector_a_dha_sector_a_-_rachna_villas_good_location_house_of_10_marla_is_available_for_sale_in_dha_sector_a_-_rachna_villas_gujranwala-54665371-21898-1.html,Gujranwala,House,5.0,6.0,"DHA Defence, Gujranwala, Punjab"
Your Dream Good Location 10 Marla House Is Available In DHA Sector A - Rachna Villas,3.95 Crore,39500000.0,10.0 Marla,10.0,https://www.zameen.com/Property/dha_sector_a_dha_sector_a_-_rachna_villas_your_dream_good_location_10_marla_house_is_available_in_dha_sector_a_-_rachna_villas-54665374-21898-1.html,Gujranwala,House,5.0,6.0,"DHA Defence, Gujranwala, Punjab"
A Good Location 10 Marla House In Gujranwala Is On The Market For sale,3.48 Crore,34800000.0,10.0 Marla,10.0,https://www.zameen.com/Property/dha_sector_a_dha_sector_a_-_rachna_villas_a_good_location_10_marla_house_in_gujranwala_is_on_the_market_for_sale-54665375-21898-1.html,Gujranwala,House,5.0,6.0,"DHA Defence, Gujranwala, Punjab"
10 Marla House Available For Sale In Defence Gujranwala Cantt :,5.25 Crore,52500000.0,10.0 Marla,10.0,https://www.zameen.com/Property/rahwali_cantt_defence_phase_2_10_marla_house_available_for_sale_in_defence_gujranwala_cantt-54666016-9554-1.html,Gujranwala,House,4.0,4.0,"Rahwali Cantt, Gujranwala, Punjab"
"10 Marla Brand New Modern House BLOCK C For Sale In Royal Palm City Gujranwala Royal Palm City, Eminabad More, Gujranwala, Punjab",4.5 Crore,45000000.0,10.0 Marla,10.0,https://www.zameen.com/Property/royal_palm_city_royal_palm_city_-_block_c_10_marla_brand_new_modern_house_block_c_for_sale_in_royal_palm_city_gujranwala_royal_palm_city_eminabad_more_gujranwala_punjab-54662619-17212-1.html,Gujranwala,House,5.0,6.0,"Eminabad More, Gujranwala, Punjab"
Grey Structure 5 Marla House For sale In Royal Palm City - Block F Gujranwala,1.45 Crore,14500000.0,5.0 Marla,5.0,https://www.zameen.com/Property/royal_palm_city_royal_palm_city_-_block_f_grey_structure_5_marla_house_for_sale_in_royal_palm_city_-_block_f_gujranwala-54669269-17215-1.html,Gujranwala,House,4.0,4.0,"Eminabad More, Gujranwala, Punjab"
Centrally Located Prime Location House For sale In Citi Housing - Phase 2 Available,5.0 Crore,50000000.0,10.0 Marla,10.0,https://www.zameen.com/Property/citi_housing_society_citi_housing_-_phase_2_centrally_located_prime_location_house_for_sale_in_citi_housing_-_phase_2_available-54597325-3085-1.html,Gujranwala,House,6.0,6.0,"Citi Housing Society, Gujranwala, Punjab"
Prime Location 10 Marla House In Stunning Citi Housing Society Is Available For sale,4.5 Crore,45000000.0,10.0 Marla,10.0,https://www.zameen.com/Property/gujranwala_citi_housing_society_prime_location_10_marla_house_in_stunning_citi_housing_society_is_available_for_sale-54597326-3083-1.html,Gujranwala,House,5.0,5.0,"Citi Housing Society, Gujranwala, Punjab"
Buy Your Ideal Prime Location 10 Marla House In A Prime Location Of Citi Housing Society,4.5 Crore,45000000.0,10.0 Marla,10.0,https://www.zameen.com/Property/gujranwala_citi_housing_society_buy_your_ideal_prime_location_10_marla_house_in_a_prime_location_of_citi_housing_society-54597327-3083-1.html,Gujranwala,House,5.0,5.0,"Citi Housing Society, Gujranwala, Punjab"
Prime Location 10 Marla House In Stunning Citi Housing Society Is Available For Sale,4.9 Crore,49000000.0,10.0 Marla,10.0,https://www.zameen.com/Property/gujranwala_citi_housing_society_prime_location_10_marla_house_in_stunning_citi_housing_society_is_available_for_sale-54597328-3083-1.html,Gujranwala,House,5.0,5.0,"Citi Housing Society, Gujranwala, Punjab"
Block BB Phase 1 Facing Park 10 Marla House For Sale,5.5 Crore,55000000.0,10.0 Marla,10.0,https://www.zameen.com/Property/gujranwala_citi_housing_society_block_bb_phase_1_facing_park_10_marla_house_for_sale-54597329-3083-1.html,Gujranwala,House,6.0,6.0,"Citi Housing Society, Gujranwala, Punjab"
7 Marla Corner Modern House For Sale Citi Housing Gujranwala,3.25 Crore,32500000.0,7.0 Marla,7.0,https://www.zameen.com/Property/gujranwala_wafi_citi_housing_scheme_7_marla_corner_modern_house_for_sale_citi_housing_gujranwala-54516802-9518-1.html,Gujranwala,House,7.0,7.0,"Wafi Citi Housing Scheme, Gujranwala, Punjab"
5.5 Luxury House For Sale Citi Housing Gujranwala,2.35 Crore,23500000.0,5.6 Marla,5.6,https://www.zameen.com/Property/gujranwala_citi_housing_society_5_5_luxury_house_for_sale_citi_housing_gujranwala-54682921-3083-1.html,Gujranwala,House,4.0,,"Citi Housing Society, Gujranwala, Punjab"
Prime Location sale A House In Citi Housing Society Prime Location,4.8 Crore,48000000.0,10.0 Marla,10.0,https://www.zameen.com/Property/gujranwala_citi_housing_society_prime_location_sale_a_house_in_citi_housing_society_prime_location-54163717-3083-1.html,Gujranwala,House,5.0,5.0,"Citi Housing Society, Gujranwala, Punjab"
Prime Location 5 Marla House In Only Rs. 21500000,2.15 Crore,21500000.0,5.0 Marla,5.0,https://www.zameen.com/Property/royal_palm_city_royal_palm_city_-_block_d_prime_location_5_marla_house_in_only_rs_21500000-54163718-17213-1.html,Gujranwala,House,5.0,5.0,"Eminabad More, Gujranwala, Punjab"
10 Marla Ultra Modern Double Height Park Facing Luxury House For Sale | Citi Housing Gujranwala,4.8 Crore,48000000.0,10.0 Marla,10.0,https://www.zameen.com/Property/gujranwala_citi_housing_society_10_marla_ultra_modern_double_height_park_facing_luxury_house_for_sale_citi_housing_gujranwala-54364555-3083-1.html,Gujranwala,House,6.0,7.0,"Citi Housing Society, Gujranwala, Punjab"
8 Marla Luxury Corner House Tour | Citi Housing Gujranwala | Ultra Modern Designer Home,3.0 Crore,30000000.0,8.0 Marla,8.0,https://www.zameen.com/Property/gujranwala_citi_housing_society_8_marla_luxury_corner_house_tour_citi_housing_gujranwala_ultra_modern_designer_home-54451980-3083-1.html,Gujranwala,House,6.0,7.0,"Citi Housing Society, Gujranwala, Punjab"
5 Marla Ultra Modern Luxury House For Sale Citi Housing Gujranwala,2.4 Crore,24000000.0,5.0 Marla,5.0,https://www.zameen.com/Property/gujranwala_citi_housing_society_5_marla_ultra_modern_luxury_house_for_sale_citi_housing_gujranwala-54493589-3083-1.html,Gujranwala,House,4.0,5.0,"Citi Housing Society, Gujranwala, Punjab"
10 Marla Modern Double Height House For Sale | Very Affordable Price | Citi Housing Gujranwala,3.9 Crore,39000000.0,10.0 Marla,10.0,https://www.zameen.com/Property/gujranwala_citi_housing_society_10_marla_modern_double_height_house_for_sale_very_affordable_price_citi_housing_gujranwala-53638147-3083-1.html,Gujranwala,House,6.0,6.0,"Citi Housing Society, Gujranwala, Punjab"
Luxury 1 Kanal House For Sale On 50 Feet Road | Prime Location In Citi Housing,8.5 Crore,85000000.0,1.0 Kanal,20.0,https://www.zameen.com/Property/gujranwala_citi_housing_society_luxury_1_kanal_house_for_sale_on_50_feet_road_prime_location_in_citi_housing-52087558-3083-1.html,Gujranwala,House,7.0,7.0,"Citi Housing Society, Gujranwala, Punjab"
Low Budget 5 Marla House For Sale,1.45 Crore,14500000.0,5.0 Marla,5.0,https://www.zameen.com/Property/gujranwala_citi_housing_society_low_budget_5_marla_house_for_sale-54152442-3083-1.html,Gujranwala,House,4.0,4.0,"Citi Housing Society, Gujranwala, Punjab"
Friendly Budget 5 Marla Brand New House Available For Sale Citi Housing Gujranwala,1.75 Crore,17500000.0,5.0 Marla,5.0,https://www.zameen.com/Property/gujranwala_citi_housing_society_friendly_budget_5_marla_brand_new_house_available_for_sale_citi_housing_gujranwala-54046156-3083-1.html,Gujranwala,House,4.0,4.0,"Citi Housing Society, Gujranwala, Punjab"
Park Facing 5 Marla House For Sale DD Block Citi Housing Gujranwala,2.3 Crore,23000000.0,5.0 Marla,5.0,https://www.zameen.com/Property/citi_housing_phase_1_citi_housing_phase_1_-_block_dd_park_facing_5_marla_house_for_sale_dd_block_citi_housing_gujranwala-52354845-20423-1.html,Gujranwala,House,4.0,5.0,"Citi Housing Society, Gujranwala, Punjab"
"10 Marla Double Storey House Prime Location Near CBG Office, Bazar Area ,Rahwali Cantt",4.5 Crore,45000000.0,10.0 Marla,10.0,https://www.zameen.com/Property/gujranwala_rahwali_cantt_10_marla_double_storey_house_prime_location_near_cbg_office_bazar_area_rahwali_cantt-51813874-1295-1.html,Gujranwala,House,4.0,4.0,"Rahwali Cantt, Gujranwala, Punjab"
Facing Park 10 Marla Modern House Available For Sale Phase 1 Citi Housing Gujranwala,5.5 Crore,55000000.0,10.0 Marla,10.0,https://www.zameen.com/Property/gujranwala_citi_housing_society_facing_park_10_marla_modern_house_available_for_sale_phase_1_citi_housing_gujranwala-54506602-3083-1.html,Gujranwala,House,6.0,7.0,"Citi Housing Society, Gujranwala, Punjab"
Block BB Phase 1 5 Marla Brand New House Available For Sale,2.4 Crore,24000000.0,5.0 Marla,5.0,https://www.zameen.com/Property/citi_housing_phase_1_citi_housing_phase_1_-_block_bb_block_bb_phase_1_5_marla_brand_new_house_available_for_sale-54504597-20421-1.html,Gujranwala,House,4.0,5.0,"Citi Housing Society, Gujranwala, Punjab"
Prime Location 5 Marla House In Citi Housing Society,1.8 Crore,18000000.0,5.0 Marla,5.0,https://www.zameen.com/Property/gujranwala_citi_housing_society_prime_location_5_marla_house_in_citi_housing_society-54669087-3083-1.html,Gujranwala,House,4.0,4.0,"Citi Housing Society, Gujranwala, Punjab"
Get In Touch Now To Buy A Prime Location 10 Marla House In Citi Housing Society,4.25 Crore,42500000.0,10.0 Marla,10.0,https://www.zameen.com/Property/gujranwala_citi_housing_society_get_in_touch_now_to_buy_a_prime_location_10_marla_house_in_citi_housing_society-54669101-3083-1.html,Gujranwala,House,5.0,5.0,"Citi Housing Society, Gujranwala, Punjab"
Centrally Located On Excellent Location House For sale In Citi Housing Society Available,8.5 Crore,85000000.0,1.0 Kanal,20.0,https://www.zameen.com/Property/gujranwala_citi_housing_society_centrally_located_on_excellent_location_house_for_sale_in_citi_housing_society_available-54669102-3083-1.html,Gujranwala,House,6.0,6.0,"Citi Housing Society, Gujranwala, Punjab"
Book A Facing Park 10 Marla House In Citi Housing Society,4.8 Crore,48000000.0,10.0 Marla,10.0,https://www.zameen.com/Property/gujranwala_citi_housing_society_book_a_facing_park_10_marla_house_in_citi_housing_society-54669103-3083-1.html,Gujranwala,House,5.0,5.0,"Citi Housing Society, Gujranwala, Punjab"
Most Beautiful 5 Marla House Available For Sale In Citi Housing Gujranwala,1.65 Crore,16500000.0,5.0 Marla,5.0,https://www.zameen.com/Property/gujranwala_citi_housing_society_most_beautiful_5_marla_house_available_for_sale_in_citi_housing_gujranwala-54679864-3083-1.html,Gujranwala,House,4.0,5.0,"Citi Housing Society, Gujranwala, Punjab"
10 Marla Luxury House Available For Sale In Citi Housing Gujranwala,4.9 Crore,49000000.0,10.0 Marla,10.0,https://www.zameen.com/Property/gujranwala_citi_housing_society_10_marla_luxury_house_available_for_sale_in_citi_housing_gujranwala-54679862-3083-1.html,Gujranwala,House,5.0,6.0,"Citi Housing Society, Gujranwala, Punjab"
Most beautiful ultra modern house available for sale in Citi housing Gujranwala on 50 ft road near Park mosque,2.6 Crore,26000000.0,5.0 Marla,5.0,https://www.zameen.com/Property/gujranwala_citi_housing_society_most_beautiful_ultra_modern_house_available_for_sale_in_citi_housing_gujranwala_on_50_ft_road_near_park_mosque-54679863-3083-1.html,Gujranwala,House,4.0,5.0,"Citi Housing Society, Gujranwala, Punjab"
Friendly budget 5 Marla Slightly Used House for sale Citi Housing Gujranwala,1.65 Crore,16500000.0,5.0 Marla,5.0,https://www.zameen.com/Property/gujranwala_citi_housing_society_friendly_budget_5_marla_slightly_used_house_for_sale_citi_housing_gujranwala-54352943-3083-1.html,Gujranwala,House,4.0,4.0,"Citi Housing Society, Gujranwala, Punjab"
Modern Classic 5 Marla House For Sale Phase 1 Block DD Citi Housing Gujranwala,2.6 Crore,26000000.0,5.0 Marla,5.0,https://www.zameen.com/Property/gujranwala_citi_housing_society_modern_classic_5_marla_house_for_sale_phase_1_block_dd_citi_housing_gujranwala-54189319-3083-1.html,Gujranwala,House,4.0,5.0,"Citi Housing Society, Gujranwala, Punjab"
Ideally Located Main Double Road House For sale In DC Colony - Kabul Block Available,9.5 Crore,95000000.0,1.0 Kanal,20.0,https://www.zameen.com/Property/dc_colony_dc_colony_-_kabul_block_ideally_located_main_double_road_house_for_sale_in_dc_colony_-_kabul_block_available-54166531-12085-1.html,Gujranwala,House,6.0,6.0,"DC Colony, Gujranwala, Punjab"
Dc Colony 5 Marla House For Sale,2.6 Crore,26000000.0,5.0 Marla,5.0,https://www.zameen.com/Property/dc_colony_dc_colony_-_sawan_block_dc_colony_5_marla_house_for_sale-54251351-10120-1.html,Gujranwala,House,3.0,4.0,"DC Colony, Gujranwala, Punjab"
10 Marla Lavish And Ultra Modren Corner House For Sale In DC Colony,4.85 Crore,48500000.0,10.0 Marla,10.0,https://www.zameen.com/Property/gujranwala_dc_colony_10_marla_lavish_and_ultra_modren_corner_house_for_sale_in_dc_colony-53677389-1227-1.html,Gujranwala,House,,,
10 Marla Brand New Spanish House For Sale,3.95 Crore,39500000.0,10.0 Marla,10.0,https://www.zameen.com/Property/gujranwala_dc_colony_10_marla_brand_new_spanish_house_for_sale-53677402-1227-1.html,Gujranwala,House,,,
1 Kanal Minor Used House Available For Sale In Dc Colony Gujranwala,6.8 Crore,68000000.0,1.0 Kanal,20.0,https://www.zameen.com/Property/gujranwala_dc_colony_1_kanal_minor_used_house_available_for_sale_in_dc_colony_gujranwala-53737602-1227-1.html,Gujranwala,House,,,
10 Marla Lavish Ultra Modren House For Sale In Fazaia Housing Scheme Gujranwala,3.85 Crore,38500000.0,10.0 Marla,10.0,https://www.zameen.com/Property/gujranwala_bypass_fazaia_housing_scheme_10_marla_lavish_ultra_modren_house_for_sale_in_fazaia_housing_scheme_gujranwala-53917628-8476-1.html,Gujranwala,House,,,
10 Marla Modern Lavish House For Sale In DC Colony Gujranwala,4.35 Crore,43500000.0,10.0 Marla,10.0,https://www.zameen.com/Property/gujranwala_dc_colony_10_marla_modern_lavish_house_for_sale_in_dc_colony_gujranwala-54252485-1227-1.html,Gujranwala,House,,,
10 Marla Ultra Modern House Available For Sale In Dc Colony Sawan Block Gujranwala Cantt,4.5 Crore,45000000.0,10.0 Marla,10.0,https://www.zameen.com/Property/dc_colony_dc_colony_-_sawan_block_10_marla_ultra_modern_house_available_for_sale_in_dc_colony_sawan_block_gujranwala_cantt-54495105-10120-1.html,Gujranwala,House,5.0,6.0,"DC Colony, Gujranwala, Punjab"
10 Marla Fully luxury Ultra Modern House Available For Sale In Mehran Block DC Colony Gujranwala Cantt,4.55 Crore,45500000.0,10.0 Marla,10.0,https://www.zameen.com/Property/dc_colony_dc_colony_-_mehran_block_10_marla_fully_luxury_ultra_modern_house_available_for_sale_in_mehran_block_dc_colony_gujranwala_cantt-54432296-10116-1.html,Gujranwala,House,5.0,6.0,"DC Colony, Gujranwala, Punjab"
5 Marla Ultra Luxury House Sawan Block DC Colony Gujranwala Cantt,2.75 Crore,27500000.0,5.0 Marla,5.0,https://www.zameen.com/Property/dc_colony_dc_colony_-_sawan_block_5_marla_ultra_luxury_house_sawan_block_dc_colony_gujranwala_cantt-54431498-10120-1.html,Gujranwala,House,4.0,4.0,"DC Colony, Gujranwala, Punjab"
Gorgeous Corner 14 Marla House For Sale Available In Citi Housing Society,6.7 Crore,67000000.0,14.0 Marla,14.0,https://www.zameen.com/Property/gujranwala_citi_housing_society_gorgeous_corner_14_marla_house_for_sale_available_in_citi_housing_society-54472780-3083-1.html,Gujranwala,House,6.0,6.0,"Citi Housing Society, Gujranwala, Punjab"
Prime Location House For Sale In Royal Palm City Gujranwala,4.25 Crore,42500000.0,10.0 Marla,10.0,https://www.zameen.com/Property/eminabad_more_royal_palm_city_prime_location_house_for_sale_in_royal_palm_city_gujranwala-54472789-11297-1.html,Gujranwala,House,5.0,5.0,"Eminabad More, Gujranwala, Punjab"
Prime Location House Sized 5 Marla Is Available For Sale In Royal Palm City,2.15 Crore,21500000.0,5.0 Marla,5.0,https://www.zameen.com/Property/eminabad_more_royal_palm_city_prime_location_house_sized_5_marla_is_available_for_sale_in_royal_palm_city-54472784-11297-1.html,Gujranwala,House,4.0,4.0,"Eminabad More, Gujranwala, Punjab"
Avail Yourself A Great 5 Marla House In Citi Housing Society,2.75 Crore,27500000.0,5.0 Marla,5.0,https://www.zameen.com/Property/gujranwala_citi_housing_society_avail_yourself_a_great_5_marla_house_in_citi_housing_society-54530585-3083-1.html,Gujranwala,House,4.0,5.0,"Citi Housing Society, Gujranwala, Punjab"
5 MARLA BRAND NEW HOUSE AVAILABLE FOR SALE (AT REASONABLE PRICE) IN CITI HOUSING GUJRANWALA,2.5 Crore,25000000.0,5.0 Marla,5.0,https://www.zameen.com/Property/gujranwala_citi_housing_society_5_marla_brand_new_house_available_for_sale_at_reasonable_price_in_citi_housing_gujranwala-54530556-3083-1.html,Gujranwala,House,4.0,5.0,"Citi Housing Society, Gujranwala, Punjab"
5.5 MARLA BRAND NEW HOUSE AVAILABLE FOR SALE (AT REASONABLE PRICE) IN CITI HOUSING GUJRANWALA,2.4 Crore,24000000.0,5.5 Marla,5.5,https://www.zameen.com/Property/gujranwala_citi_housing_society_5_5_marla_brand_new_house_available_for_sale_at_reasonable_price_in_citi_housing_gujranwala-54416832-3083-1.html,Gujranwala,House,4.0,5.0,"Citi Housing Society, Gujranwala, Punjab"
5 MARLA BRAND NEW HOUSE AVAILABLE FOR SALE (AT REASONABLE PRICE) IN CITI HOUSING GUJRANWALA,2.45 Crore,24500000.0,5.0 Marla,5.0,https://www.zameen.com/Property/gujranwala_citi_housing_society_5_marla_brand_new_house_available_for_sale_at_reasonable_price_in_citi_housing_gujranwala-54408973-3083-1.html,Gujranwala,House,4.0,5.0,"Citi Housing Society, Gujranwala, Punjab"
5 MARLA BRAND NEW HOUSE AVAILABLE FOR SALE (AT REASONABLE PRICE) IN CITI HOUSING GUJRANWALA,1.9 Crore,19000000.0,5.0 Marla,5.0,https://www.zameen.com/Property/gujranwala_citi_housing_society_5_marla_brand_new_house_available_for_sale_at_reasonable_price_in_citi_housing_gujranwala-54409005-3083-1.html,Gujranwala,House,4.0,5.0,"Citi Housing Society, Gujranwala, Punjab"
Ultra modern 11.50 Marla Facing park house available for sale in Citi housing Gujranwala,4.2 Crore,42000000.0,11.5 Marla,11.5,https://www.zameen.com/Property/gujranwala_citi_housing_society_ultra_modern_11_50_marla_facing_park_house_available_for_sale_in_citi_housing_gujranwala-54675460-3083-1.html,Gujranwala,House,5.0,6.0,"Citi Housing Society, Gujranwala, Punjab"
Affordable & Prime Location 10 Marla House Available For Sale,3.6 Crore,36000000.0,10.0 Marla,10.0,https://www.zameen.com/Property/eminabad_more_royal_palm_city_affordable_prime_location_10_marla_house_available_for_sale-54494500-11297-1.html,Gujranwala,House,5.0,5.0,"Eminabad More, Gujranwala, Punjab"
Dc colony 5 Marla house for sale,2.75 Crore,27500000.0,5.0 Marla,5.0,https://www.zameen.com/Property/dc_colony_dc_colony_-_sawan_block_dc_colony_5_marla_house_for_sale-54679214-10120-1.html,Gujranwala,House,4.0,5.0,"DC Colony, Gujranwala, Punjab"
8.5 Marla Beautiful 5 Bed House Available In DC Colony Gujranwala,3.9 Crore,39000000.0,9.0 Marla,9.0,https://www.zameen.com/Property/gujranwala_dc_colony_8_5_marla_beautiful_5_bed_house_available_in_dc_colony_gujranwala-54282816-1227-1.html,Gujranwala,House,,,
1 Kanal Brand New Elegent Style House For Sale in Dc Colony Gujranwala,7.75 Crore,77500000.0,1.0 Kanal,20.0,https://www.zameen.com/Property/gujranwala_dc_colony_1_kanal_brand_new_elegent_style_house_for_sale_in_dc_colony_gujranwala-54349899-1227-1.html,Gujranwala,House,,,
1 Kanal Lavish Modern Brand New House With Basement Are Available For Sale In Dc Colony Gujranwala .,9.5 Crore,95000000.0,1.0 Kanal,20.0,https://www.zameen.com/Property/gujranwala_dc_colony_1_kanal_lavish_modern_brand_new_house_with_basement_are_available_for_sale_in_dc_colony_gujranwala-54356333-1227-1.html,Gujranwala,House,,,
1 Kanal Lavish Style Modern Brand New House Available For Sale In Dc Colony Gujranwala .,8.8 Crore,88000000.0,1.0 Kanal,20.0,https://www.zameen.com/Property/gujranwala_dc_colony_1_kanal_lavish_style_modern_brand_new_house_available_for_sale_in_dc_colony_gujranwala-54528823-1227-1.html,Gujranwala,House,,,
10 Marla Modern Lavish House For Sale In DHA Gujranwala,4.5 Crore,45000000.0,10.0 Marla,10.0,https://www.zameen.com/Property/gujranwala_dha_defence_10_marla_modern_lavish_house_for_sale_in_dha_gujranwala-54528885-5121-1.html,Gujranwala,House,,,
10 Marla Victorian Style Brand New House For Sale In DC Colony,4.75 Crore,47500000.0,10.0 Marla,10.0,https://www.zameen.com/Property/gujranwala_dc_colony_10_marla_victorian_style_brand_new_house_for_sale_in_dc_colony-54543821-1227-1.html,Gujranwala,House,,,
10 Marla Brand New Beautiful House For Sale In DC Colony Gujranwala,4.75 Crore,47500000.0,10.0 Marla,10.0,https://www.zameen.com/Property/gujranwala_dc_colony_10_marla_brand_new_beautiful_house_for_sale_in_dc_colony_gujranwala-54568704-1227-1.html,Gujranwala,House,,,
Reserve A Centrally Located Prime Location House Of 5 Marla In Citi Housing Society,2.5 Crore,25000000.0,5.0 Marla,5.0,https://www.zameen.com/Property/gujranwala_citi_housing_society_reserve_a_centrally_located_prime_location_house_of_5_marla_in_citi_housing_society-54163716-3083-1.html,Gujranwala,House,6.0,6.0,"Citi Housing Society, Gujranwala, Punjab"
Book Prime Location House Today In Wapda Town,3.5 Crore,35000000.0,10.0 Marla,10.0,https://www.zameen.com/Property/gujranwala_wapda_town_book_prime_location_house_today_in_wapda_town-54163719-430-1.html,Gujranwala,House,5.0,5.0,"Wapda Town, Gujranwala, Punjab"
Your Ideal On Excellent Location 5 Marla House Has Just Become Available In Citi Housing Society,2.55 Crore,25500000.0,5.0 Marla,5.0,https://www.zameen.com/Property/gujranwala_citi_housing_society_your_ideal_on_excellent_location_5_marla_house_has_just_become_available_in_citi_housing_society-54472885-3083-1.html,Gujranwala,House,4.0,4.0,"Citi Housing Society, Gujranwala, Punjab"
Reserve A Centrally Located Prime Location House Of 10 Marla In Canal View Housing Scheme,3.95 Crore,39500000.0,10.0 Marla,10.0,https://www.zameen.com/Property/gujranwala_canal_view_housing_scheme_reserve_a_centrally_located_prime_location_house_of_10_marla_in_canal_view_housing_scheme-54163767-1126-1.html,Gujranwala,House,5.0,5.0,"Canal View Housing Scheme, Gujranwala, Punjab"
10 Marla Ultra Modern Corner House Available For Sale In Mehran Block Dc Colony Gujranwala Cantt,4.75 Crore,47500000.0,10.0 Marla,10.0,https://www.zameen.com/Property/dc_colony_dc_colony_-_mehran_block_10_marla_ultra_modern_corner_house_available_for_sale_in_mehran_block_dc_colony_gujranwala_cantt-54432261-10116-1.html,Gujranwala,House,5.0,6.0,"DC Colony, Gujranwala, Punjab"
Good Location DHA Sector A - Rachna Villas House Sized 6 Marla For sale,2.1 Crore,21000000.0,6.0 Marla,6.0,https://www.zameen.com/Property/dha_sector_a_dha_sector_a_-_rachna_villas_good_location_dha_sector_a_-_rachna_villas_house_sized_6_marla_for_sale-54501888-21898-1.html,Gujranwala,House,4.0,4.0,"DHA Defence, Gujranwala, Punjab"
Affordable 05 Marla Red Structure Available For Sale,1.25 Crore,12500000.0,5.0 Marla,5.0,https://www.zameen.com/Property/eminabad_more_royal_palm_city_affordable_05_marla_red_structure_available_for_sale-54265628-11297-1.html,Gujranwala,House,4.0,4.0,"Eminabad More, Gujranwala, Punjab"
"Askari 1, Gujranwala Cantt House For Sale",3.35 Crore,33500000.0,10.0 Marla,10.0,https://www.zameen.com/Property/askari_homes_askari_homes_1_askari_1_gujranwala_cantt_house_for_sale-54197071-5118-1.html,Gujranwala,House,,,
5 MARLA Designer House DHA Gujranwala Sector C-5,2.45 Crore,24500000.0,5.0 Marla,5.0,https://www.zameen.com/Property/dha_sector_c_dha_sector_c_-_block_5_5_marla_designer_house_dha_gujranwala_sector_c-5-54675072-18466-1.html,Gujranwala,House,3.0,4.0,"DHA Defence, Gujranwala, Punjab"
6KV SOLAR INSTALLED 5 MARLA BRAND NEW HOUSE AVAILABLE FOR SALE (AT REASONABLE PRICE) IN ROYAL PALM CITY GUJRANWALA,2.2 Crore,22000000.0,5.0 Marla,5.0,https://www.zameen.com/Property/gujranwala_palm_city_housing_scheme_6kv_solar_installed_5_marla_brand_new_house_available_for_sale_at_reasonable_price_in_royal_palm_city_gujranwala-54540221-9111-1.html,Gujranwala,House,4.0,5.0,"Palm City Housing Scheme, Gujranwala, Punjab"
5 MARLA BRAND NEW HOUSE AVAILABLE FOR SALE (AT REASONABLE PRICE) IN ROYAL PALM CITY GUJRANWALA,2.25 Crore,22500000.0,5.0 Marla,5.0,https://www.zameen.com/Property/gujranwala_palm_city_housing_scheme_5_marla_brand_new_house_available_for_sale_at_reasonable_price_in_royal_palm_city_gujranwala-54540038-9111-1.html,Gujranwala,House,4.0,4.0,"Palm City Housing Scheme, Gujranwala, Punjab"
Phase -1 Block AA Extension 5 Marla House Available For Sale Citi Housing Gujranwala,1.85 Crore,18500000.0,5.0 Marla,5.0,https://www.zameen.com/Property/gujranwala_citi_housing_society_phase_-1_block_aa_extension_5_marla_house_available_for_sale_citi_housing_gujranwala-54673330-3083-1.html,Gujranwala,House,4.0,4.0,"Citi Housing Society, Gujranwala, Punjab"
Prime Location 10 Marla House For Sale In Canal View Housing Scheme Canal View Housing Scheme,3.6 Crore,36000000.0,10.0 Marla,10.0,https://www.zameen.com/Property/gujranwala_canal_view_housing_scheme_prime_location_10_marla_house_for_sale_in_canal_view_housing_scheme_canal_view_housing_scheme-54413677-1126-1.html,Gujranwala,House,5.0,5.0,"Canal View Housing Scheme, Gujranwala, Punjab"
5 MARLA BRAND NEW HOUSE AVAILABLE FOR SALE (AT REASONABLE PRICE) IN CITI HOUSING GUJRANWALA,2.6 Crore,26000000.0,5.0 Marla,5.0,https://www.zameen.com/Property/gujranwala_citi_housing_society_5_marla_brand_new_house_available_for_sale_at_reasonable_price_in_citi_housing_gujranwala-54530565-3083-1.html,Gujranwala,House,4.0,5.0,"Citi Housing Society, Gujranwala, Punjab"
5 MARLA BRAND NEW HOUSE AVAILABLE FOR SALE (AT REASONABLE PRICE) IN CITI HOUSING GUJRANWALA,2.1 Crore,21000000.0,5.0 Marla,5.0,https://www.zameen.com/Property/gujranwala_citi_housing_society_5_marla_brand_new_house_available_for_sale_at_reasonable_price_in_citi_housing_gujranwala-54463225-3083-1.html,Gujranwala,House,4.0,5.0,"Citi Housing Society, Gujranwala, Punjab"
5 MARLA BRAND NEW HOUSE AVAILABLE FOR SALE (AT REASONABLE PRICE) IN CITI HOUSING GUJRANWALA,2.85 Crore,28500000.0,5.0 Marla,5.0,https://www.zameen.com/Property/gujranwala_citi_housing_society_5_marla_brand_new_house_available_for_sale_at_reasonable_price_in_citi_housing_gujranwala-54409094-3083-1.html,Gujranwala,House,4.0,5.0,"Citi Housing Society, Gujranwala, Punjab"
5 MARLA BRAND NEW HOUSE AVAILABLE FOR SALE (AT REASONABLE PRICE) IN CITI HOUSING GUJRANWALA,2.5 Crore,25000000.0,5.0 Marla,5.0,https://www.zameen.com/Property/gujranwala_citi_housing_society_5_marla_brand_new_house_available_for_sale_at_reasonable_price_in_citi_housing_gujranwala-54409167-3083-1.html,Gujranwala,House,4.0,5.0,"Citi Housing Society, Gujranwala, Punjab"
5 MARLA BRAND NEW HOUSE AVAILABLE FOR SALE (AT REASONABLE PRICE) IN CITI HOUSING GUJRANWALA,2.4 Crore,24000000.0,5.0 Marla,5.0,https://www.zameen.com/Property/gujranwala_citi_housing_society_5_marla_brand_new_house_available_for_sale_at_reasonable_price_in_citi_housing_gujranwala-54409254-3083-1.html,Gujranwala,House,4.0,5.0,"Citi Housing Society, Gujranwala, Punjab"
5 Marla Modern House for Sale,2.15 Crore,21500000.0,5.0 Marla,5.0,https://www.zameen.com/Property/gujranwala_citi_housing_society_5_marla_modern_house_for_sale-54341578-3083-1.html,Gujranwala,House,4.0,4.0,"Citi Housing Society, Gujranwala, Punjab"
10 Marla Modern Park-Facing House,4.85 Crore,48500000.0,10.0 Marla,10.0,https://www.zameen.com/Property/gujranwala_citi_housing_society_10_marla_modern_park-facing_house-54346766-3083-1.html,Gujranwala,House,6.0,6.0,"Citi Housing Society, Gujranwala, Punjab"
5.5 Marla Modern House with Double-Height Elevation,2.75 Crore,27500000.0,5.5 Marla,5.5,https://www.zameen.com/Property/gujranwala_citi_housing_society_5_5_marla_modern_house_with_double-height_elevation-54351880-3083-1.html,Gujranwala,House,4.0,4.0,"Citi Housing Society, Gujranwala, Punjab"
5 marla Modren design house,2.35 Crore,23500000.0,5.0 Marla,5.0,https://www.zameen.com/Property/gujranwala_citi_housing_society_5_marla_modren_design_house-54358163-3083-1.html,Gujranwala,House,4.0,4.0,"Citi Housing Society, Gujranwala, Punjab"
1 Kanal House On 60 Feets Road,8.5 Crore,85000000.0,1.0 Kanal,20.0,https://www.zameen.com/Property/gujranwala_citi_housing_society_1_kanal_house_on_60_feets_road-54365538-3083-1.html,Gujranwala,House,6.0,6.0,"Citi Housing Society, Gujranwala, Punjab"
"Facing Park House Of 10 Marla Is Available For sale In Citi Housing Society, Citi Housing Society",5.5 Crore,55000000.0,10.0 Marla,10.0,https://www.zameen.com/Property/gujranwala_citi_housing_society_facing_park_house_of_10_marla_is_available_for_sale_in_citi_housing_society_citi_housing_society-54639432-3083-1.html,Gujranwala,House,5.0,5.0,"Citi Housing Society, Gujranwala, Punjab"
Spacious Prime Location House Is Available In Citi Housing Society For sale,2.6 Crore,26000000.0,5.0 Marla,5.0,https://www.zameen.com/Property/gujranwala_citi_housing_society_spacious_prime_location_house_is_available_in_citi_housing_society_for_sale-54639434-3083-1.html,Gujranwala,House,4.0,4.0,"Citi Housing Society, Gujranwala, Punjab"
Prime Location 10 Marla House In Citi Housing Society,4.25 Crore,42500000.0,10.0 Marla,10.0,https://www.zameen.com/Property/gujranwala_citi_housing_society_prime_location_10_marla_house_in_citi_housing_society-54639435-3083-1.html,Gujranwala,House,5.0,5.0,"Citi Housing Society, Gujranwala, Punjab"
On Excellent Location House Of 10 Marla Is Available For Sale In Citi Housing Society,4.5 Crore,45000000.0,10.0 Marla,10.0,https://www.zameen.com/Property/gujranwala_citi_housing_society_on_excellent_location_house_of_10_marla_is_available_for_sale_in_citi_housing_society-54644393-3083-1.html,Gujranwala,House,5.0,5.0,"Citi Housing Society, Gujranwala, Punjab"
This Is Your Chance To Buy Prime Location House In Citi Housing Society,3.6 Crore,36000000.0,10.0 Marla,10.0,https://www.zameen.com/Property/gujranwala_citi_housing_society_this_is_your_chance_to_buy_prime_location_house_in_citi_housing_society-54281852-3083-1.html,Gujranwala,House,5.0,5.0,"Citi Housing Society, Gujranwala, Punjab"
Prime Location House Of 5 Marla In Royal Palm City Is Available,2.05 Crore,20500000.0,5.0 Marla,5.0,https://www.zameen.com/Property/eminabad_more_royal_palm_city_prime_location_house_of_5_marla_in_royal_palm_city_is_available-54281894-11297-1.html,Gujranwala,House,4.0,4.0,"Eminabad More, Gujranwala, Punjab"
5 Marlra House For Sale Citi Housing Gujranwala,1.4 Crore,14000000.0,5.0 Marla,5.0,https://www.zameen.com/Property/gujranwala_citi_housing_society_5_marlra_house_for_sale_citi_housing_gujranwala-52566188-3083-1.html,Gujranwala,House,4.0,4.0,"Citi Housing Society, Gujranwala, Punjab"
10 Marla Modern House Available For Sale In Royal Palm City Gujranwala,4.0 Crore,40000000.0,10.0 Marla,10.0,https://www.zameen.com/Property/eminabad_more_royal_palm_city_10_marla_modern_house_available_for_sale_in_royal_palm_city_gujranwala-54624520-11297-1.html,Gujranwala,House,5.0,6.0,"Eminabad More, Gujranwala, Punjab"
Stunning And Affordable On Excellent Location House Available For Sale In Citi Housing Society,3.5 Crore,35000000.0,10.0 Marla,10.0,https://www.zameen.com/Property/gujranwala_citi_housing_society_stunning_and_affordable_on_excellent_location_house_available_for_sale_in_citi_housing_society-54669939-3083-1.html,Gujranwala,House,5.0,5.0,"Citi Housing Society, Gujranwala, Punjab"
On Excellent Location House Of 5 Marla For sale In Citi Housing Society,2.0 Crore,20000000.0,5.0 Marla,5.0,https://www.zameen.com/Property/gujranwala_citi_housing_society_on_excellent_location_house_of_5_marla_for_sale_in_citi_housing_society-54669940-3083-1.html,Gujranwala,House,4.0,4.0,"Citi Housing Society, Gujranwala, Punjab"
Reserve A On Excellent Location House Now In Citi Housing Society,5.25 Crore,52500000.0,10.0 Marla,10.0,https://www.zameen.com/Property/gujranwala_citi_housing_society_reserve_a_on_excellent_location_house_now_in_citi_housing_society-54669938-3083-1.html,Gujranwala,House,5.0,5.0,"Citi Housing Society, Gujranwala, Punjab"
This Is Your Chance To Buy On Excellent Location House In Citi Housing Society Citi Housing Society,3.5 Crore,35000000.0,10.0 Marla,10.0,https://www.zameen.com/Property/gujranwala_citi_housing_society_this_is_your_chance_to_buy_on_excellent_location_house_in_citi_housing_society_citi_housing_society-54669937-3083-1.html,Gujranwala,House,5.0,5.0,"Citi Housing Society, Gujranwala, Punjab"
Centrally Located On Excellent Location House In Citi Housing Society Is Available For Sale,2.6 Crore,26000000.0,5.0 Marla,5.0,https://www.zameen.com/Property/gujranwala_citi_housing_society_centrally_located_on_excellent_location_house_in_citi_housing_society_is_available_for_sale-54643603-3083-1.html,Gujranwala,House,4.0,4.0,"Citi Housing Society, Gujranwala, Punjab"
"Ideal Prime Location 5 Marla House Has Landed On Market In Citi Housing Society, Citi Housing Society",2.6 Crore,26000000.0,5.0 Marla,5.0,https://www.zameen.com/Property/gujranwala_citi_housing_society_ideal_prime_location_5_marla_house_has_landed_on_market_in_citi_housing_society_citi_housing_society-54643608-3083-1.html,Gujranwala,House,4.0,4.0,"Citi Housing Society, Gujranwala, Punjab"
Prime Location House For sale Situated In Citi Housing Society,4.0 Crore,40000000.0,10.0 Marla,10.0,https://www.zameen.com/Property/gujranwala_citi_housing_society_prime_location_house_for_sale_situated_in_citi_housing_society-54643609-3083-1.html,Gujranwala,House,5.0,5.0,"Citi Housing Society, Gujranwala, Punjab"
Prime Location 10 Marla House For sale In Citi Housing Society,4.5 Crore,45000000.0,10.0 Marla,10.0,https://www.zameen.com/Property/gujranwala_citi_housing_society_prime_location_10_marla_house_for_sale_in_citi_housing_society-54643610-3083-1.html,Gujranwala,House,5.0,5.0,"Citi Housing Society, Gujranwala, Punjab"
Prime Location In Citi Housing Society House Sized 5 Marla For sale,2.5 Crore,25000000.0,5.0 Marla,5.0,https://www.zameen.com/Property/gujranwala_citi_housing_society_prime_location_in_citi_housing_society_house_sized_5_marla_for_sale-54643611-3083-1.html,Gujranwala,House,4.0,4.0,"Citi Housing Society, Gujranwala, Punjab"
On Excellent Location House Of 5 Marla Available In Citi Housing Society,1.72 Crore,17200000.0,5.0 Marla,5.0,https://www.zameen.com/Property/gujranwala_citi_housing_society_on_excellent_location_house_of_5_marla_available_in_citi_housing_society-54669499-3083-1.html,Gujranwala,House,4.0,4.0,"Citi Housing Society, Gujranwala, Punjab"
A On Excellent Location 10 Marla House Has Landed On Market In DHA Sector A - Rachna Villas Of Gujranwala,3.5 Crore,35000000.0,10.0 Marla,10.0,https://www.zameen.com/Property/dha_sector_a_dha_sector_a_-_rachna_villas_a_on_excellent_location_10_marla_house_has_landed_on_market_in_dha_sector_a_-_rachna_villas_of_gujranwala-54657579-21898-1.html,Gujranwala,House,5.0,4.0,"DHA Defence, Gujranwala, Punjab"
6.25 Marla Corner + Park Facing House for sale Royal Palm Citi Gujranwala,2.45 Crore,24500000.0,6.2 Marla,6.2,https://www.zameen.com/Property/eminabad_more_royal_palm_city_6_25_marla_corner_park_facing_house_for_sale_royal_palm_citi_gujranwala-54456411-11297-1.html,Gujranwala,House,5.0,5.0,"Eminabad More, Gujranwala, Punjab"
On Excellent Location 10 Marla House In Stunning Canal View Housing Scheme Is Available For Sale,3.3 Crore,33000000.0,10.0 Marla,10.0,https://www.zameen.com/Property/gujranwala_canal_view_housing_scheme_on_excellent_location_10_marla_house_in_stunning_canal_view_housing_scheme_is_available_for_sale-54669069-1126-1.html,Gujranwala,House,5.0,5.0,"Canal View Housing Scheme, Gujranwala, Punjab"
On Excellent Location 5 Marla House In Royal Palm City For Sale At Good Location,1.75 Crore,17500000.0,5.0 Marla,5.0,https://www.zameen.com/Property/eminabad_more_royal_palm_city_on_excellent_location_5_marla_house_in_royal_palm_city_for_sale_at_good_location-54611870-11297-1.html,Gujranwala,House,4.0,4.0,"Eminabad More, Gujranwala, Punjab"
Dreamy 10.5 Marla House Available For Sale,4.5 Crore,45000000.0,10.5 Marla,10.5,https://www.zameen.com/Property/eminabad_more_royal_palm_city_dreamy_10_5_marla_house_available_for_sale-54627386-11297-1.html,Gujranwala,House,5.0,5.0,"Eminabad More, Gujranwala, Punjab"
5 MARLA BRAND NEW HOUSE AVAILABLE FOR SALE (AT REASONABLE PRICE) IN CITI HOUSING GUJRANWALA,2.5 Crore,25000000.0,5.0 Marla,5.0,https://www.zameen.com/Property/citi_housing_society_citi_housing_-_phase_1_5_marla_brand_new_house_available_for_sale_at_reasonable_price_in_citi_housing_gujranwala-54416291-3084-1.html,Gujranwala,House,4.0,5.0,"Citi Housing Society, Gujranwala, Punjab"
Ownar Made 10 Marla House Available For Sale Citi Housing Gujranwala,4.5 Crore,45000000.0,10.0 Marla,10.0,https://www.zameen.com/Property/gujranwala_citi_housing_society_ownar_made_10_marla_house_available_for_sale_citi_housing_gujranwala-54283250-3083-1.html,Gujranwala,House,6.0,6.0,"Citi Housing Society, Gujranwala, Punjab"
10 Marla Brand New House Available For Sale Phase 1 Citi Housing Gujranwala,4.5 Crore,45000000.0,10.0 Marla,10.0,https://www.zameen.com/Property/gujranwala_citi_housing_society_10_marla_brand_new_house_available_for_sale_phase_1_citi_housing_gujranwala-53230884-3083-1.html,Gujranwala,House,6.0,7.0,"Citi Housing Society, Gujranwala, Punjab"
10 Marla Double Height Lobby Designer Villa DREAM Home In Citi Housing Gujranwala,4.5 Crore,45000000.0,10.0 Marla,10.0,https://www.zameen.com/Property/gujranwala_citi_housing_society_10_marla_double_height_lobby_designer_villa_dream_home_in_citi_housing_gujranwala-53984365-3083-1.html,Gujranwala,House,7.0,7.0,"Citi Housing Society, Gujranwala, Punjab"
5 Marla Ultra Modern Designer House For Sale,2.15 Crore,21500000.0,5.0 Marla,5.0,https://www.zameen.com/Property/eminabad_more_royal_palm_city_5_marla_ultra_modern_designer_house_for_sale-54079778-11297-1.html,Gujranwala,House,4.0,5.0,"Eminabad More, Gujranwala, Punjab"
Prime Location In Master City Housing Scheme 5 Marla House For sale,1.2 Crore,12000000.0,5.0 Marla,5.0,https://www.zameen.com/Property/gujranwala_master_city_housing_scheme_prime_location_in_master_city_housing_scheme_5_marla_house_for_sale-54059375-9180-1.html,Gujranwala,House,4.0,4.0,"Master City Housing Scheme, Gujranwala, Punjab"
Brand New 5 Marla House Available For Sale In Sector : C -5,1.7 Crore,17000000.0,5.0 Marla,5.0,https://www.zameen.com/Property/dha_defence_dha_sector_c_brand_new_5_marla_house_available_for_sale_in_sector_c_-5-54170237-18428-1.html,Gujranwala,House,3.0,3.0,"DHA Defence, Gujranwala, Punjab"
5 Marla Furnished House In A Block Approved Area,1.65 Crore,16500000.0,5.0 Marla,5.0,https://www.zameen.com/Property/master_city_housing_scheme_master_city_-_block_a_5_marla_furnished_house_in_a_block_approved_area-54445120-14337-1.html,Gujranwala,House,4.0,4.0,"Master City Housing Scheme, Gujranwala, Punjab"
Ready To sale A Good Location House 10 Marla In DHA Sector A - Rachna Villas Gujranwala,3.35 Crore,33500000.0,10.0 Marla,10.0,https://www.zameen.com/Property/dha_sector_a_dha_sector_a_-_rachna_villas_ready_to_sale_a_good_location_house_10_marla_in_dha_sector_a_-_rachna_villas_gujranwala-54630215-21898-1.html,Gujranwala,House,5.0,6.0,"DHA Defence, Gujranwala, Punjab"
Prime Location House Spread Over 4 Kanal In Citi Housing Society Available,30.0 Crore,300000000.0,4.0 Kanal,80.0,https://www.zameen.com/Property/gujranwala_citi_housing_society_prime_location_house_spread_over_4_kanal_in_citi_housing_society_available-54669351-3083-1.html,Gujranwala,House,6.0,6.0,"Citi Housing Society, Gujranwala, Punjab"
Prime Location Citi Housing Society House Sized 2 Kanal For sale,20.0 Crore,200000000.0,2.0 Kanal,40.0,https://www.zameen.com/Property/gujranwala_citi_housing_society_prime_location_citi_housing_society_house_sized_2_kanal_for_sale-54669352-3083-1.html,Gujranwala,House,6.0,6.0,"Citi Housing Society, Gujranwala, Punjab"
"Prime Location House Of 25 Marla Is Available For sale In Wapda Town - Block A2, Gujranwala",12.0 Crore,120000000.0,1.2 Kanal,24.0,https://www.zameen.com/Property/wapda_town_wapda_town_-_block_a2_prime_location_house_of_25_marla_is_available_for_sale_in_wapda_town_-_block_a2_gujranwala-54669341-5274-1.html,Gujranwala,House,6.0,6.0,"Wapda Town, Gujranwala, Punjab"
Prime Location House For Sale In Wapda Town - Block C2,3.8 Crore,38000000.0,10.0 Marla,10.0,https://www.zameen.com/Property/wapda_town_wapda_town_-_block_c2_prime_location_house_for_sale_in_wapda_town_-_block_c2-54669343-5280-1.html,Gujranwala,House,5.0,5.0,"Wapda Town, Gujranwala, Punjab"
Prime Location House For Sale In Rs. 40000000,4.0 Crore,40000000.0,10.0 Marla,10.0,https://www.zameen.com/Property/gujranwala_citi_housing_society_prime_location_house_for_sale_in_rs_40000000-54669350-3083-1.html,Gujranwala,House,5.0,5.0,"Citi Housing Society, Gujranwala, Punjab"
Prime Location 10 Marla House For Sale In Canal View Housing Scheme,3.0 Crore,30000000.0,10.0 Marla,10.0,https://www.zameen.com/Property/gujranwala_canal_view_housing_scheme_prime_location_10_marla_house_for_sale_in_canal_view_housing_scheme-54669348-1126-1.html,Gujranwala,House,5.0,5.0,"Canal View Housing Scheme, Gujranwala, Punjab"
Prime Location 10 Marla House Is Available For Sale,4.5 Crore,45000000.0,10.0 Marla,10.0,https://www.zameen.com/Property/gujranwala_citi_housing_society_prime_location_10_marla_house_is_available_for_sale-54669349-3083-1.html,Gujranwala,House,5.0,5.0,"Citi Housing Society, Gujranwala, Punjab"
A Prime Location 10 Marla House In Canal View Housing Scheme Is On The Market For Sale,4.5 Crore,45000000.0,10.0 Marla,10.0,https://www.zameen.com/Property/gujranwala_canal_view_housing_scheme_a_prime_location_10_marla_house_in_canal_view_housing_scheme_is_on_the_market_for_sale-54669347-1126-1.html,Gujranwala,House,5.0,5.0,"Canal View Housing Scheme, Gujranwala, Punjab"
Looking For A Prime Location House In Aziza Housing Scheme Aziza Housing Scheme,1.8 Crore,18000000.0,5.0 Marla,5.0,https://www.zameen.com/Property/gujranwala_aziza_housing_scheme_looking_for_a_prime_location_house_in_aziza_housing_scheme_aziza_housing_scheme-54669345-11816-1.html,Gujranwala,House,4.0,4.0,"Aziza Housing Scheme, Gujranwala, Punjab"
Looking For A Prime Location House In Gujranwala,3.6 Crore,36000000.0,10.0 Marla,10.0,https://www.zameen.com/Property/canal_view_housing_scheme_canal_view_-_sector_4_looking_for_a_prime_location_house_in_gujranwala-54669346-19760-1.html,Gujranwala,House,5.0,5.0,"Canal View Housing Scheme, Gujranwala, Punjab"
"Prime Location 5 Marla House Available For Sale In Aziza Housing Scheme, Aziza Housing Scheme",2.0 Crore,20000000.0,5.0 Marla,5.0,https://www.zameen.com/Property/gujranwala_aziza_housing_scheme_prime_location_5_marla_house_available_for_sale_in_aziza_housing_scheme_aziza_housing_scheme-54669344-11816-1.html,Gujranwala,House,4.0,4.0,"Aziza Housing Scheme, Gujranwala, Punjab"
Prime Location Wapda Town - Block B2 House Sized 2 Kanal For Sale,15.0 Crore,150000000.0,2.0 Kanal,40.0,https://www.zameen.com/Property/wapda_town_wapda_town_-_block_b2_prime_location_wapda_town_-_block_b2_house_sized_2_kanal_for_sale-54669342-5276-1.html,Gujranwala,House,6.0,6.0,"Wapda Town, Gujranwala, Punjab"
Centrally Located Prime Location House Available In Wapda Town - Block B2 For sale,5.25 Crore,52500000.0,10.0 Marla,10.0,https://www.zameen.com/Property/wapda_town_wapda_town_-_block_b2_centrally_located_prime_location_house_available_in_wapda_town_-_block_b2_for_sale-54669340-5276-1.html,Gujranwala,House,6.0,6.0,"Wapda Town, Gujranwala, Punjab"
Good Prime Location 10 Marla House For Sale In Wapda Town - Block A2,5.0 Crore,50000000.0,10.0 Marla,10.0,https://www.zameen.com/Property/wapda_town_wapda_town_-_block_a2_good_prime_location_10_marla_house_for_sale_in_wapda_town_-_block_a2-54669332-5274-1.html,Gujranwala,House,5.0,5.0,"Wapda Town, Gujranwala, Punjab"
Spacious Prime Location 20 Marla House Available For Sale In Wapda Town - Block B2,9.5 Crore,95000000.0,1.0 Kanal,20.0,https://www.zameen.com/Property/wapda_town_wapda_town_-_block_b2_spacious_prime_location_20_marla_house_available_for_sale_in_wapda_town_-_block_b2-54669339-5276-1.html,Gujranwala,House,6.0,6.0,"Wapda Town, Gujranwala, Punjab"
Prime Location 20 Marla Spacious House Available In Wapda Town - Block B2 For Sale,7.0 Crore,70000000.0,1.0 Kanal,20.0,https://www.zameen.com/Property/wapda_town_wapda_town_-_block_b2_prime_location_20_marla_spacious_house_available_in_wapda_town_-_block_b2_for_sale-54669338-5276-1.html,Gujranwala,House,6.0,6.0,"Wapda Town, Gujranwala, Punjab"
Prime Location 10 Marla House For Sale In Wapda Town,3.0 Crore,30000000.0,10.0 Marla,10.0,https://www.zameen.com/Property/wapda_town_wapda_town_-_block_b4_prime_location_10_marla_house_for_sale_in_wapda_town-54669335-5278-1.html,Gujranwala,House,5.0,5.0,"Wapda Town, Gujranwala, Punjab"
Prime Location Affordable House For Sale In Wapda Town - Block B2,4.0 Crore,40000000.0,10.0 Marla,10.0,https://www.zameen.com/Property/wapda_town_wapda_town_-_block_b2_prime_location_affordable_house_for_sale_in_wapda_town_-_block_b2-54669337-5276-1.html,Gujranwala,House,5.0,5.0,"Wapda Town, Gujranwala, Punjab"
Reserve A Prime Location House Now In Wapda Town - Block C1,2.9 Crore,29000000.0,10.0 Marla,10.0,https://www.zameen.com/Property/wapda_town_wapda_town_-_block_c1_reserve_a_prime_location_house_now_in_wapda_town_-_block_c1-54669334-5279-1.html,Gujranwala,House,5.0,5.0,"Wapda Town, Gujranwala, Punjab"
Reserve A Centrally Located Prime Location House Of 10 Marla In Wapda Town - Block C2,4.5 Crore,45000000.0,10.0 Marla,10.0,https://www.zameen.com/Property/wapda_town_wapda_town_-_block_c2_reserve_a_centrally_located_prime_location_house_of_10_marla_in_wapda_town_-_block_c2-54669331-5280-1.html,Gujranwala,House,5.0,5.0,"Wapda Town, Gujranwala, Punjab"
Get An Attractive Prime Location House In Gujranwala Under Rs. 35000000,3.5 Crore,35000000.0,10.0 Marla,10.0,https://www.zameen.com/Property/wapda_town_wapda_town_-_block_c1_get_an_attractive_prime_location_house_in_gujranwala_under_rs_35000000-54669333-5279-1.html,Gujranwala,House,5.0,5.0,"Wapda Town, Gujranwala, Punjab"
10 Marla Modern Style House For Sale,4.6 Crore,46000000.0,10.0 Marla,10.0,https://www.zameen.com/Property/gujranwala_dc_colony_10_marla_modern_style_house_for_sale-52113334-1227-1.html,Gujranwala,House,5.0,6.0,"DC Colony, Gujranwala, Punjab"
10 Marla Beautiful House For Sale,4.6 Crore,46000000.0,10.0 Marla,10.0,https://www.zameen.com/Property/gujranwala_dc_colony_10_marla_beautiful_house_for_sale-52113326-1227-1.html,Gujranwala,House,5.0,6.0,"DC Colony, Gujranwala, Punjab"
10 Marla Spanish Elevation Style House For Sale In Dc Colony Gujranwala Cantt,4.85 Crore,48500000.0,10.0 Marla,10.0,https://www.zameen.com/Property/gujranwala_dc_colony_10_marla_spanish_elevation_style_house_for_sale_in_dc_colony_gujranwala_cantt-51038767-1227-1.html,Gujranwala,House,5.0,6.0,"DC Colony, Gujranwala, Punjab"
5 Marla Beautiful House For Sale In Dc Colony Gujranwala Cantt,2.6 Crore,26000000.0,5.0 Marla,5.0,https://www.zameen.com/Property/gujranwala_dc_colony_5_marla_beautiful_house_for_sale_in_dc_colony_gujranwala_cantt-50174243-1227-1.html,Gujranwala,House,4.0,5.0,"DC Colony, Gujranwala, Punjab"
A Stunning Prime Location Corner House Available For Sale In Citi Housing Gujranwala,2.5 Crore,25000000.0,5.0 Marla,5.0,https://www.zameen.com/Property/gujranwala_citi_housing_society_a_stunning_prime_location_corner_house_available_for_sale_in_citi_housing_gujranwala-54665453-3083-1.html,Gujranwala,House,4.0,5.0,"Citi Housing Society, Gujranwala, Punjab"
Affordable Good Location House Of 5 Marla Is Available For Sale,1.8 Crore,18000000.0,5.0 Marla,5.0,https://www.zameen.com/Property/dha_sector_c_dha_sector_c_-_block_4_affordable_good_location_house_of_5_marla_is_available_for_sale-54538436-18465-1.html,Gujranwala,House,3.0,4.0,"DHA Defence, Gujranwala, Punjab"
DHA Gujranwala Sector C5 5 Marla House For Sale,2.2 Crore,22000000.0,5.0 Marla,5.0,https://www.zameen.com/Property/dha_sector_c_dha_sector_c_-_block_5_dha_gujranwala_sector_c5_5_marla_house_for_sale-54580142-18466-1.html,Gujranwala,House,3.0,4.0,"DHA Defence, Gujranwala, Punjab"
5 Marla Slightly Used House For Sale In Citi Housing Gujranwala With Sollar,1.65 Crore,16500000.0,5.0 Marla,5.0,https://www.zameen.com/Property/gujranwala_citi_housing_society_5_marla_slightly_used_house_for_sale_in_citi_housing_gujranwala_with_sollar-54558249-3083-1.html,Gujranwala,House,4.0,4.0,"Citi Housing Society, Gujranwala, Punjab"
5 Marla White Spanish House For Sale Citi Housing Gujranwala,2.1 Crore,21000000.0,5.0 Marla,5.0,https://www.zameen.com/Property/citi_housing_society_citi_housing_-_phase_1_5_marla_white_spanish_house_for_sale_citi_housing_gujranwala-54516829-3084-1.html,Gujranwala,House,,,"Citi Housing Society, Gujranwala, Punjab"
10 Marla Slightly Used House For Sale 100 Feet wide Road,3.85 Crore,38500000.0,10.0 Marla,10.0,https://www.zameen.com/Property/gujranwala_citi_housing_society_10_marla_slightly_used_house_for_sale_100_feet_wide_road-54613703-3083-1.html,Gujranwala,House,6.0,6.0,"Citi Housing Society, Gujranwala, Punjab"
10 Maral Corner House For Sale Cit Houing Gujranwala,3.75 Crore,37500000.0,10.0 Marla,10.0,https://www.zameen.com/Property/gujranwala_citi_housing_society_10_maral_corner_house_for_sale_cit_houing_gujranwala-54621000-3083-1.html,Gujranwala,House,6.0,7.0,"Citi Housing Society, Gujranwala, Punjab"
A Prime Location 5 Marla House Located In Citi Housing Society Is Available For Sale,2.4 Crore,24000000.0,5.0 Marla,5.0,https://www.zameen.com/Property/gujranwala_citi_housing_society_a_prime_location_5_marla_house_located_in_citi_housing_society_is_available_for_sale-54527795-3083-1.html,Gujranwala,House,4.0,4.0,"Citi Housing Society, Gujranwala, Punjab"
Book A Prime Location 10 Marla House In Citi Housing Society,4.6 Crore,46000000.0,10.0 Marla,10.0,https://www.zameen.com/Property/gujranwala_citi_housing_society_book_a_prime_location_10_marla_house_in_citi_housing_society-54527799-3083-1.html,Gujranwala,House,5.0,5.0,"Citi Housing Society, Gujranwala, Punjab"
Corner Citi Housing Society House Sized 10 Marla Is Available,4.2 Crore,42000000.0,10.0 Marla,10.0,https://www.zameen.com/Property/gujranwala_citi_housing_society_corner_citi_housing_society_house_sized_10_marla_is_available-54527789-3083-1.html,Gujranwala,House,5.0,5.0,"Citi Housing Society, Gujranwala, Punjab"
"Ideal Corner 1631 Square Feet House Available In Citi Housing Society, Citi Housing Society",3.25 Crore,32500000.0,7.2 Marla,7.2,https://www.zameen.com/Property/gujranwala_citi_housing_society_ideal_corner_1631_square_feet_house_available_in_citi_housing_society_citi_housing_society-54606630-3083-1.html,Gujranwala,House,4.0,4.0,"Citi Housing Society, Gujranwala, Punjab"
10 Marla Modern Brand New House For Sale Royal Palm City Gujranwala,4.0 Crore,40000000.0,10.0 Marla,10.0,https://www.zameen.com/Property/eminabad_more_royal_palm_city_10_marla_modern_brand_new_house_for_sale_royal_palm_city_gujranwala-54309532-11297-1.html,Gujranwala,House,6.0,7.0,"Eminabad More, Gujranwala, Punjab"
Ideal Prime Location House Is Available For Sale In Citi Housing Society,1.7 Crore,17000000.0,5.0 Marla,5.0,https://www.zameen.com/Property/gujranwala_citi_housing_society_ideal_prime_location_house_is_available_for_sale_in_citi_housing_society-54270566-3083-1.html,Gujranwala,House,4.0,4.0,"Citi Housing Society, Gujranwala, Punjab"
Want To Buy A Corner House In Citi Housing Society?,4.2 Crore,42000000.0,10.0 Marla,10.0,https://www.zameen.com/Property/gujranwala_citi_housing_society_want_to_buy_a_corner_house_in_citi_housing_society-54515404-3083-1.html,Gujranwala,House,5.0,5.0,"Citi Housing Society, Gujranwala, Punjab"
Stunning And Affordable Corner House Available For Sale In Citi Housing Society,5.75 Crore,57500000.0,11.0 Marla,11.0,https://www.zameen.com/Property/gujranwala_citi_housing_society_stunning_and_affordable_corner_house_available_for_sale_in_citi_housing_society-54515407-3083-1.html,Gujranwala,House,5.0,5.0,"Citi Housing Society, Gujranwala, Punjab"
10 Marla House Available For Sell In Gujranwala Cantt Defence Bazzar Area Nice Location Beautiful House Near By Mosque And Market,4.5 Crore,45000000.0,10.0 Marla,10.0,https://www.zameen.com/Property/gujranwala_rahwali_cantt_10_marla_house_available_for_sell_in_gujranwala_cantt_defence_bazzar_area_nice_location_beautiful_house_near_by_mosque_and_market-52525370-1295-1.html,Gujranwala,House,4.0,4.0,"Rahwali Cantt, Gujranwala, Punjab"
5 Marla Ultra Modern House Available For Sale In Citi Housing Gujranwala,2.8 Crore,28000000.0,5.0 Marla,5.0,https://www.zameen.com/Property/gujranwala_citi_housing_society_5_marla_ultra_modern_house_available_for_sale_in_citi_housing_gujranwala-54561527-3083-1.html,Gujranwala,House,4.0,5.0,"Citi Housing Society, Gujranwala, Punjab"
A well design 5 Marla house available for sale in Citi housing Gujranwala on your ideal location,2.5 Crore,25000000.0,5.0 Marla,5.0,https://www.zameen.com/Property/gujranwala_citi_housing_society_a_well_design_5_marla_house_available_for_sale_in_citi_housing_gujranwala_on_your_ideal_location-54661872-3083-1.html,Gujranwala,House,4.0,5.0,"Citi Housing Society, Gujranwala, Punjab"
6 Marla Corner House Available For Sale In Sector C,2.45 Crore,24500000.0,6.0 Marla,6.0,https://www.zameen.com/Property/dha_defence_dha_sector_c_6_marla_corner_house_available_for_sale_in_sector_c-54642358-18428-1.html,Gujranwala,House,3.0,4.0,"DHA Defence, Gujranwala, Punjab"
A Prime Location House Of 5 Marla In Rs. 26000000,2.6 Crore,26000000.0,5.0 Marla,5.0,https://www.zameen.com/Property/gujranwala_citi_housing_society_a_prime_location_house_of_5_marla_in_rs_26000000-54225622-3083-1.html,Gujranwala,House,4.0,4.0,"Citi Housing Society, Gujranwala, Punjab"
"10 MARLA NEW BRAND DOUBLE STORY HOUSE AVAILABLE FOR SALE, IN CITI HOUSING GUJRANWALA ON PRIME LOCATION.",4.9 Crore,49000000.0,10.0 Marla,10.0,https://www.zameen.com/Property/gujranwala_citi_housing_society_10_marla_new_brand_double_story_house_available_for_sale_in_citi_housing_gujranwala_on_prime_location-54660275-3083-1.html,Gujranwala,House,6.0,6.0,"Citi Housing Society, Gujranwala, Punjab"
On Excellent Location 5 Marla House Ideally Situated In DHA Defence,1.55 Crore,15500000.0,5.0 Marla,5.0,https://www.zameen.com/Property/gujranwala_dha_defence_on_excellent_location_5_marla_house_ideally_situated_in_dha_defence-54562081-5121-1.html,Gujranwala,House,3.0,3.0,"DHA Defence, Gujranwala, Punjab"
Twin House Of 5 Marla In Citi Housing Gujranwala Available For Sale On Your Ideal Location,1.85 Crore,18500000.0,5.0 Marla,5.0,https://www.zameen.com/Property/gujranwala_citi_housing_society_twin_house_of_5_marla_in_citi_housing_gujranwala_available_for_sale_on_your_ideal_location-54588307-3083-1.html,Gujranwala,House,4.0,5.0,"Citi Housing Society, Gujranwala, Punjab"
10 Marla Luxury House Available For Sale On Your Prime Location In Citi Housing Gujranwala,3.5 Crore,35000000.0,10.0 Marla,10.0,https://www.zameen.com/Property/gujranwala_citi_housing_society_10_marla_luxury_house_available_for_sale_on_your_prime_location_in_citi_housing_gujranwala-54588305-3083-1.html,Gujranwala,House,6.0,6.0,"Citi Housing Society, Gujranwala, Punjab"
Manufactured With Latest Design Brand New House For Sale,1.55 Crore,15500000.0,5.0 Marla,5.0,https://www.zameen.com/Property/gujranwala_allama_iqbal_town_manufactured_with_latest_design_brand_new_house_for_sale-49861307-8840-1.html,Gujranwala,House,5.0,6.0,"Allama Iqbal Town, Gujranwala, Punjab"
Good Location House Of 5 Marla In DHA Sector A - Rachna Villas Is Available,1.54 Crore,15400000.0,5.0 Marla,5.0,https://www.zameen.com/Property/dha_sector_a_dha_sector_a_-_rachna_villas_good_location_house_of_5_marla_in_dha_sector_a_-_rachna_villas_is_available-54574211-21898-1.html,Gujranwala,House,3.0,4.0,"DHA Defence, Gujranwala, Punjab"
This House Available In Gujranwala Cantt Defence Face 1 Nice Location Near By Mosque And Market And Children Park,12.0 Crore,120000000.0,1.3 Kanal,26.0,https://www.zameen.com/Property/gujranwala_rahwali_cantt_this_house_available_in_gujranwala_cantt_defence_face_1_nice_location_near_by_mosque_and_market_and_children_park-48110079-1295-1.html,Gujranwala,House,6.0,6.0,"Rahwali Cantt, Gujranwala, Punjab"
Very Nice Location Good Condition House For Sale,4.0 Crore,40000000.0,10.0 Marla,10.0,https://www.zameen.com/Property/gujranwala_rahwali_cantt_very_nice_location_good_condition_house_for_sale-46150210-1295-1.html,Gujranwala,House,3.0,4.0,"Rahwali Cantt, Gujranwala, Punjab"
10 Marla Modern House Available For Sale In Royal Palm City Gujranwala,4.0 Crore,40000000.0,10.0 Marla,10.0,https://www.zameen.com/Property/eminabad_more_royal_palm_city_10_marla_modern_house_available_for_sale_in_royal_palm_city_gujranwala-54665553-11297-1.html,Gujranwala,House,5.0,6.0,"Eminabad More, Gujranwala, Punjab"
Good Location 6 Marla House Is Available For sale In DHA Sector A - Rachna Villas,2.05 Crore,20500000.0,6.0 Marla,6.0,https://www.zameen.com/Property/dha_sector_a_dha_sector_a_-_rachna_villas_good_location_6_marla_house_is_available_for_sale_in_dha_sector_a_-_rachna_villas-54574214-21898-1.html,Gujranwala,House,4.0,4.0,"DHA Defence, Gujranwala, Punjab"
Good Location House 10 Marla For Sale In DHA Sector A - Rachna Villas,3.35 Crore,33500000.0,10.0 Marla,10.0,https://www.zameen.com/Property/dha_sector_a_dha_sector_a_-_rachna_villas_good_location_house_10_marla_for_sale_in_dha_sector_a_-_rachna_villas-54574215-21898-1.html,Gujranwala,House,5.0,6.0,"DHA Defence, Gujranwala, Punjab"
Very Nice And Beautiful House Nice Location,7.5 Crore,75000000.0,1.0 Kanal,20.0,https://www.zameen.com/Property/gujranwala_rahwali_cantt_very_nice_and_beautiful_house_nice_location-46150274-1295-1.html,Gujranwala,House,5.0,5.0,"Rahwali Cantt, Gujranwala, Punjab"
This House Available For Sale In Gujranwala Cantt Defence Face 2,7.5 Crore,75000000.0,1.0 Kanal,20.0,https://www.zameen.com/Property/gujranwala_rahwali_cantt_this_house_available_for_sale_in_gujranwala_cantt_defence_face_2-52209112-1295-1.html,Gujranwala,House,6.0,6.0,"Rahwali Cantt, Gujranwala, Punjab"
Best Options For Good Location House Is Available For Sale In DHA Sector A - Rachna Villas,2.3 Crore,23000000.0,6.0 Marla,6.0,https://www.zameen.com/Property/dha_sector_a_dha_sector_a_-_rachna_villas_best_options_for_good_location_house_is_available_for_sale_in_dha_sector_a_-_rachna_villas-54665357-21898-1.html,Gujranwala,House,4.0,4.0,"DHA Defence, Gujranwala, Punjab"
A Good Location House Of 5 Marla In Rs. 17000000,1.7 Crore,17000000.0,5.0 Marla,5.0,https://www.zameen.com/Property/dha_sector_a_dha_sector_a_-_rachna_villas_a_good_location_house_of_5_marla_in_rs_17000000-54665347-21898-1.html,Gujranwala,House,3.0,4.0,"DHA Defence, Gujranwala, Punjab"
Good Location House Is Available For Sale In DHA Sector A - Rachna Villas,1.6 Crore,16000000.0,5.0 Marla,5.0,https://www.zameen.com/Property/dha_sector_a_dha_sector_a_-_rachna_villas_good_location_house_is_available_for_sale_in_dha_sector_a_-_rachna_villas-54665345-21898-1.html,Gujranwala,House,3.0,4.0,"DHA Defence, Gujranwala, Punjab"
This Is Your Chance To Buy Good Location House In Gujranwala,1.65 Crore,16500000.0,5.0 Marla,5.0,https://www.zameen.com/Property/dha_sector_a_dha_sector_a_-_rachna_villas_this_is_your_chance_to_buy_good_location_house_in_gujranwala-54665346-21898-1.html,Gujranwala,House,3.0,4.0,"DHA Defence, Gujranwala, Punjab"
Good Location 5 Marla House For Sale Is Available In DHA Sector A - Rachna Villas,1.55 Crore,15500000.0,5.0 Marla,5.0,https://www.zameen.com/Property/dha_sector_a_dha_sector_a_-_rachna_villas_good_location_5_marla_house_for_sale_is_available_in_dha_sector_a_-_rachna_villas-54665344-21898-1.html,Gujranwala,House,3.0,4.0,"DHA Defence, Gujranwala, Punjab"
Good Location House 10 Marla For Sale In DHA Sector A - Rachna Villas,3.45 Crore,34500000.0,10.0 Marla,10.0,https://www.zameen.com/Property/dha_sector_a_dha_sector_a_-_rachna_villas_good_location_house_10_marla_for_sale_in_dha_sector_a_-_rachna_villas-54630214-21898-1.html,Gujranwala,House,5.0,6.0,"DHA Defence, Gujranwala, Punjab"
This House For Sale Askari Homes 1 Nice Location Good Condition,3.75 Crore,37500000.0,10.0 Marla,10.0,https://www.zameen.com/Property/gujranwala_rahwali_cantt_this_house_for_sale_askari_homes_1_nice_location_good_condition-52070830-1295-1.html,Gujranwala,House,3.0,4.0,"Rahwali Cantt, Gujranwala, Punjab"
This House Available Available For Sell In Gujranwala Cantt Defence Face1 Near By Mosque And Market,9.5 Crore,95000000.0,1.3 Kanal,26.0,https://www.zameen.com/Property/gujranwala_rahwali_cantt_this_house_available_available_for_sell_in_gujranwala_cantt_defence_face1_near_by_mosque_and_market-52209197-1295-1.html,Gujranwala,House,6.0,6.0,"Rahwali Cantt, Gujranwala, Punjab"
Facing Park 5 Marla House For sale In Royal Palm City Gujranwala In Only Rs. 21500000,2.15 Crore,21500000.0,5.0 Marla,5.0,https://www.zameen.com/Property/eminabad_more_royal_palm_city_facing_park_5_marla_house_for_sale_in_royal_palm_city_gujranwala_in_only_rs_21500000-54476798-11297-1.html,Gujranwala,House,4.0,4.0,"Eminabad More, Gujranwala, Punjab"
Prominently-Located Corner 7 Marla House Available In Citi Housing Society,3.25 Crore,32500000.0,7.0 Marla,7.0,https://www.zameen.com/Property/gujranwala_citi_housing_society_prominently-located_corner_7_marla_house_available_in_citi_housing_society-54638216-3083-1.html,Gujranwala,House,4.0,4.0,"Citi Housing Society, Gujranwala, Punjab"
Centrally Located Prime Location House In Citi Housing Society Is Available For sale,2.6 Crore,26000000.0,5.0 Marla,5.0,https://www.zameen.com/Property/gujranwala_citi_housing_society_centrally_located_prime_location_house_in_citi_housing_society_is_available_for_sale-54638217-3083-1.html,Gujranwala,House,4.0,4.0,"Citi Housing Society, Gujranwala, Punjab"
Reserve A Centrally Located Prime Location House In Citi Housing Society,4.0 Crore,40000000.0,10.0 Marla,10.0,https://www.zameen.com/Property/gujranwala_citi_housing_society_reserve_a_centrally_located_prime_location_house_in_citi_housing_society-54638218-3083-1.html,Gujranwala,House,5.0,5.0,"Citi Housing Society, Gujranwala, Punjab"
Prime Location 10 Marla House In Citi Housing Society For sale At Good Location,4.5 Crore,45000000.0,10.0 Marla,10.0,https://www.zameen.com/Property/gujranwala_citi_housing_society_prime_location_10_marla_house_in_citi_housing_society_for_sale_at_good_location-54638219-3083-1.html,Gujranwala,House,5.0,5.0,"Citi Housing Society, Gujranwala, Punjab"
Prime Location Citi Housing Society House Sized 5 Marla For sale,2.3 Crore,23000000.0,5.0 Marla,5.0,https://www.zameen.com/Property/gujranwala_citi_housing_society_prime_location_citi_housing_society_house_sized_5_marla_for_sale-54622078-3083-1.html,Gujranwala,House,4.0,4.0,"Citi Housing Society, Gujranwala, Punjab"
Facing Park House For Sale In Beautiful Citi Housing Society,5.5 Crore,55000000.0,10.0 Marla,10.0,https://www.zameen.com/Property/gujranwala_citi_housing_society_facing_park_house_for_sale_in_beautiful_citi_housing_society-54638215-3083-1.html,Gujranwala,House,5.0,5.0,"Citi Housing Society, Gujranwala, Punjab"
Aesthetic Prime Location House Of 5 Marla For Sale Is Available,2.6 Crore,26000000.0,5.0 Marla,5.0,https://www.zameen.com/Property/gujranwala_citi_housing_society_aesthetic_prime_location_house_of_5_marla_for_sale_is_available-54638221-3083-1.html,Gujranwala,House,4.0,4.0,"Citi Housing Society, Gujranwala, Punjab"
A Great Choice For A Prime Location 5 Marla House Available In Citi Housing Society,2.5 Crore,25000000.0,5.0 Marla,5.0,https://www.zameen.com/Property/gujranwala_citi_housing_society_a_great_choice_for_a_prime_location_5_marla_house_available_in_citi_housing_society-54638225-3083-1.html,Gujranwala,House,4.0,4.0,"Citi Housing Society, Gujranwala, Punjab"
Prime Location 5 Marla House In Citi Housing Society Best Option,2.35 Crore,23500000.0,5.0 Marla,5.0,https://www.zameen.com/Property/gujranwala_citi_housing_society_prime_location_5_marla_house_in_citi_housing_society_best_option-54638224-3083-1.html,Gujranwala,House,4.0,4.0,"Citi Housing Society, Gujranwala, Punjab"
Avail Yourself A Great Prime Location 10 Marla House In Citi Housing Society,5.0 Crore,50000000.0,10.0 Marla,10.0,https://www.zameen.com/Property/gujranwala_citi_housing_society_avail_yourself_a_great_prime_location_10_marla_house_in_citi_housing_society-54638226-3083-1.html,Gujranwala,House,5.0,5.0,"Citi Housing Society, Gujranwala, Punjab"
Reserve A Centrally Located Prime Location House Of 10 Marla In Citi Housing Society,4.0 Crore,40000000.0,10.0 Marla,10.0,https://www.zameen.com/Property/gujranwala_citi_housing_society_reserve_a_centrally_located_prime_location_house_of_10_marla_in_citi_housing_society-54638227-3083-1.html,Gujranwala,House,5.0,5.0,"Citi Housing Society, Gujranwala, Punjab"
A Great Choice For A Facing Park 10 Marla House Available In Citi Housing Society,4.8 Crore,48000000.0,10.0 Marla,10.0,https://www.zameen.com/Property/gujranwala_citi_housing_society_a_great_choice_for_a_facing_park_10_marla_house_available_in_citi_housing_society-54638228-3083-1.html,Gujranwala,House,5.0,5.0,"Citi Housing Society, Gujranwala, Punjab"
Looking For A Corner House In Citi Housing Society Citi Housing Society,6.7 Crore,67000000.0,14.0 Marla,14.0,https://www.zameen.com/Property/gujranwala_citi_housing_society_looking_for_a_corner_house_in_citi_housing_society_citi_housing_society-54638229-3083-1.html,Gujranwala,House,6.0,6.0,"Citi Housing Society, Gujranwala, Punjab"
Prime Location House For Sale In Beautiful Citi Housing Society,4.6 Crore,46000000.0,10.0 Marla,10.0,https://www.zameen.com/Property/gujranwala_citi_housing_society_prime_location_house_for_sale_in_beautiful_citi_housing_society-54638230-3083-1.html,Gujranwala,House,5.0,5.0,"Citi Housing Society, Gujranwala, Punjab"
Corner Citi Housing Society 5 Marla House Up For Sale,1.85 Crore,18500000.0,5.0 Marla,5.0,https://www.zameen.com/Property/gujranwala_citi_housing_society_corner_citi_housing_society_5_marla_house_up_for_sale-54638231-3083-1.html,Gujranwala,House,4.0,4.0,"Citi Housing Society, Gujranwala, Punjab"
"Prime Location House Of 10 Marla Is Available For Sale In Citi Housing Society, Citi Housing Society",4.5 Crore,45000000.0,10.0 Marla,10.0,https://www.zameen.com/Property/gujranwala_citi_housing_society_prime_location_house_of_10_marla_is_available_for_sale_in_citi_housing_society_citi_housing_society-54638232-3083-1.html,Gujranwala,House,5.0,5.0,"Citi Housing Society, Gujranwala, Punjab"
Prime Location House In Citi Housing Society For Sale,4.5 Crore,45000000.0,10.0 Marla,10.0,https://www.zameen.com/Property/gujranwala_citi_housing_society_prime_location_house_in_citi_housing_society_for_sale-54638233-3083-1.html,Gujranwala,House,5.0,5.0,"Citi Housing Society, Gujranwala, Punjab"
Centrally Located Prime Location House In Citi Housing Society Is Available For sale,4.5 Crore,45000000.0,10.0 Marla,10.0,https://www.zameen.com/Property/gujranwala_citi_housing_society_centrally_located_prime_location_house_in_citi_housing_society_is_available_for_sale-54638240-3083-1.html,Gujranwala,House,5.0,5.0,"Citi Housing Society, Gujranwala, Punjab"
Highly-Desirable Prime Location House Available In Citi Housing Society For Sale,4.0 Crore,40000000.0,10.0 Marla,10.0,https://www.zameen.com/Property/gujranwala_citi_housing_society_highly-desirable_prime_location_house_available_in_citi_housing_society_for_sale-54272551-3083-1.html,Gujranwala,House,5.0,5.0,"Citi Housing Society, Gujranwala, Punjab"
Prime Location 5 Marla House In Citi Housing Society For Sale At Good Location,2.6 Crore,26000000.0,5.0 Marla,5.0,https://www.zameen.com/Property/gujranwala_citi_housing_society_prime_location_5_marla_house_in_citi_housing_society_for_sale_at_good_location-54281721-3083-1.html,Gujranwala,House,4.0,4.0,"Citi Housing Society, Gujranwala, Punjab"
Prime Location House In Citi Housing Society For Sale,2.0 Crore,20000000.0,5.0 Marla,5.0,https://www.zameen.com/Property/gujranwala_citi_housing_society_prime_location_house_in_citi_housing_society_for_sale-54281722-3083-1.html,Gujranwala,House,4.0,4.0,"Citi Housing Society, Gujranwala, Punjab"
This Is Your Chance To Buy Prime Location House In Citi Housing Phase 3 - Block FF,3.6 Crore,36000000.0,10.0 Marla,10.0,https://www.zameen.com/Property/citi_housing_phase_3_citi_housing_phase_3_-_block_ff_this_is_your_chance_to_buy_prime_location_house_in_citi_housing_phase_3_-_block_ff-54296298-21884-1.html,Gujranwala,House,5.0,5.0,"Citi Housing Society, Gujranwala, Punjab"
Prime Location 10 Marla House For Sale In Citi Housing Phase 3 - Block FF,4.25 Crore,42500000.0,10.0 Marla,10.0,https://www.zameen.com/Property/citi_housing_phase_3_citi_housing_phase_3_-_block_ff_prime_location_10_marla_house_for_sale_in_citi_housing_phase_3_-_block_ff-54296299-21884-1.html,Gujranwala,House,6.0,6.0,"Citi Housing Society, Gujranwala, Punjab"
Prime Location House Sized 10 Marla Is Available For Sale In Citi Housing Society,4.5 Crore,45000000.0,10.0 Marla,10.0,https://www.zameen.com/Property/gujranwala_citi_housing_society_prime_location_house_sized_10_marla_is_available_for_sale_in_citi_housing_society-54311050-3083-1.html,Gujranwala,House,5.0,5.0,"Citi Housing Society, Gujranwala, Punjab"
Main Double Road 10 Marla House For sale In Citi Housing Society Citi Housing Society,4.5 Crore,45000000.0,10.0 Marla,10.0,https://www.zameen.com/Property/gujranwala_citi_housing_society_main_double_road_10_marla_house_for_sale_in_citi_housing_society_citi_housing_society-54326328-3083-1.html,Gujranwala,House,5.0,6.0,"Citi Housing Society, Gujranwala, Punjab"
Tripple Storey 10 Marla House For Sale In Citi Housing Society Citi Housing Society,4.9 Crore,49000000.0,10.0 Marla,10.0,https://www.zameen.com/Property/gujranwala_citi_housing_society_tripple_storey_10_marla_house_for_sale_in_citi_housing_society_citi_housing_society-54400383-3083-1.html,Gujranwala,House,5.0,5.0,"Citi Housing Society, Gujranwala, Punjab"
Centrally Located Prime Location House For Sale In Citi Housing Phase 3 - Block FF Available,2.25 Crore,22500000.0,5.0 Marla,5.0,https://www.zameen.com/Property/citi_housing_phase_3_citi_housing_phase_3_-_block_ff_centrally_located_prime_location_house_for_sale_in_citi_housing_phase_3_-_block_ff_available-54429501-21884-1.html,Gujranwala,House,4.0,3.0,"Citi Housing Society, Gujranwala, Punjab"
Triple Storey 5 Marla House Available In Citi Housing - Phase 1 For sale,2.25 Crore,22500000.0,5.0 Marla,5.0,https://www.zameen.com/Property/citi_housing_society_citi_housing_-_phase_1_triple_storey_5_marla_house_available_in_citi_housing_-_phase_1_for_sale-54462902-3084-1.html,Gujranwala,House,4.0,5.0,"Citi Housing Society, Gujranwala, Punjab"
Prime Location Citi Housing Society House Sized 10 Marla,4.8 Crore,48000000.0,10.0 Marla,10.0,https://www.zameen.com/Property/gujranwala_citi_housing_society_prime_location_citi_housing_society_house_sized_10_marla-54639433-3083-1.html,Gujranwala,House,5.0,5.0,"Citi Housing Society, Gujranwala, Punjab"
Prime Location 10 Marla House For sale In The Perfect Location Of Citi Housing Society,3.5 Crore,35000000.0,10.0 Marla,10.0,https://www.zameen.com/Property/gujranwala_citi_housing_society_prime_location_10_marla_house_for_sale_in_the_perfect_location_of_citi_housing_society-54639436-3083-1.html,Gujranwala,House,5.0,5.0,"Citi Housing Society, Gujranwala, Punjab"
A Spacious Prime Location 10 Marla House In Citi Housing Society,5.0 Crore,50000000.0,10.0 Marla,10.0,https://www.zameen.com/Property/gujranwala_citi_housing_society_a_spacious_prime_location_10_marla_house_in_citi_housing_society-54639437-3083-1.html,Gujranwala,House,5.0,5.0,"Citi Housing Society, Gujranwala, Punjab"
Tripple Storey 5 Marla House Available In Citi Housing Phase 3 - Block FF For sale,1.6 Crore,16000000.0,5.0 Marla,5.0,https://www.zameen.com/Property/citi_housing_phase_3_citi_housing_phase_3_-_block_ff_tripple_storey_5_marla_house_available_in_citi_housing_phase_3_-_block_ff_for_sale-54468830-21884-1.html,Gujranwala,House,4.0,5.0,"Citi Housing Society, Gujranwala, Punjab"
A Prime Location House Of 10 Marla In Royal Palm City - Block C,4.5 Crore,45000000.0,10.0 Marla,10.0,https://www.zameen.com/Property/royal_palm_city_royal_palm_city_-_block_c_a_prime_location_house_of_10_marla_in_royal_palm_city_-_block_c-54657078-17212-1.html,Gujranwala,House,5.0,5.0,"Eminabad More, Gujranwala, Punjab"
Grey Structure 5 Marla House For Sale In Citi Housing Society Citi Housing Society,78.0 Lakh,7800000.0,5.0 Marla,5.0,https://www.zameen.com/Property/gujranwala_citi_housing_society_grey_structure_5_marla_house_for_sale_in_citi_housing_society_citi_housing_society-54639162-3083-1.html,Gujranwala,House,2.0,2.0,"Citi Housing Society, Gujranwala, Punjab"
Well-Constructed Grey Structure House Available For Sale In Citi Housing Society,1.2 Crore,12000000.0,5.0 Marla,5.0,https://www.zameen.com/Property/gujranwala_citi_housing_society_well-constructed_grey_structure_house_available_for_sale_in_citi_housing_society-54639163-3083-1.html,Gujranwala,House,4.0,4.0,"Citi Housing Society, Gujranwala, Punjab"
Facing Park 10 Marla House In Citi Housing Society,5.5 Crore,55000000.0,10.0 Marla,10.0,https://www.zameen.com/Property/gujranwala_citi_housing_society_facing_park_10_marla_house_in_citi_housing_society-54639164-3083-1.html,Gujranwala,House,5.0,5.0,"Citi Housing Society, Gujranwala, Punjab"
Get Your Hands On Prime Location House In Citi Housing Society Best Area,2.0 Crore,20000000.0,5.0 Marla,5.0,https://www.zameen.com/Property/gujranwala_citi_housing_society_get_your_hands_on_prime_location_house_in_citi_housing_society_best_area-54639166-3083-1.html,Gujranwala,House,4.0,4.0,"Citi Housing Society, Gujranwala, Punjab"
Get In Touch Now To Buy A Corner House In Citi Housing Society Citi Housing Society,4.25 Crore,42500000.0,10.0 Marla,10.0,https://www.zameen.com/Property/gujranwala_citi_housing_society_get_in_touch_now_to_buy_a_corner_house_in_citi_housing_society_citi_housing_society-54639165-3083-1.html,Gujranwala,House,5.0,5.0,"Citi Housing Society, Gujranwala, Punjab"
Facing Park 10 Marla House In Stunning Citi Housing Society Is Available For Sale,5.5 Crore,55000000.0,10.0 Marla,10.0,https://www.zameen.com/Property/gujranwala_citi_housing_society_facing_park_10_marla_house_in_stunning_citi_housing_society_is_available_for_sale-54622217-3083-1.html,Gujranwala,House,5.0,5.0,"Citi Housing Society, Gujranwala, Punjab"
Prime Location 1 Kanal House In Citi Housing Society For sale At Good Location,8.5 Crore,85000000.0,1.0 Kanal,20.0,https://www.zameen.com/Property/gujranwala_citi_housing_society_prime_location_1_kanal_house_in_citi_housing_society_for_sale_at_good_location-54622224-3083-1.html,Gujranwala,House,6.0,6.0,"Citi Housing Society, Gujranwala, Punjab"
"11.5 MARLA NEW BRAND DOUBLE STORY HOUSE AVAILABLE FOR SALE, IN CITI HOUSING GUJRANWALA ON PRIME LOCATION.",5.8 Crore,58000000.0,11.5 Marla,11.5,https://www.zameen.com/Property/gujranwala_citi_housing_society_11_5_marla_new_brand_double_story_house_available_for_sale_in_citi_housing_gujranwala_on_prime_location-54654654-3083-1.html,Gujranwala,House,6.0,7.0,"Citi Housing Society, Gujranwala, Punjab"
5 Marla Ultra Modern House Available For Sale In Citi Housing Gujranwala,2.35 Crore,23500000.0,5.0 Marla,5.0,https://www.zameen.com/Property/gujranwala_citi_housing_society_5_marla_ultra_modern_house_available_for_sale_in_citi_housing_gujranwala-54654166-3083-1.html,Gujranwala,House,4.0,5.0,"Citi Housing Society, Gujranwala, Punjab"
Luxury 5 Marla House Available For Sale In Citi Housing Gujranwala,2.15 Crore,21500000.0,5.0 Marla,5.0,https://www.zameen.com/Property/gujranwala_citi_housing_society_luxury_5_marla_house_available_for_sale_in_citi_housing_gujranwala-54654162-3083-1.html,Gujranwala,House,4.0,5.0,"Citi Housing Society, Gujranwala, Punjab"
Luxury 5.5 Marla Corner House Available For Sale In Citi Housing Gujranwala,2.7 Crore,27000000.0,5.5 Marla,5.5,https://www.zameen.com/Property/gujranwala_citi_housing_society_luxury_5_5_marla_corner_house_available_for_sale_in_citi_housing_gujranwala-54654164-3083-1.html,Gujranwala,House,4.0,5.0,"Citi Housing Society, Gujranwala, Punjab"
5 Marla ultra modern house available for sale in Citi housing Gujranwala,2.35 Crore,23500000.0,5.0 Marla,5.0,https://www.zameen.com/Property/gujranwala_citi_housing_society_5_marla_ultra_modern_house_available_for_sale_in_citi_housing_gujranwala-54654163-3083-1.html,Gujranwala,House,4.0,5.0,"Citi Housing Society, Gujranwala, Punjab"
This Is Your Chance To Buy Prime Location House In Citi Housing Society Citi Housing Society,2.75 Crore,27500000.0,5.0 Marla,5.0,https://www.zameen.com/Property/gujranwala_citi_housing_society_this_is_your_chance_to_buy_prime_location_house_in_citi_housing_society_citi_housing_society-54011516-3083-1.html,Gujranwala,House,4.0,4.0,"Citi Housing Society, Gujranwala, Punjab"
5 Marla Lavish style house available for sale in Citi housing Gujranwala,2.15 Crore,21500000.0,5.0 Marla,5.0,https://www.zameen.com/Property/gujranwala_citi_housing_society_5_marla_lavish_style_house_available_for_sale_in_citi_housing_gujranwala-54653445-3083-1.html,Gujranwala,House,4.0,5.0,"Citi Housing Society, Gujranwala, Punjab"
Looking for a prime location house in Citi housing Gujranwala,2.45 Crore,24500000.0,5.0 Marla,5.0,https://www.zameen.com/Property/gujranwala_citi_housing_society_looking_for_a_prime_location_house_in_citi_housing_gujranwala-54592299-3083-1.html,Gujranwala,House,4.0,5.0,"Citi Housing Society, Gujranwala, Punjab"
5 Marla Brand New House For Sale | Prime Location | Ideal Family Home,2.49 Crore,24900000.000000004,5.0 Marla,5.0,https://www.zameen.com/Property/gujranwala_garden_town_5_marla_brand_new_house_for_sale_prime_location_ideal_family_home-53905624-1056-1.html,Gujranwala,House,5.0,4.0,"Garden Town, Gujranwala, Punjab"
14 Marla Corner Ultra Modern Double Height Fully Furnished House For Sale | Citi Housing Gujranwala,6.7 Crore,67000000.0,14.0 Marla,14.0,https://www.zameen.com/Property/gujranwala_citi_housing_society_14_marla_corner_ultra_modern_double_height_fully_furnished_house_for_sale_citi_housing_gujranwala-54350665-3083-1.html,Gujranwala,House,7.0,6.0,"Citi Housing Society, Gujranwala, Punjab"
5 M 100 Feet Luxury House For Sale In C5,2.3 Crore,23000000.0,5.0 Marla,5.0,https://www.zameen.com/Property/dha_sector_c_dha_sector_c_-_block_5_5_m_100_feet_luxury_house_for_sale_in_c5-53929695-18466-1.html,Gujranwala,House,4.0,4.0,"DHA Defence, Gujranwala, Punjab"
Modern house for sale 5 marla,1.95 Crore,19500000.0,5.0 Marla,5.0,https://www.zameen.com/Property/master_city_housing_scheme_master_city_-_block_a_modern_house_for_sale_5_marla-54585711-14337-1.html,Gujranwala,House,3.0,,"Master City Housing Scheme, Gujranwala, Punjab"
Prime Location 1 Kanal House In Citi Housing Society,8.5 Crore,85000000.0,1.0 Kanal,20.0,https://www.zameen.com/Property/gujranwala_citi_housing_society_prime_location_1_kanal_house_in_citi_housing_society-54638234-3083-1.html,Gujranwala,House,6.0,6.0,"Citi Housing Society, Gujranwala, Punjab"
Prime Location 5 Marla House In Citi Housing Society Best Option,1.65 Crore,16500000.0,5.0 Marla,5.0,https://www.zameen.com/Property/gujranwala_citi_housing_society_prime_location_5_marla_house_in_citi_housing_society_best_option-54558934-3083-1.html,Gujranwala,House,4.0,4.0,"Citi Housing Society, Gujranwala, Punjab"
10 Marla Spanish House For Sale,4.5 Crore,45000000.0,10.0 Marla,10.0,https://www.zameen.com/Property/master_city_housing_scheme_master_city_-_block_a_10_marla_spanish_house_for_sale-54574639-14337-1.html,Gujranwala,House,5.0,6.0,"Master City Housing Scheme, Gujranwala, Punjab"
Prime Location House Spread Over 10 Marla In Citi Housing Society Available,4.9 Crore,49000000.0,10.0 Marla,10.0,https://www.zameen.com/Property/gujranwala_citi_housing_society_prime_location_house_spread_over_10_marla_in_citi_housing_society_available-54638235-3083-1.html,Gujranwala,House,5.0,5.0,"Citi Housing Society, Gujranwala, Punjab"
Get In Touch Now To Buy A Corner House In Citi Housing Society,4.25 Crore,42500000.0,10.0 Marla,10.0,https://www.zameen.com/Property/gujranwala_citi_housing_society_get_in_touch_now_to_buy_a_corner_house_in_citi_housing_society-54638236-3083-1.html,Gujranwala,House,5.0,5.0,"Citi Housing Society, Gujranwala, Punjab"
10 Marla Brand New House In Fazia House Scheme In Gujranwala,4.0 Crore,40000000.0,10.0 Marla,10.0,https://www.zameen.com/Property/gujranwala_bypass_fazaia_housing_scheme_10_marla_brand_new_house_in_fazia_house_scheme_in_gujranwala-54655609-8476-1.html,Gujranwala,House,5.0,5.0,"Gujranwala Bypass, Gujranwala, Punjab"
5 Marla Lavish Style House Available For Sale In Citi Housing Gujranwala,2.6 Crore,26000000.0,5.0 Marla,5.0,https://www.zameen.com/Property/gujranwala_citi_housing_society_5_marla_lavish_style_house_available_for_sale_in_citi_housing_gujranwala-54585130-3083-1.html,Gujranwala,House,4.0,5.0,"Citi Housing Society, Gujranwala, Punjab"
10 Marla Luxury House Available For Sale In Citi Housing Gujranwala,4.25 Crore,42500000.0,10.0 Marla,10.0,https://www.zameen.com/Property/gujranwala_citi_housing_society_10_marla_luxury_house_available_for_sale_in_citi_housing_gujranwala-54585135-3083-1.html,Gujranwala,House,5.0,6.0,"Citi Housing Society, Gujranwala, Punjab"
Good Location DHA Sector A - Rachna Villas House Sized 5 Marla For Sale,1.55 Crore,15500000.0,5.0 Marla,5.0,https://www.zameen.com/Property/dha_sector_a_dha_sector_a_-_rachna_villas_good_location_dha_sector_a_-_rachna_villas_house_sized_5_marla_for_sale-54649464-21898-1.html,Gujranwala,House,3.0,4.0,"DHA Defence, Gujranwala, Punjab"
5 Marla Semi Furnished House Available For Sale In Citi Housing Gujranwala,1.85 Crore,18500000.0,5.0 Marla,5.0,https://www.zameen.com/Property/gujranwala_citi_housing_society_5_marla_semi_furnished_house_available_for_sale_in_citi_housing_gujranwala-54570124-3083-1.html,Gujranwala,House,4.0,5.0,"Citi Housing Society, Gujranwala, Punjab"
1 Kanal Luxury House For Sale In Citi Housing Gujranwala,7.0 Crore,70000000.0,1.0 Kanal,20.0,https://www.zameen.com/Property/gujranwala_citi_housing_society_1_kanal_luxury_house_for_sale_in_citi_housing_gujranwala-54570120-3083-1.html,Gujranwala,House,6.0,6.0,"Citi Housing Society, Gujranwala, Punjab"
Ready To Sale A Prime Location House 5 Marla In Royal Palm City Gujranwala,2.25 Crore,22500000.0,5.0 Marla,5.0,https://www.zameen.com/Property/eminabad_more_royal_palm_city_ready_to_sale_a_prime_location_house_5_marla_in_royal_palm_city_gujranwala-54417605-11297-1.html,Gujranwala,House,4.0,4.0,"Eminabad More, Gujranwala, Punjab"
Prime Location 10 Marla House In Royal Palm City - Block F Best Option,4.2 Crore,42000000.0,10.0 Marla,10.0,https://www.zameen.com/Property/royal_palm_city_royal_palm_city_-_block_f_prime_location_10_marla_house_in_royal_palm_city_-_block_f_best_option-54434935-17215-1.html,Gujranwala,House,5.0,5.0,"Eminabad More, Gujranwala, Punjab"
5 MARLA BRAND NEW HOUSE AVAILABLE FOR SALE (AT REASONABLE PRICE) IN CITI HOUSING GUJRANWALA,2.25 Crore,22500000.0,5.0 Marla,5.0,https://www.zameen.com/Property/gujranwala_citi_housing_society_5_marla_brand_new_house_available_for_sale_at_reasonable_price_in_citi_housing_gujranwala-54531951-3083-1.html,Gujranwala,House,4.0,5.0,"Citi Housing Society, Gujranwala, Punjab"
On Excellent Location 5 Marla House For Sale In Rs. 22500000 Only,2.25 Crore,22500000.0,5.0 Marla,5.0,https://www.zameen.com/Property/eminabad_more_royal_palm_city_on_excellent_location_5_marla_house_for_sale_in_rs_22500000_only-54591672-11297-1.html,Gujranwala,House,4.0,4.0,"Eminabad More, Gujranwala, Punjab"
Affordable On Excellent Location House For sale In Royal Palm City,2.45 Crore,24500000.0,5.0 Marla,5.0,https://www.zameen.com/Property/eminabad_more_royal_palm_city_affordable_on_excellent_location_house_for_sale_in_royal_palm_city-54591673-11297-1.html,Gujranwala,House,4.0,4.0,"Eminabad More, Gujranwala, Punjab"
Ready To Buy A Facing Park House 10 Marla In Citi Housing Society,4.8 Crore,48000000.0,10.0 Marla,10.0,https://www.zameen.com/Property/gujranwala_citi_housing_society_ready_to_buy_a_facing_park_house_10_marla_in_citi_housing_society-54597322-3083-1.html,Gujranwala,House,5.0,5.0,"Citi Housing Society, Gujranwala, Punjab"
10 Marla Used House with 15 Kv Solar System,3.7 Crore,37000000.0,10.0 Marla,10.0,https://www.zameen.com/Property/gujranwala_citi_housing_society_10_marla_used_house_with_15_kv_solar_system-54601537-3083-1.html,Gujranwala,House,5.0,5.0,"Citi Housing Society, Gujranwala, Punjab"
10 Marla Corner House Facing Masjid And Park For Sale In DC Colony,4.15 Crore,41500000.0,10.0 Marla,10.0,https://www.zameen.com/Property/dc_colony_dc_colony_-_sawan_block_10_marla_corner_house_facing_masjid_and_park_for_sale_in_dc_colony-54046133-10120-1.html,Gujranwala,House,5.0,6.0,"DC Colony, Gujranwala, Punjab"
10 Marla Luxury House For Sale In DC Colony,4.35 Crore,43500000.0,10.0 Marla,10.0,https://www.zameen.com/Property/dc_colony_dc_colony_-_sawan_block_10_marla_luxury_house_for_sale_in_dc_colony-54046222-10120-1.html,Gujranwala,House,5.0,6.0,"DC Colony, Gujranwala, Punjab"
Highly-Desirable Prime Location House Available In Citi Housing Society For sale,2.5 Crore,25000000.0,5.0 Marla,5.0,https://www.zameen.com/Property/gujranwala_citi_housing_society_highly-desirable_prime_location_house_available_in_citi_housing_society_for_sale-54281113-3083-1.html,Gujranwala,House,4.0,4.0,"Citi Housing Society, Gujranwala, Punjab"
Prime Location 5 Marla House In Beautiful Location Of Citi Housing Society In Citi Housing Society,2.5 Crore,25000000.0,5.0 Marla,5.0,https://www.zameen.com/Property/gujranwala_citi_housing_society_prime_location_5_marla_house_in_beautiful_location_of_citi_housing_society_in_citi_housing_society-54281114-3083-1.html,Gujranwala,House,6.0,6.0,"Citi Housing Society, Gujranwala, Punjab"
5 MARLA BRAND NEW HOUSE AVAILABLE FOR SALE (AT REASONABLE PRICE) IN CITI HOUSING GUJRANWALA,1.9 Crore,19000000.0,5.0 Marla,5.0,https://www.zameen.com/Property/gujranwala_citi_housing_society_5_marla_brand_new_house_available_for_sale_at_reasonable_price_in_citi_housing_gujranwala-54531920-3083-1.html,Gujranwala,House,4.0,5.0,"Citi Housing Society, Gujranwala, Punjab"
Prime Location Property For sale In Citi Housing Society Citi Housing Society,4.5 Crore,45000000.0,10.0 Marla,10.0,https://www.zameen.com/Property/gujranwala_citi_housing_society_prime_location_property_for_sale_in_citi_housing_society_citi_housing_society-54597330-3083-1.html,Gujranwala,House,5.0,5.0,"Citi Housing Society, Gujranwala, Punjab"
A Great Choice For A Prime Location 5 Marla House Available In Citi Housing Society,2.6 Crore,26000000.0,5.0 Marla,5.0,https://www.zameen.com/Property/gujranwala_citi_housing_society_a_great_choice_for_a_prime_location_5_marla_house_available_in_citi_housing_society-54597333-3083-1.html,Gujranwala,House,4.0,4.0,"Citi Housing Society, Gujranwala, Punjab"
Prime Location House Sized 1 Kanal Available In Citi Housing Society,8.5 Crore,85000000.0,1.0 Kanal,20.0,https://www.zameen.com/Property/gujranwala_citi_housing_society_prime_location_house_sized_1_kanal_available_in_citi_housing_society-54597335-3083-1.html,Gujranwala,House,6.0,6.0,"Citi Housing Society, Gujranwala, Punjab"
Investors Should sale This On Excellent Location House Located Ideally In Citi Housing Society,8.5 Crore,85000000.0,1.0 Kanal,20.0,https://www.zameen.com/Property/gujranwala_citi_housing_society_investors_should_sale_this_on_excellent_location_house_located_ideally_in_citi_housing_society-54643624-3083-1.html,Gujranwala,House,6.0,6.0,"Citi Housing Society, Gujranwala, Punjab"
On Excellent Location House Of 2600 Square Feet Is Available In Contemporary Neighborhood Of Citi Housing Society,4.85 Crore,48500000.0,11.6 Marla,11.6,https://www.zameen.com/Property/gujranwala_citi_housing_society_on_excellent_location_house_of_2600_square_feet_is_available_in_contemporary_neighborhood_of_citi_housing_society-54643625-3083-1.html,Gujranwala,House,5.0,5.0,"Citi Housing Society, Gujranwala, Punjab"
Get A Prime Location 5 Marla House For Sale In Citi Housing Society,1.75 Crore,17500000.0,5.0 Marla,5.0,https://www.zameen.com/Property/gujranwala_citi_housing_society_get_a_prime_location_5_marla_house_for_sale_in_citi_housing_society-54643607-3083-1.html,Gujranwala,House,4.0,4.0,"Citi Housing Society, Gujranwala, Punjab"
"On Excellent Location In Citi Housing Society Of Citi Housing Society, A 10 Marla House Is Available",4.5 Crore,45000000.0,10.0 Marla,10.0,https://www.zameen.com/Property/gujranwala_citi_housing_society_on_excellent_location_in_citi_housing_society_of_citi_housing_society_a_10_marla_house_is_available-54643622-3083-1.html,Gujranwala,House,5.0,5.0,"Citi Housing Society, Gujranwala, Punjab"
On Excellent Location 10 Marla House In Citi Housing Society Is Available For Sale,3.2 Crore,32000000.0,10.0 Marla,10.0,https://www.zameen.com/Property/gujranwala_citi_housing_society_on_excellent_location_10_marla_house_in_citi_housing_society_is_available_for_sale-54643621-3083-1.html,Gujranwala,House,5.0,5.0,"Citi Housing Society, Gujranwala, Punjab"
A On Excellent Location 10 Marla House In Citi Housing Society Is On The Market For sale,4.9 Crore,49000000.0,10.0 Marla,10.0,https://www.zameen.com/Property/gujranwala_citi_housing_society_a_on_excellent_location_10_marla_house_in_citi_housing_society_is_on_the_market_for_sale-54643620-3083-1.html,Gujranwala,House,5.0,5.0,"Citi Housing Society, Gujranwala, Punjab"
A On Excellent Location House At Affordable Price Awaits You,4.2 Crore,42000000.0,10.0 Marla,10.0,https://www.zameen.com/Property/gujranwala_citi_housing_society_a_on_excellent_location_house_at_affordable_price_awaits_you-54643618-3083-1.html,Gujranwala,House,5.0,5.0,"Citi Housing Society, Gujranwala, Punjab"
On Excellent Location House For sale Situated In Citi Housing Society,4.5 Crore,45000000.0,10.0 Marla,10.0,https://www.zameen.com/Property/gujranwala_citi_housing_society_on_excellent_location_house_for_sale_situated_in_citi_housing_society-54643617-3083-1.html,Gujranwala,House,5.0,5.0,"Citi Housing Society, Gujranwala, Punjab"
"On Excellent Location 10 Marla House Available For Sale In Citi Housing Society, Citi Housing Society",4.5 Crore,45000000.0,10.0 Marla,10.0,https://www.zameen.com/Property/gujranwala_citi_housing_society_on_excellent_location_10_marla_house_available_for_sale_in_citi_housing_society_citi_housing_society-54643616-3083-1.html,Gujranwala,House,5.0,5.0,"Citi Housing Society, Gujranwala, Punjab"
Facing Park 10 Marla House For Sale In Citi Housing Society,4.8 Crore,48000000.0,10.0 Marla,10.0,https://www.zameen.com/Property/gujranwala_citi_housing_society_facing_park_10_marla_house_for_sale_in_citi_housing_society-54643615-3083-1.html,Gujranwala,House,5.0,5.0,"Citi Housing Society, Gujranwala, Punjab"
Stunning Corner 14 Marla House In Citi Housing Society Available,6.7 Crore,67000000.0,14.0 Marla,14.0,https://www.zameen.com/Property/gujranwala_citi_housing_society_stunning_corner_14_marla_house_in_citi_housing_society_available-54643614-3083-1.html,Gujranwala,House,6.0,6.0,"Citi Housing Society, Gujranwala, Punjab"
Prime Location In Citi Housing Society House Sized 10 Marla For sale,4.6 Crore,46000000.0,10.0 Marla,10.0,https://www.zameen.com/Property/gujranwala_citi_housing_society_prime_location_in_citi_housing_society_house_sized_10_marla_for_sale-54643613-3083-1.html,Gujranwala,House,5.0,5.0,"Citi Housing Society, Gujranwala, Punjab"
Corner House Of 1631 Square Feet In Citi Housing Society For Sale,3.2 Crore,32000000.0,7.2 Marla,7.2,https://www.zameen.com/Property/gujranwala_citi_housing_society_corner_house_of_1631_square_feet_in_citi_housing_society_for_sale-54643605-3083-1.html,Gujranwala,House,5.0,5.0,"Citi Housing Society, Gujranwala, Punjab"
Buying A Prime Location House In Citi Housing Society Citi Housing Society?,1.75 Crore,17500000.0,5.0 Marla,5.0,https://www.zameen.com/Property/gujranwala_citi_housing_society_buying_a_prime_location_house_in_citi_housing_society_citi_housing_society-54643606-3083-1.html,Gujranwala,House,4.0,4.0,"Citi Housing Society, Gujranwala, Punjab"
On Excellent Location Citi Housing Society House Sized 5 Marla For sale,2.0 Crore,20000000.0,5.0 Marla,5.0,https://www.zameen.com/Property/gujranwala_citi_housing_society_on_excellent_location_citi_housing_society_house_sized_5_marla_for_sale-54643604-3083-1.html,Gujranwala,House,4.0,4.0,"Citi Housing Society, Gujranwala, Punjab"
10 Marla Brand New House Available For Sale In Sector G Dha Gujranwala,4.1 Crore,41000000.0,10.0 Marla,10.0,https://www.zameen.com/Property/gujranwala_dha_defence_10_marla_brand_new_house_available_for_sale_in_sector_g_dha_gujranwala-54642377-5121-1.html,Gujranwala,House,5.0,6.0,"DHA Defence, Gujranwala, Punjab"
5 MARLA BRAND NEW HOUSE AVAILABLE FOR SALE (AT REASONABLE PRICE) IN CITI HOUSING GUJRANWALA,1.8 Crore,18000000.0,5.0 Marla,5.0,https://www.zameen.com/Property/gujranwala_citi_housing_society_5_marla_brand_new_house_available_for_sale_at_reasonable_price_in_citi_housing_gujranwala-54463463-3083-1.html,Gujranwala,House,4.0,5.0,"Citi Housing Society, Gujranwala, Punjab"
Luxury 5 Marla House Available For Sale In Citi Housing Gujranwala,2.8 Crore,28000000.0,5.0 Marla,5.0,https://www.zameen.com/Property/gujranwala_citi_housing_society_luxury_5_marla_house_available_for_sale_in_citi_housing_gujranwala-54639670-3083-1.html,Gujranwala,House,4.0,5.0,"Citi Housing Society, Gujranwala, Punjab"
10 Marla ultra modern house available for sale in Citi housing Gujranwala,4.9 Crore,49000000.0,10.0 Marla,10.0,https://www.zameen.com/Property/gujranwala_citi_housing_society_10_marla_ultra_modern_house_available_for_sale_in_citi_housing_gujranwala-54639668-3083-1.html,Gujranwala,House,5.0,6.0,"Citi Housing Society, Gujranwala, Punjab"
Ideal Prime Location House For sale In Citi Housing Society,5.0 Crore,50000000.0,10.0 Marla,10.0,https://www.zameen.com/Property/gujranwala_citi_housing_society_ideal_prime_location_house_for_sale_in_citi_housing_society-54568649-3083-1.html,Gujranwala,House,5.0,5.0,"Citi Housing Society, Gujranwala, Punjab"
Prime Location House Of 10 Marla In Citi Housing Society Is Available,4.25 Crore,42500000.0,10.0 Marla,10.0,https://www.zameen.com/Property/gujranwala_citi_housing_society_prime_location_house_of_10_marla_in_citi_housing_society_is_available-54638222-3083-1.html,Gujranwala,House,5.0,5.0,"Citi Housing Society, Gujranwala, Punjab"
Facing Park House In Citi Housing Society For Sale,5.5 Crore,55000000.0,10.0 Marla,10.0,https://www.zameen.com/Property/gujranwala_citi_housing_society_facing_park_house_in_citi_housing_society_for_sale-54637853-3083-1.html,Gujranwala,House,5.0,5.0,"Citi Housing Society, Gujranwala, Punjab"
Your Search Ends Right Here With The Beautiful Corner House In Citi Housing Society At Affordable Price Of Pkr Rs. 67000000,6.7 Crore,67000000.0,14.0 Marla,14.0,https://www.zameen.com/Property/gujranwala_citi_housing_society_your_search_ends_right_here_with_the_beautiful_corner_house_in_citi_housing_society_at_affordable_price_of_pkr_rs_67000000-54637852-3083-1.html,Gujranwala,House,5.0,5.0,"Citi Housing Society, Gujranwala, Punjab"
Your Search For Prime Location House In Citi Housing Society Ends Here,4.5 Crore,45000000.0,10.0 Marla,10.0,https://www.zameen.com/Property/gujranwala_citi_housing_society_your_search_for_prime_location_house_in_citi_housing_society_ends_here-54637848-3083-1.html,Gujranwala,House,5.0,5.0,"Citi Housing Society, Gujranwala, Punjab"
Your Search For Prime Location House In Citi Housing Society Ends Here,4.5 Crore,45000000.0,10.0 Marla,10.0,https://www.zameen.com/Property/gujranwala_citi_housing_society_your_search_for_prime_location_house_in_citi_housing_society_ends_here-54637851-3083-1.html,Gujranwala,House,5.0,5.0,"Citi Housing Society, Gujranwala, Punjab"
Reserve A Centrally Located Prime Location House In Citi Housing Society,4.25 Crore,42500000.0,10.0 Marla,10.0,https://www.zameen.com/Property/gujranwala_citi_housing_society_reserve_a_centrally_located_prime_location_house_in_citi_housing_society-54597334-3083-1.html,Gujranwala,House,5.0,5.0,"Citi Housing Society, Gujranwala, Punjab"
6.25 Marla Corner + Park Facing House For Sale,2.4 Crore,24000000.0,6.3 Marla,6.3,https://www.zameen.com/Property/eminabad_more_royal_palm_city_6_25_marla_corner_park_facing_house_for_sale-54496146-11297-1.html,Gujranwala,House,4.0,4.0,"Eminabad More, Gujranwala, Punjab"
5 Marla Brand New Hosue For Sale,1.65 Crore,16500000.0,5.0 Marla,5.0,https://www.zameen.com/Property/master_city_housing_scheme_master_city_-_block_b_5_marla_brand_new_hosue_for_sale-54569622-14338-1.html,Gujranwala,House,4.0,5.0,"Master City Housing Scheme, Gujranwala, Punjab"
Affordable Prime Location House Of 10 Marla Is Available For Sale,4.5 Crore,45000000.0,10.0 Marla,10.0,https://www.zameen.com/Property/royal_palm_city_royal_palm_city_-_block_c_affordable_prime_location_house_of_10_marla_is_available_for_sale-54633092-17212-1.html,Gujranwala,House,5.0,5.0,"Eminabad More, Gujranwala, Punjab"
Looking For A Prime Location House In Citi Housing - Phase 2,2.2 Crore,22000000.0,5.0 Marla,5.0,https://www.zameen.com/Property/citi_housing_society_citi_housing_-_phase_2_looking_for_a_prime_location_house_in_citi_housing_-_phase_2-54213891-3085-1.html,Gujranwala,House,4.0,4.0,"Citi Housing Society, Gujranwala, Punjab"
On Excellent Location House Of 1 Kanal In Canal View - Sector 3 For sale,9.5 Crore,95000000.0,1.0 Kanal,20.0,https://www.zameen.com/Property/canal_view_housing_scheme_canal_view_-_sector_3_on_excellent_location_house_of_1_kanal_in_canal_view_-_sector_3_for_sale-54208958-19759-1.html,Gujranwala,House,6.0,6.0,"Canal View Housing Scheme, Gujranwala, Punjab"
A Palatial Residence For Prime Location sale In Royal Palm City - Block H Gujranwala,1.85 Crore,18500000.0,5.0 Marla,5.0,https://www.zameen.com/Property/royal_palm_city_royal_palm_city_-_block_h_a_palatial_residence_for_prime_location_sale_in_royal_palm_city_-_block_h_gujranwala-54417452-17217-1.html,Gujranwala,House,4.0,4.0,"Eminabad More, Gujranwala, Punjab"
Prime Location 10 Marla House In Stunning Wapda Town - Block C2 Is Available For sale,3.75 Crore,37500000.0,10.0 Marla,10.0,https://www.zameen.com/Property/wapda_town_wapda_town_-_block_c2_prime_location_10_marla_house_in_stunning_wapda_town_-_block_c2_is_available_for_sale-54417453-5280-1.html,Gujranwala,House,5.0,5.0,"Wapda Town, Gujranwala, Punjab"
Facing Park House For Sale In Beautiful Royal Palm City,2.15 Crore,21500000.0,5.0 Marla,5.0,https://www.zameen.com/Property/eminabad_more_royal_palm_city_facing_park_house_for_sale_in_beautiful_royal_palm_city-54463696-11297-1.html,Gujranwala,House,4.0,4.0,"Eminabad More, Gujranwala, Punjab"
10 Marla Modern Home For Sale,4.25 Crore,42500000.0,10.0 Marla,10.0,https://www.zameen.com/Property/gujranwala_citi_housing_society_10_marla_modern_home_for_sale-54523575-3083-1.html,Gujranwala,House,6.0,6.0,"Citi Housing Society, Gujranwala, Punjab"
Prime Location 1 Kanal House For sale In DHA Defence,9.0 Crore,90000000.0,1.0 Kanal,20.0,https://www.zameen.com/Property/gujranwala_dha_defence_prime_location_1_kanal_house_for_sale_in_dha_defence-54568641-5121-1.html,Gujranwala,House,6.0,6.0,"DHA Defence, Gujranwala, Punjab"
Spacious Prime Location House Is Available For sale In Ideal Location Of Citi Housing Society,1.9 Crore,19000000.0,5.0 Marla,5.0,https://www.zameen.com/Property/gujranwala_citi_housing_society_spacious_prime_location_house_is_available_for_sale_in_ideal_location_of_citi_housing_society-54568642-3083-1.html,Gujranwala,House,4.0,4.0,"Citi Housing Society, Gujranwala, Punjab"
Prime Location House For sale Is Readily Available In Prime Location Of Citi Housing Society,3.6 Crore,36000000.0,10.0 Marla,10.0,https://www.zameen.com/Property/gujranwala_citi_housing_society_prime_location_house_for_sale_is_readily_available_in_prime_location_of_citi_housing_society-54568643-3083-1.html,Gujranwala,House,5.0,5.0,"Citi Housing Society, Gujranwala, Punjab"
Prime Location 10 Marla House In Stunning Citi Housing Society Is Available For sale,3.6 Crore,36000000.0,10.0 Marla,10.0,https://www.zameen.com/Property/gujranwala_citi_housing_society_prime_location_10_marla_house_in_stunning_citi_housing_society_is_available_for_sale-54568644-3083-1.html,Gujranwala,House,5.0,5.0,"Citi Housing Society, Gujranwala, Punjab"
Prime Location 5 Marla House In Central Citi Housing Society For Sale,1.7 Crore,17000000.0,5.0 Marla,5.0,https://www.zameen.com/Property/gujranwala_citi_housing_society_prime_location_5_marla_house_in_central_citi_housing_society_for_sale-54568646-3083-1.html,Gujranwala,House,4.0,4.0,"Citi Housing Society, Gujranwala, Punjab"
Buying A Prime Location House In Citi Housing Society Citi Housing Society?,1.75 Crore,17500000.0,5.0 Marla,5.0,https://www.zameen.com/Property/gujranwala_citi_housing_society_buying_a_prime_location_house_in_citi_housing_society_citi_housing_society-54568647-3083-1.html,Gujranwala,House,4.0,4.0,"Citi Housing Society, Gujranwala, Punjab"
A On Excellent Location House Of 5 Marla In Rs. 23500000,2.35 Crore,23500000.0,5.0 Marla,5.0,https://www.zameen.com/Property/gujranwala_citi_housing_society_a_on_excellent_location_house_of_5_marla_in_rs_23500000-54510964-3083-1.html,Gujranwala,House,4.0,4.0,"Citi Housing Society, Gujranwala, Punjab"
Good On Excellent Location 5 Marla House For Sale In Citi Housing Society,2.25 Crore,22500000.0,5.0 Marla,5.0,https://www.zameen.com/Property/gujranwala_citi_housing_society_good_on_excellent_location_5_marla_house_for_sale_in_citi_housing_society-54632637-3083-1.html,Gujranwala,House,4.0,4.0,"Citi Housing Society, Gujranwala, Punjab"
Get In Touch Now To Buy A Facing Park House In Citi Housing Society,4.5 Crore,45000000.0,10.0 Marla,10.0,https://www.zameen.com/Property/gujranwala_citi_housing_society_get_in_touch_now_to_buy_a_facing_park_house_in_citi_housing_society-54632646-3083-1.html,Gujranwala,House,5.0,5.0,"Citi Housing Society, Gujranwala, Punjab"
This Is Your Chance To Buy Facing Park House In Citi Housing Society,5.5 Crore,55000000.0,10.0 Marla,10.0,https://www.zameen.com/Property/gujranwala_citi_housing_society_this_is_your_chance_to_buy_facing_park_house_in_citi_housing_society-54632644-3083-1.html,Gujranwala,House,5.0,5.0,"Citi Housing Society, Gujranwala, Punjab"
Ready To Buy A Prime Location House 10 Marla In Citi Housing Society,4.5 Crore,45000000.0,10.0 Marla,10.0,https://www.zameen.com/Property/gujranwala_citi_housing_society_ready_to_buy_a_prime_location_house_10_marla_in_citi_housing_society-54632643-3083-1.html,Gujranwala,House,5.0,5.0,"Citi Housing Society, Gujranwala, Punjab"
A Corner 14 Marla House Located In Citi Housing Society Is Available For sale,6.7 Crore,67000000.0,14.0 Marla,14.0,https://www.zameen.com/Property/gujranwala_citi_housing_society_a_corner_14_marla_house_located_in_citi_housing_society_is_available_for_sale-54632641-3083-1.html,Gujranwala,House,6.0,6.0,"Citi Housing Society, Gujranwala, Punjab"
Stunning Facing Park House Is Available For sale In Citi Housing Society,4.8 Crore,48000000.0,10.0 Marla,10.0,https://www.zameen.com/Property/gujranwala_citi_housing_society_stunning_facing_park_house_is_available_for_sale_in_citi_housing_society-54632640-3083-1.html,Gujranwala,House,5.0,5.0,"Citi Housing Society, Gujranwala, Punjab"
On Excellent Location House Sized 10 Marla In Citi Housing Society,5.0 Crore,50000000.0,10.0 Marla,10.0,https://www.zameen.com/Property/gujranwala_citi_housing_society_on_excellent_location_house_sized_10_marla_in_citi_housing_society-54632639-3083-1.html,Gujranwala,House,5.0,5.0,"Citi Housing Society, Gujranwala, Punjab"
Buy A Centrally Located Corner 1602 Square Feet House In Citi Housing Society,3.25 Crore,32500000.0,7.1 Marla,7.1,https://www.zameen.com/Property/gujranwala_citi_housing_society_buy_a_centrally_located_corner_1602_square_feet_house_in_citi_housing_society-54632626-3083-1.html,Gujranwala,House,4.0,4.0,"Citi Housing Society, Gujranwala, Punjab"
Reserve A On Excellent Location House Of 5 Marla Now In Citi Housing Society,2.35 Crore,23500000.0,5.0 Marla,5.0,https://www.zameen.com/Property/gujranwala_citi_housing_society_reserve_a_on_excellent_location_house_of_5_marla_now_in_citi_housing_society-54632634-3083-1.html,Gujranwala,House,4.0,4.0,"Citi Housing Society, Gujranwala, Punjab"
On Excellent Location House Of 10 Marla Available For Sale In Citi Housing Society,4.25 Crore,42500000.0,10.0 Marla,10.0,https://www.zameen.com/Property/gujranwala_citi_housing_society_on_excellent_location_house_of_10_marla_available_for_sale_in_citi_housing_society-54632633-3083-1.html,Gujranwala,House,5.0,5.0,"Citi Housing Society, Gujranwala, Punjab"
Prime Location House Of 10 Marla Is Available For sale In Citi Housing Society,4.5 Crore,45000000.0,10.0 Marla,10.0,https://www.zameen.com/Property/gujranwala_citi_housing_society_prime_location_house_of_10_marla_is_available_for_sale_in_citi_housing_society-54632631-3083-1.html,Gujranwala,House,5.0,5.0,"Citi Housing Society, Gujranwala, Punjab"
On Excellent Location House Of 10 Marla Is Available For sale In Citi Housing Society,3.95 Crore,39500000.0,10.0 Marla,10.0,https://www.zameen.com/Property/gujranwala_citi_housing_society_on_excellent_location_house_of_10_marla_is_available_for_sale_in_citi_housing_society-54632630-3083-1.html,Gujranwala,House,5.0,5.0,"Citi Housing Society, Gujranwala, Punjab"
On Excellent Location House For sale In Citi Housing Society,1.75 Crore,17500000.0,5.0 Marla,5.0,https://www.zameen.com/Property/gujranwala_citi_housing_society_on_excellent_location_house_for_sale_in_citi_housing_society-54632627-3083-1.html,Gujranwala,House,4.0,4.0,"Citi Housing Society, Gujranwala, Punjab"
Reserve A On Excellent Location House Of 5 Marla Now In Citi Housing Society,2.6 Crore,26000000.0,5.0 Marla,5.0,https://www.zameen.com/Property/gujranwala_citi_housing_society_reserve_a_on_excellent_location_house_of_5_marla_now_in_citi_housing_society-54632625-3083-1.html,Gujranwala,House,4.0,4.0,"Citi Housing Society, Gujranwala, Punjab"
Investors Should Sale This On Excellent Location House Located Ideally In Citi Housing Society,1.75 Crore,17500000.0,5.0 Marla,5.0,https://www.zameen.com/Property/gujranwala_citi_housing_society_investors_should_sale_this_on_excellent_location_house_located_ideally_in_citi_housing_society-54632628-3083-1.html,Gujranwala,House,4.0,4.0,"Citi Housing Society, Gujranwala, Punjab"
5 Marla Double Height Designer House,2.5 Crore,25000000.0,5.0 Marla,5.0,https://www.zameen.com/Property/gujranwala_citi_housing_society_5_marla_double_height_designer_house-54151138-3083-1.html,Gujranwala,House,4.0,4.0,"Citi Housing Society, Gujranwala, Punjab"
Prime Location 5 Marla House In Citi Housing Phase 1 - Block DD Best Option,2.5 Crore,25000000.0,5.0 Marla,5.0,https://www.zameen.com/Property/citi_housing_phase_1_citi_housing_phase_1_-_block_dd_prime_location_5_marla_house_in_citi_housing_phase_1_-_block_dd_best_option-54208466-20423-1.html,Gujranwala,House,4.0,4.0,"Citi Housing Society, Gujranwala, Punjab"
10 Marla Luxury Brand New House Available For Sale Citi Housing Society Gujranwala,3.99 Crore,39900000.0,10.0 Marla,10.0,https://www.zameen.com/Property/gujranwala_citi_housing_society_10_marla_luxury_brand_new_house_available_for_sale_citi_housing_society_gujranwala-52960026-3083-1.html,Gujranwala,House,6.0,6.0,"Citi Housing Society, Gujranwala, Punjab"
5 Mrla Brand New House for sale Citi Housing Gujranwala,1.8 Crore,18000000.0,5.0 Marla,5.0,https://www.zameen.com/Property/gujranwala_citi_housing_society_5_mrla_brand_new_house_for_sale_citi_housing_gujranwala-54126441-3083-1.html,Gujranwala,House,4.0,4.0,"Citi Housing Society, Gujranwala, Punjab"
5 Marla Brand New House For Sale Citi Housing Gujranwala,1.65 Crore,16500000.0,5.0 Marla,5.0,https://www.zameen.com/Property/citi_housing_society_citi_housing_-_phase_1_5_marla_brand_new_house_for_sale_citi_housing_gujranwala-54126458-3084-1.html,Gujranwala,House,4.0,4.0,"Citi Housing Society, Gujranwala, Punjab"
5 Marla Brand New House For Sale Citi Housing Gujranwala,1.8 Crore,18000000.0,5.0 Marla,5.0,https://www.zameen.com/Property/gujranwala_citi_housing_society_5_marla_brand_new_house_for_sale_citi_housing_gujranwala-54126472-3083-1.html,Gujranwala,House,4.0,4.0,"Citi Housing Society, Gujranwala, Punjab"
5 Mrla Brand New House For Sale Citi Housing Gujranwala,2.8 Crore,28000000.0,5.0 Marla,5.0,https://www.zameen.com/Property/gujranwala_citi_housing_society_5_mrla_brand_new_house_for_sale_citi_housing_gujranwala-54126496-3083-1.html,Gujranwala,House,4.0,4.0,"Citi Housing Society, Gujranwala, Punjab"
5 Mrla Brand New House for sale Citi Housing Gujranwala,2.75 Crore,27500000.0,5.0 Marla,5.0,https://www.zameen.com/Property/gujranwala_citi_housing_society_5_mrla_brand_new_house_for_sale_citi_housing_gujranwala-54126516-3083-1.html,Gujranwala,House,4.0,4.0,"Citi Housing Society, Gujranwala, Punjab"
10 Mrla Brand New House for sale Citi Housing Gujranwala,4.2 Crore,42000000.0,10.0 Marla,10.0,https://www.zameen.com/Property/gujranwala_citi_housing_society_10_mrla_brand_new_house_for_sale_citi_housing_gujranwala-54192512-3083-1.html,Gujranwala,House,6.0,6.0,"Citi Housing Society, Gujranwala, Punjab"
Prime Location 10 Marla House In Beautiful Location Of Citi Housing Society In Citi Housing Society,5.0 Crore,50000000.0,10.0 Marla,10.0,https://www.zameen.com/Property/gujranwala_citi_housing_society_prime_location_10_marla_house_in_beautiful_location_of_citi_housing_society_in_citi_housing_society-54414185-3083-1.html,Gujranwala,House,5.0,5.0,"Citi Housing Society, Gujranwala, Punjab"
10 Marla Beautiful House For Sale In Citi Housing Gujranwala,4.25 Crore,42500000.0,10.0 Marla,10.0,https://www.zameen.com/Property/gujranwala_citi_housing_society_10_marla_beautiful_house_for_sale_in_citi_housing_gujranwala-54624493-3083-1.html,Gujranwala,House,6.0,6.0,"Citi Housing Society, Gujranwala, Punjab"
On Your Ideal Location 5 Marla Modern House Available For Sale In Citi Housing Gujranwala,2.2 Crore,22000000.0,5.0 Marla,5.0,https://www.zameen.com/Property/gujranwala_citi_housing_society_on_your_ideal_location_5_marla_modern_house_available_for_sale_in_citi_housing_gujranwala-54624488-3083-1.html,Gujranwala,House,4.0,5.0,"Citi Housing Society, Gujranwala, Punjab"
Ready To Buy A Prime Location House 10 Marla In Canal View - Sector 4,3.7 Crore,37000000.0,10.0 Marla,10.0,https://www.zameen.com/Property/canal_view_housing_scheme_canal_view_-_sector_4_ready_to_buy_a_prime_location_house_10_marla_in_canal_view_-_sector_4-53769984-19760-1.html,Gujranwala,House,5.0,6.0,"Canal View Housing Scheme, Gujranwala, Punjab"
This Is Your Chance To Buy Prime Location House In Royal Palm City Gujranwala,1.7 Crore,17000000.0,5.0 Marla,5.0,https://www.zameen.com/Property/eminabad_more_royal_palm_city_this_is_your_chance_to_buy_prime_location_house_in_royal_palm_city_gujranwala-53841523-11297-1.html,Gujranwala,House,4.0,4.0,"Eminabad More, Gujranwala, Punjab"
Perfect Corner 6 Marla House In Royal Palm City For Sale,2.45 Crore,24500000.0,6.0 Marla,6.0,https://www.zameen.com/Property/eminabad_more_royal_palm_city_perfect_corner_6_marla_house_in_royal_palm_city_for_sale-54510032-11297-1.html,Gujranwala,House,4.0,4.0,"Eminabad More, Gujranwala, Punjab"
Tripple Storey 5 Marla House For Sale In Citi Housing Society,1.65 Crore,16500000.0,5.0 Marla,5.0,https://www.zameen.com/Property/gujranwala_citi_housing_society_tripple_storey_5_marla_house_for_sale_in_citi_housing_society-54380853-3083-1.html,Gujranwala,House,4.0,4.0,"Citi Housing Society, Gujranwala, Punjab"
1 Kanal Luxury House For Sale In Citi Housing Gujranwala,7.0 Crore,70000000.0,1.0 Kanal,20.0,https://www.zameen.com/Property/gujranwala_citi_housing_society_1_kanal_luxury_house_for_sale_in_citi_housing_gujranwala-54580129-3083-1.html,Gujranwala,House,6.0,6.0,"Citi Housing Society, Gujranwala, Punjab"
Your Search Ends Right Here With The Beautiful On Excellent Location House In Citi Housing Society At Affordable Price Of Pkr Rs. 25500000,2.55 Crore,25500000.0,5.0 Marla,5.0,https://www.zameen.com/Property/gujranwala_citi_housing_society_your_search_ends_right_here_with_the_beautiful_on_excellent_location_house_in_citi_housing_society_at_affordable_price_of_pkr_rs_25500000-54429513-3083-1.html,Gujranwala,House,4.0,4.0,"Citi Housing Society, Gujranwala, Punjab"
"Prime Location 5 Marla House In Beautiful Location Of Citi Housing Society Citi Housing Society, Gujranwala, Punjab",1.8 Crore,18000000.0,5.0 Marla,5.0,https://www.zameen.com/Property/gujranwala_citi_housing_society_prime_location_5_marla_house_in_beautiful_location_of_citi_housing_society_citi_housing_society_gujranwala_punjab-54506380-3083-1.html,Gujranwala,House,4.0,5.0,"Citi Housing Society, Gujranwala, Punjab"
"Prime Location House Of 10 Marla In Citi Housing Society For Sale Citi Housing Society, Gujranwala, Punjab",4.2 Crore,42000000.0,10.0 Marla,10.0,https://www.zameen.com/Property/gujranwala_citi_housing_society_prime_location_house_of_10_marla_in_citi_housing_society_for_sale_citi_housing_society_gujranwala_punjab-54506558-3083-1.html,Gujranwala,House,6.0,7.0,"Citi Housing Society, Gujranwala, Punjab"
Prime Location 5 Marla House In Only Rs. 8000000,80.0 Lakh,8000000.0,5.0 Marla,5.0,https://www.zameen.com/Property/gujranwala_citi_housing_society_prime_location_5_marla_house_in_only_rs_8000000-54538309-3083-1.html,Gujranwala,House,4.0,4.0,"Citi Housing Society, Gujranwala, Punjab"
Prime Location House For Sale Situated In Citi Housing Society,2.4 Crore,24000000.0,5.0 Marla,5.0,https://www.zameen.com/Property/gujranwala_citi_housing_society_prime_location_house_for_sale_situated_in_citi_housing_society-54514859-3083-1.html,Gujranwala,House,4.0,4.0,"Citi Housing Society, Gujranwala, Punjab"
A Prime Location 10 Marla House In Citi Housing Society Is On The Market For sale,3.6 Crore,36000000.0,10.0 Marla,10.0,https://www.zameen.com/Property/gujranwala_citi_housing_society_a_prime_location_10_marla_house_in_citi_housing_society_is_on_the_market_for_sale-54514861-3083-1.html,Gujranwala,House,5.0,5.0,"Citi Housing Society, Gujranwala, Punjab"
Prime Location House Sized 5 Marla Is Available For sale In Citi Housing Society,2.5 Crore,25000000.0,5.0 Marla,5.0,https://www.zameen.com/Property/gujranwala_citi_housing_society_prime_location_house_sized_5_marla_is_available_for_sale_in_citi_housing_society-54514864-3083-1.html,Gujranwala,House,4.0,4.0,"Citi Housing Society, Gujranwala, Punjab"
Idyllic Prime Location House Available In Citi Housing Society For Sale,2.6 Crore,26000000.0,5.0 Marla,5.0,https://www.zameen.com/Property/gujranwala_citi_housing_society_idyllic_prime_location_house_available_in_citi_housing_society_for_sale-54514914-3083-1.html,Gujranwala,House,4.0,4.0,"Citi Housing Society, Gujranwala, Punjab"
Looking For A Prime Location House In Citi Housing Society Citi Housing Society,4.6 Crore,46000000.0,10.0 Marla,10.0,https://www.zameen.com/Property/gujranwala_citi_housing_society_looking_for_a_prime_location_house_in_citi_housing_society_citi_housing_society-54515230-3083-1.html,Gujranwala,House,5.0,5.0,"Citi Housing Society, Gujranwala, Punjab"
Buying A Prime Location House In Wapda Town - Block B2 Gujranwala?,3.75 Crore,37500000.0,10.0 Marla,10.0,https://www.zameen.com/Property/wapda_town_wapda_town_-_block_b2_buying_a_prime_location_house_in_wapda_town_-_block_b2_gujranwala-54417454-5276-1.html,Gujranwala,House,5.0,5.0,"Wapda Town, Gujranwala, Punjab"
On Excellent Location 1 Kanal House Up For Sale In Wapda Town - Block A2,7.0 Crore,70000000.0,1.0 Kanal,20.0,https://www.zameen.com/Property/wapda_town_wapda_town_-_block_a2_on_excellent_location_1_kanal_house_up_for_sale_in_wapda_town_-_block_a2-54434468-5274-1.html,Gujranwala,House,6.0,6.0,"Wapda Town, Gujranwala, Punjab"
Prime Location 10 Marla House Ideally Situated In Royal Palm City - Block A,4.25 Crore,42500000.0,10.0 Marla,10.0,https://www.zameen.com/Property/royal_palm_city_royal_palm_city_-_block_a_prime_location_10_marla_house_ideally_situated_in_royal_palm_city_-_block_a-54463693-17210-1.html,Gujranwala,House,5.0,5.0,"Eminabad More, Gujranwala, Punjab"
Facing Park House Of 5 Marla In Royal Palm City - Block G For Sale,2.2 Crore,22000000.0,5.0 Marla,5.0,https://www.zameen.com/Property/royal_palm_city_royal_palm_city_-_block_g_facing_park_house_of_5_marla_in_royal_palm_city_-_block_g_for_sale-54463694-17216-1.html,Gujranwala,House,4.0,4.0,"Eminabad More, Gujranwala, Punjab"
Get This Amazing Facing Park 5 Marla House Available In Royal Palm City - Block G,2.45 Crore,24500000.0,5.0 Marla,5.0,https://www.zameen.com/Property/royal_palm_city_royal_palm_city_-_block_g_get_this_amazing_facing_park_5_marla_house_available_in_royal_palm_city_-_block_g-54463695-17216-1.html,Gujranwala,House,4.0,4.0,"Eminabad More, Gujranwala, Punjab"
3.5 Marla House For Sale Peoples Colony,1.5 Crore,15000000.0,3.5 Marla,3.5,https://www.zameen.com/Property/peoples_colony_peoples_colony_-_block_y_3_5_marla_house_for_sale_peoples_colony-54574107-5231-1.html,Gujranwala,House,7.0,4.0,"Peoples Colony, Gujranwala, Punjab"
Ready To Sale A Prime Location House 5 Marla In Citi Housing Society Citi Housing Society,2.35 Crore,23500000.0,5.0 Marla,5.0,https://www.zameen.com/Property/gujranwala_citi_housing_society_ready_to_sale_a_prime_location_house_5_marla_in_citi_housing_society_citi_housing_society-54505187-3083-1.html,Gujranwala,House,5.0,5.0,"Citi Housing Society, Gujranwala, Punjab"
Fair-Priced Prime Location 5 Marla House Available In Royal Palm City,2.3 Crore,23000000.0,5.0 Marla,5.0,https://www.zameen.com/Property/eminabad_more_royal_palm_city_fair-priced_prime_location_5_marla_house_available_in_royal_palm_city-54505188-11297-1.html,Gujranwala,House,4.0,4.0,"Eminabad More, Gujranwala, Punjab"
Prime Location 10 Marla House For Sale In The Perfect Location Of Citi Housing Society,5.0 Crore,50000000.0,10.0 Marla,10.0,https://www.zameen.com/Property/gujranwala_citi_housing_society_prime_location_10_marla_house_for_sale_in_the_perfect_location_of_citi_housing_society-54505189-3083-1.html,Gujranwala,House,5.0,5.0,"Citi Housing Society, Gujranwala, Punjab"
Prime Location 10 Marla House For Sale In Rs. 42500000 Only,4.25 Crore,42500000.0,10.0 Marla,10.0,https://www.zameen.com/Property/gujranwala_citi_housing_society_prime_location_10_marla_house_for_sale_in_rs_42500000_only-54621752-3083-1.html,Gujranwala,House,5.0,5.0,"Citi Housing Society, Gujranwala, Punjab"
Prime Location House Of 10 Marla Available For sale In Royal Palm City,4.5 Crore,45000000.0,10.0 Marla,10.0,https://www.zameen.com/Property/eminabad_more_royal_palm_city_prime_location_house_of_10_marla_available_for_sale_in_royal_palm_city-54621749-11297-1.html,Gujranwala,House,5.0,5.0,"Eminabad More, Gujranwala, Punjab"
Prime Location 5 Marla House Available For Sale In Citi Housing Society If You Hurry,1.75 Crore,17500000.0,5.0 Marla,5.0,https://www.zameen.com/Property/gujranwala_citi_housing_society_prime_location_5_marla_house_available_for_sale_in_citi_housing_society_if_you_hurry-54621750-3083-1.html,Gujranwala,House,4.0,4.0,"Citi Housing Society, Gujranwala, Punjab"
Ready To Buy A Prime Location House 10 Marla In Citi Housing Society,4.5 Crore,45000000.0,10.0 Marla,10.0,https://www.zameen.com/Property/gujranwala_citi_housing_society_ready_to_buy_a_prime_location_house_10_marla_in_citi_housing_society-54103094-3083-1.html,Gujranwala,House,5.0,5.0,"Citi Housing Society, Gujranwala, Punjab"
On Excellent Location 12 Marla House For Sale In The Perfect Location Of Garden Town Phase 3 - Block F,5.3 Crore,53000000.0,12.0 Marla,12.0,https://www.zameen.com/Property/garden_town_phase_3_garden_town_phase_3_-_block_f_on_excellent_location_12_marla_house_for_sale_in_the_perfect_location_of_garden_town_phase_3_-_block_f-53783807-20149-1.html,Gujranwala,House,5.0,6.0,"Garden Town, Gujranwala, Punjab"
Prime Location In Canal View - Sector 3 10 Marla House For Sale,4.0 Crore,40000000.0,10.0 Marla,10.0,https://www.zameen.com/Property/canal_view_housing_scheme_canal_view_-_sector_3_prime_location_in_canal_view_-_sector_3_10_marla_house_for_sale-53634441-19759-1.html,Gujranwala,House,5.0,5.0,"Canal View Housing Scheme, Gujranwala, Punjab"
Prime Location 1 Kanal House For Sale Available In Citi Housing Society,7.75 Crore,77500000.0,1.0 Kanal,20.0,https://www.zameen.com/Property/citi_housing_phase_3_citi_housing_phase_3_-_block_ee_prime_location_1_kanal_house_for_sale_available_in_citi_housing_society-52371315-20424-1.html,Gujranwala,House,,,
Prominently-Located Prime Location House Available In Citi Housing Society For sale,8.25 Crore,82500000.0,1.0 Kanal,20.0,https://www.zameen.com/Property/gujranwala_citi_housing_society_prominently-located_prime_location_house_available_in_citi_housing_society_for_sale-53616465-3083-1.html,Gujranwala,House,6.0,6.0,"Citi Housing Society, Gujranwala, Punjab"
20 Marla House For Sale In Gujranwala,6.0 Crore,60000000.0,1.0 Kanal,20.0,https://www.zameen.com/Property/citi_housing_phase_1_citi_housing_phase_1_-_block_cc_20_marla_house_for_sale_in_gujranwala-51841551-20422-1.html,Gujranwala,House,,,
10 Marla Ultra Modern House Available For Sale In Citi Housing Gujranwala,4.6 Crore,46000000.0,10.0 Marla,10.0,https://www.zameen.com/Property/gujranwala_citi_housing_society_10_marla_ultra_modern_house_available_for_sale_in_citi_housing_gujranwala-54556878-3083-1.html,Gujranwala,House,,,
5 Marla Modern Classic Design House For Sale | Semi Furnished | Citi Housing Gujranwala,2.3 Crore,23000000.0,5.0 Marla,5.0,https://www.zameen.com/Property/gujranwala_citi_housing_society_5_marla_modern_classic_design_house_for_sale_semi_furnished_citi_housing_gujranwala-53744801-3083-1.html,Gujranwala,House,4.0,4.0,"Citi Housing Society, Gujranwala, Punjab"
On Excellent Location Sale A House In Citi Housing Society Prime Location,2.35 Crore,23500000.0,5.0 Marla,5.0,https://www.zameen.com/Property/gujranwala_citi_housing_society_on_excellent_location_sale_a_house_in_citi_housing_society_prime_location-54491926-3083-1.html,Gujranwala,House,4.0,4.0,"Citi Housing Society, Gujranwala, Punjab"
Victoria Style 5 Marla House For Sale in Royal Palm City,2.15 Crore,21500000.0,5.0 Marla,5.0,https://www.zameen.com/Property/eminabad_more_royal_palm_city_victoria_style_5_marla_house_for_sale_in_royal_palm_city-54445889-11297-1.html,Gujranwala,House,4.0,4.0,"Eminabad More, Gujranwala, Punjab"
5 Marla Modern House Available For Sale In Block DD Citi Housing Gujranwala,1.9 Crore,19000000.0,5.0 Marla,5.0,https://www.zameen.com/Property/gujranwala_citi_housing_society_5_marla_modern_house_available_for_sale_in_block_dd_citi_housing_gujranwala-54560939-3083-1.html,Gujranwala,House,,,
On Excellent Location Affordable House For sale In Citi Housing Society,5.0 Crore,50000000.0,10.0 Marla,10.0,https://www.zameen.com/Property/gujranwala_citi_housing_society_on_excellent_location_affordable_house_for_sale_in_citi_housing_society-54413931-3083-1.html,Gujranwala,House,5.0,5.0,"Citi Housing Society, Gujranwala, Punjab"
10 MARLA SPANISH HOUSE FOR SALE,4.15 Crore,41500000.0,10.0 Marla,10.0,https://www.zameen.com/Property/gujranwala_master_city_housing_scheme_10_marla_spanish_house_for_sale-52934411-9180-1.html,Gujranwala,House,5.0,5.0,"Master City Housing Scheme, Gujranwala, Punjab"
2 Kanal House For Sale,16.0 Crore,160000000.0,2.0 Kanal,40.0,https://www.zameen.com/Property/gujranwala_master_city_housing_scheme_2_kanal_house_for_sale-53176802-9180-1.html,Gujranwala,House,9.0,6.0,"Master City Housing Scheme, Gujranwala, Punjab"
5 Marla Brand New House For Sale,1.85 Crore,18500000.0,5.0 Marla,5.0,https://www.zameen.com/Property/gujranwala_master_city_housing_scheme_5_marla_brand_new_house_for_sale-54024616-9180-1.html,Gujranwala,House,4.0,4.0,"Master City Housing Scheme, Gujranwala, Punjab"
7 Marla Brand New House With Elegant Front Elevation,2.65 Crore,26500000.0,7.0 Marla,7.0,https://www.zameen.com/Property/gujranwala_master_city_housing_scheme_7_marla_brand_new_house_with_elegant_front_elevation-54238260-9180-1.html,Gujranwala,House,5.0,5.0,"Master City Housing Scheme, Gujranwala, Punjab"
10 Marla House In Master City Housing Scheme For Sale,2.99 Crore,29900000.000000004,10.0 Marla,10.0,https://www.zameen.com/Property/gujranwala_master_city_housing_scheme_10_marla_house_in_master_city_housing_scheme_for_sale-54148769-9180-1.html,Gujranwala,House,5.0,5.0,"Master City Housing Scheme, Gujranwala, Punjab"
10.32 Marla Corner Spanish House For Sale In Citi Housing Gujranwala,4.25 Crore,42500000.0,10.0 Marla,10.0,https://www.zameen.com/Property/gujranwala_citi_housing_society_10_32_marla_corner_spanish_house_for_sale_in_citi_housing_gujranwala-53735755-3083-1.html,Gujranwala,House,6.0,7.0,"Citi Housing Society, Gujranwala, Punjab"
5 Marla Ultra Modern House For Sale Citi Housing Gujranwala,2.5 Crore,25000000.0,5.0 Marla,5.0,https://www.zameen.com/Property/gujranwala_citi_housing_society_5_marla_ultra_modern_house_for_sale_citi_housing_gujranwala-53460224-3083-1.html,Gujranwala,House,4.0,4.0,"Citi Housing Society, Gujranwala, Punjab"
5 Marla Modern Spanish House For Sale Citi Housing Gujranwala,1.8 Crore,18000000.0,5.0 Marla,5.0,https://www.zameen.com/Property/gujranwala_citi_housing_society_5_marla_modern_spanish_house_for_sale_citi_housing_gujranwala-54045157-3083-1.html,Gujranwala,House,4.0,5.0,"Citi Housing Society, Gujranwala, Punjab"
5 Marla Modern House For Sale Citi Housing Gujranwala,1.7 Crore,17000000.0,5.0 Marla,5.0,https://www.zameen.com/Property/gujranwala_citi_housing_society_5_marla_modern_house_for_sale_citi_housing_gujranwala-53882427-3083-1.html,Gujranwala,House,4.0,4.0,"Citi Housing Society, Gujranwala, Punjab"
10 Marla Spanish Double Height House For Sale | Citi Housing Gujranwala,4.5 Crore,45000000.0,10.0 Marla,10.0,https://www.zameen.com/Property/gujranwala_citi_housing_society_10_marla_spanish_double_height_house_for_sale_citi_housing_gujranwala-54387922-3083-1.html,Gujranwala,House,6.0,6.0,"Citi Housing Society, Gujranwala, Punjab"
10 Marla Beautiful Ultra Modern House Available For Sale In Your Dream Citi Housing Gujranwala,5.25 Crore,52500000.0,10.0 Marla,10.0,https://www.zameen.com/Property/gujranwala_citi_housing_society_10_marla_beautiful_ultra_modern_house_available_for_sale_in_your_dream_citi_housing_gujranwala-54612873-3083-1.html,Gujranwala,House,6.0,6.0,"Citi Housing Society, Gujranwala, Punjab"
Buy A House Of 10 Marla In Citi Housing Phase 1 - Block BB,3.85 Crore,38500000.0,10.0 Marla,10.0,https://www.zameen.com/Property/citi_housing_phase_1_citi_housing_phase_1_-_block_bb_buy_a_house_of_10_marla_in_citi_housing_phase_1_-_block_bb-52015895-20421-1.html,Gujranwala,House,5.0,6.0,"Citi Housing Society, Gujranwala, Punjab"
Get Your Dream Prime Location House In Royal Palm City Gujranwala,1.75 Crore,17500000.0,5.0 Marla,5.0,https://www.zameen.com/Property/eminabad_more_royal_palm_city_get_your_dream_prime_location_house_in_royal_palm_city_gujranwala-52506062-11297-1.html,Gujranwala,House,4.0,4.0,"Eminabad More, Gujranwala, Punjab"
Own A Good Location House In 5 Marla Citi Housing Society,1.8 Crore,18000000.0,5.0 Marla,5.0,https://www.zameen.com/Property/gujranwala_citi_housing_society_own_a_good_location_house_in_5_marla_citi_housing_society-52485999-3083-1.html,Gujranwala,House,4.0,4.0,"Citi Housing Society, Gujranwala, Punjab"
Reserve A Centrally Located Prime Location House Of 5 Marla In Citi Housing Society,2.15 Crore,21500000.0,5.0 Marla,5.0,https://www.zameen.com/Property/gujranwala_citi_housing_society_reserve_a_centrally_located_prime_location_house_of_5_marla_in_citi_housing_society-52353826-3083-1.html,Gujranwala,House,4.0,4.0,"Citi Housing Society, Gujranwala, Punjab"
Investors Should Sale This Prime Location House Located Ideally In Citi Housing Society,2.65 Crore,26500000.0,5.0 Marla,5.0,https://www.zameen.com/Property/gujranwala_citi_housing_society_investors_should_sale_this_prime_location_house_located_ideally_in_citi_housing_society-52908240-3083-1.html,Gujranwala,House,4.0,4.0,"Citi Housing Society, Gujranwala, Punjab"
10 Marla Brand New Luxury Lavish Modern Elevation House Sale In DHA Gujranwala,4.35 Crore,43500000.0,10.0 Marla,10.0,https://www.zameen.com/Property/dha_defence_dha_sector_g_10_marla_brand_new_luxury_lavish_modern_elevation_house_sale_in_dha_gujranwala-53568179-18426-1.html,Gujranwala,House,,,
10 Marla Brand New Italian Style Levish Corner House Available For Sale In Dc Colony,5.5 Crore,55000000.0,10.0 Marla,10.0,https://www.zameen.com/Property/gujranwala_dc_colony_10_marla_brand_new_italian_style_levish_corner_house_available_for_sale_in_dc_colony-54299737-1227-1.html,Gujranwala,House,,,
5 Marla Luxury Solar Installation House Available For Sale In Citi Housing Gujranwala,2.35 Crore,23500000.0,5.0 Marla,5.0,https://www.zameen.com/Property/gujranwala_citi_housing_society_5_marla_luxury_solar_installation_house_available_for_sale_in_citi_housing_gujranwala-54553929-3083-1.html,Gujranwala,House,4.0,5.0,"Citi Housing Society, Gujranwala, Punjab"
5 Marla Ultra Modern Twin House Available For Sale In Citi Housing Gujranwala,2.5 Crore,25000000.0,5.0 Marla,5.0,https://www.zameen.com/Property/gujranwala_citi_housing_society_5_marla_ultra_modern_twin_house_available_for_sale_in_citi_housing_gujranwala-54556877-3083-1.html,Gujranwala,House,4.0,5.0,"Citi Housing Society, Gujranwala, Punjab"
10 Marla Beautiful House For Sale In Citi Housing Gujranwala,3.0 Crore,30000000.0,10.0 Marla,10.0,https://www.zameen.com/Property/gujranwala_citi_housing_society_10_marla_beautiful_house_for_sale_in_citi_housing_gujranwala-54570117-3083-1.html,Gujranwala,House,6.0,6.0,"Citi Housing Society, Gujranwala, Punjab"
10 Marla Ultra Modern Beautiful House Available For Sale In Citi Housing Gujranwala,3.9 Crore,39000000.0,10.0 Marla,10.0,https://www.zameen.com/Property/gujranwala_citi_housing_society_10_marla_ultra_modern_beautiful_house_available_for_sale_in_citi_housing_gujranwala-54608615-3083-1.html,Gujranwala,House,6.0,6.0,"Citi Housing Society, Gujranwala, Punjab"
10 Marla Modern Used House With Basement Available For Sale In Citi Housing Gujranwala,3.2 Crore,32000000.0,10.0 Marla,10.0,https://www.zameen.com/Property/gujranwala_citi_housing_society_10_marla_modern_used_house_with_basement_available_for_sale_in_citi_housing_gujranwala-54556881-3083-1.html,Gujranwala,House,6.0,6.0,"Citi Housing Society, Gujranwala, Punjab"
Corner Ideal House For Sale In Citi Housing Society,3.25 Crore,32500000.0,7.3 Marla,7.3,https://www.zameen.com/Property/gujranwala_citi_housing_society_corner_ideal_house_for_sale_in_citi_housing_society-54606911-3083-1.html,Gujranwala,House,4.0,4.0,"Citi Housing Society, Gujranwala, Punjab"
A Prime Location 10 Marla House Has Landed On Market In Citi Housing Society Of Citi Housing Society,4.0 Crore,40000000.0,10.0 Marla,10.0,https://www.zameen.com/Property/gujranwala_citi_housing_society_a_prime_location_10_marla_house_has_landed_on_market_in_citi_housing_society_of_citi_housing_society-54606912-3083-1.html,Gujranwala,House,5.0,5.0,"Citi Housing Society, Gujranwala, Punjab"
Looking For A Prime Location House In Citi Housing Society,2.6 Crore,26000000.0,5.0 Marla,5.0,https://www.zameen.com/Property/gujranwala_citi_housing_society_looking_for_a_prime_location_house_in_citi_housing_society-54606913-3083-1.html,Gujranwala,House,4.0,4.0,"Citi Housing Society, Gujranwala, Punjab"
Prime Location House For Grabs In 10 Marla Citi Housing Society,4.0 Crore,40000000.0,10.0 Marla,10.0,https://www.zameen.com/Property/gujranwala_citi_housing_society_prime_location_house_for_grabs_in_10_marla_citi_housing_society-54606909-3083-1.html,Gujranwala,House,5.0,5.0,"Citi Housing Society, Gujranwala, Punjab"
Prime Location House Is Available For Sale In Citi Housing Society,4.9 Crore,49000000.0,11.0 Marla,11.0,https://www.zameen.com/Property/gujranwala_citi_housing_society_prime_location_house_is_available_for_sale_in_citi_housing_society-54103089-3083-1.html,Gujranwala,House,5.0,5.0,"Citi Housing Society, Gujranwala, Punjab"
To sale You Can Find Spacious Prime Location House In Citi Housing Society,2.55 Crore,25500000.0,5.0 Marla,5.0,https://www.zameen.com/Property/gujranwala_citi_housing_society_to_sale_you_can_find_spacious_prime_location_house_in_citi_housing_society-53585292-3083-1.html,Gujranwala,House,5.0,5.0,"Citi Housing Society, Gujranwala, Punjab"
Prime Location 5 Marla House For sale In Citi Housing Society,1.85 Crore,18500000.0,5.0 Marla,5.0,https://www.zameen.com/Property/gujranwala_citi_housing_society_prime_location_5_marla_house_for_sale_in_citi_housing_society-54245676-3083-1.html,Gujranwala,House,4.0,4.0,"Citi Housing Society, Gujranwala, Punjab"
Prime Location House For sale In Citi Housing Society,2.35 Crore,23500000.0,5.0 Marla,5.0,https://www.zameen.com/Property/gujranwala_citi_housing_society_prime_location_house_for_sale_in_citi_housing_society-54578898-3083-1.html,Gujranwala,House,4.0,4.0,"Citi Housing Society, Gujranwala, Punjab"
Prime Location 5 Marla House In Citi Housing Society For sale At Good Location,2.6 Crore,26000000.0,5.0 Marla,5.0,https://www.zameen.com/Property/gujranwala_citi_housing_society_prime_location_5_marla_house_in_citi_housing_society_for_sale_at_good_location-54578896-3083-1.html,Gujranwala,House,4.0,4.0,"Citi Housing Society, Gujranwala, Punjab"
Facing Park 10 Marla House In Citi Housing Society Is Available For Sale,4.8 Crore,48000000.0,10.0 Marla,10.0,https://www.zameen.com/Property/gujranwala_citi_housing_society_facing_park_10_marla_house_in_citi_housing_society_is_available_for_sale-54578899-3083-1.html,Gujranwala,House,5.0,5.0,"Citi Housing Society, Gujranwala, Punjab"
Prime Location 5 Marla House For sale In Citi Housing Society,2.4 Crore,24000000.0,5.0 Marla,5.0,https://www.zameen.com/Property/gujranwala_citi_housing_society_prime_location_5_marla_house_for_sale_in_citi_housing_society-54578900-3083-1.html,Gujranwala,House,4.0,4.0,"Citi Housing Society, Gujranwala, Punjab"
Own A Corner House In 14 Marla Citi Housing Society,6.7 Crore,67000000.0,14.0 Marla,14.0,https://www.zameen.com/Property/gujranwala_citi_housing_society_own_a_corner_house_in_14_marla_citi_housing_society-54578901-3083-1.html,Gujranwala,House,6.0,6.0,"Citi Housing Society, Gujranwala, Punjab"
Prime Location 5 Marla House In Beautiful Location Of Citi Housing Society In Citi Housing Society,2.5 Crore,25000000.0,5.0 Marla,5.0,https://www.zameen.com/Property/gujranwala_citi_housing_society_prime_location_5_marla_house_in_beautiful_location_of_citi_housing_society_in_citi_housing_society-54578903-3083-1.html,Gujranwala,House,4.0,4.0,"Citi Housing Society, Gujranwala, Punjab"
A Stunning Prime Location House Is Up For Grabs In Citi Housing Society Citi Housing Society,2.9 Crore,29000000.0,5.0 Marla,5.0,https://www.zameen.com/Property/gujranwala_citi_housing_society_a_stunning_prime_location_house_is_up_for_grabs_in_citi_housing_society_citi_housing_society-54578904-3083-1.html,Gujranwala,House,4.0,4.0,"Citi Housing Society, Gujranwala, Punjab"
Prime Location In Citi Housing Society House For sale Sized 10 Marla,4.5 Crore,45000000.0,10.0 Marla,10.0,https://www.zameen.com/Property/gujranwala_citi_housing_society_prime_location_in_citi_housing_society_house_for_sale_sized_10_marla-54578906-3083-1.html,Gujranwala,House,5.0,5.0,"Citi Housing Society, Gujranwala, Punjab"
Own A Prime Location House In 10 Marla Citi Housing Society,4.6 Crore,46000000.0,10.0 Marla,10.0,https://www.zameen.com/Property/gujranwala_citi_housing_society_own_a_prime_location_house_in_10_marla_citi_housing_society-54578907-3083-1.html,Gujranwala,House,5.0,5.0,"Citi Housing Society, Gujranwala, Punjab"
Own A Corner House In 10 Marla Citi Housing Society,4.25 Crore,42500000.0,10.0 Marla,10.0,https://www.zameen.com/Property/gujranwala_citi_housing_society_own_a_corner_house_in_10_marla_citi_housing_society-54578908-3083-1.html,Gujranwala,House,5.0,5.0,"Citi Housing Society, Gujranwala, Punjab"
Prime Location House Spread Over 10 Marla In Citi Housing Society Available,4.5 Crore,45000000.0,10.0 Marla,10.0,https://www.zameen.com/Property/gujranwala_citi_housing_society_prime_location_house_spread_over_10_marla_in_citi_housing_society_available-54578910-3083-1.html,Gujranwala,House,5.0,5.0,"Citi Housing Society, Gujranwala, Punjab"
5 Marla Modern Classic Designer House for Sale | 80 Feet Main Road | Citi Housing Gujranwala,2.55 Crore,25500000.0,5.0 Marla,5.0,https://www.zameen.com/Property/gujranwala_citi_housing_society_5_marla_modern_classic_designer_house_for_sale_80_feet_main_road_citi_housing_gujranwala-54380529-3083-1.html,Gujranwala,House,4.0,5.0,"Citi Housing Society, Gujranwala, Punjab"
5 Marla Double Height House For Sale Citi Housing Gujranwala,2.2 Crore,22000000.0,5.0 Marla,5.0,https://www.zameen.com/Property/gujranwala_citi_housing_society_5_marla_double_height_house_for_sale_citi_housing_gujranwala-54002843-3083-1.html,Gujranwala,House,4.0,4.0,"Citi Housing Society, Gujranwala, Punjab"
10 Marla Modern Spanish Villa For Sale,4.0 Crore,40000000.0,10.0 Marla,10.0,https://www.zameen.com/Property/gujranwala_citi_housing_society_10_marla_modern_spanish_villa_for_sale-53480454-3083-1.html,Gujranwala,House,6.0,6.0,"Citi Housing Society, Gujranwala, Punjab"
"Ideal Corner 14 Marla House Has Landed On Market In Citi Housing Society, Citi Housing Society",6.7 Crore,67000000.0,14.0 Marla,14.0,https://www.zameen.com/Property/gujranwala_citi_housing_society_ideal_corner_14_marla_house_has_landed_on_market_in_citi_housing_society_citi_housing_society-54362454-3083-1.html,Gujranwala,House,6.0,6.0,"Citi Housing Society, Gujranwala, Punjab"
On Excellent Location DHA Sector G - Block 3 1 Kanal House Up For Sale,6.5 Crore,65000000.0,1.0 Kanal,20.0,https://www.zameen.com/Property/dha_sector_g_dha_sector_g_-_block_3_on_excellent_location_dha_sector_g_-_block_3_1_kanal_house_up_for_sale-54292347-18452-1.html,Gujranwala,House,6.0,6.0,"DHA Defence, Gujranwala, Punjab"
Prime Location 5 Marla Spacious House Is Available In Citi Housing Society For sale,1.75 Crore,17500000.0,5.0 Marla,5.0,https://www.zameen.com/Property/gujranwala_citi_housing_society_prime_location_5_marla_spacious_house_is_available_in_citi_housing_society_for_sale-54245675-3083-1.html,Gujranwala,House,4.0,4.0,"Citi Housing Society, Gujranwala, Punjab"
Prime Location Ideal House For sale In Canal View Housing Scheme,9.5 Crore,95000000.0,1.0 Kanal,20.0,https://www.zameen.com/Property/gujranwala_canal_view_housing_scheme_prime_location_ideal_house_for_sale_in_canal_view_housing_scheme-54245672-1126-1.html,Gujranwala,House,6.0,6.0,"Canal View Housing Scheme, Gujranwala, Punjab"
Prime Location 5 Marla House Up For sale In Citi Housing Society,2.5 Crore,25000000.0,5.0 Marla,5.0,https://www.zameen.com/Property/gujranwala_citi_housing_society_prime_location_5_marla_house_up_for_sale_in_citi_housing_society-54213613-3083-1.html,Gujranwala,House,4.0,4.0,"Citi Housing Society, Gujranwala, Punjab"
Prime Location 5 Marla House For sale Available In Citi Housing Society,2.2 Crore,22000000.0,5.0 Marla,5.0,https://www.zameen.com/Property/gujranwala_citi_housing_society_prime_location_5_marla_house_for_sale_available_in_citi_housing_society-54213614-3083-1.html,Gujranwala,House,4.0,4.0,"Citi Housing Society, Gujranwala, Punjab"
Prime Location 10 Marla House For Grabs In Canal View Housing Scheme,3.0 Crore,30000000.0,10.0 Marla,10.0,https://www.zameen.com/Property/canal_view_housing_scheme_canal_view_-_sector_4_prime_location_10_marla_house_for_grabs_in_canal_view_housing_scheme-54192747-19760-1.html,Gujranwala,House,4.0,4.0,"Canal View Housing Scheme, Gujranwala, Punjab"
Ideal Prime Location House Is Available For sale In Gujranwala,2.1 Crore,21000000.0,5.0 Marla,5.0,https://www.zameen.com/Property/eminabad_more_royal_palm_city_ideal_prime_location_house_is_available_for_sale_in_gujranwala-54175130-11297-1.html,Gujranwala,House,4.0,4.0,"Eminabad More, Gujranwala, Punjab"
Get In Touch Now To Buy A Prime Location House In Citi Housing Phase 1 - Block DD,2.6 Crore,26000000.0,5.0 Marla,5.0,https://www.zameen.com/Property/citi_housing_phase_1_citi_housing_phase_1_-_block_dd_get_in_touch_now_to_buy_a_prime_location_house_in_citi_housing_phase_1_-_block_dd-54165331-20423-1.html,Gujranwala,House,4.0,4.0,"Citi Housing Society, Gujranwala, Punjab"
Prime Location 5 Marla House In Only Rs. 25000000,2.5 Crore,25000000.0,5.0 Marla,5.0,https://www.zameen.com/Property/gujranwala_citi_housing_society_prime_location_5_marla_house_in_only_rs_25000000-54157264-3083-1.html,Gujranwala,House,6.0,6.0,"Citi Housing Society, Gujranwala, Punjab"
Find Your Ideal Prime Location House 5.5marla In Citi Housing Society Under Rs. 26000000,2.6 Crore,26000000.0,5.5 Marla,5.5,https://www.zameen.com/Property/gujranwala_citi_housing_society_find_your_ideal_prime_location_house_5_5marla_in_citi_housing_society_under_rs_26000000-54147178-3083-1.html,Gujranwala,House,4.0,4.0,"Citi Housing Society, Gujranwala, Punjab"
5 Marla House Is Available In Citi Housing Society 10 Kv Solar And Ac Installed Furnished Home,2.5 Crore,25000000.0,5.0 Marla,5.0,https://www.zameen.com/Property/gujranwala_citi_housing_society_5_marla_house_is_available_in_citi_housing_society_10_kv_solar_and_ac_installed_furnished_home-54147177-3083-1.html,Gujranwala,House,4.0,4.0,"Citi Housing Society, Gujranwala, Punjab"
Buy A Corner 5 Marla House For sale In Citi Housing Society,2.95 Crore,29500000.0,5.0 Marla,5.0,https://www.zameen.com/Property/gujranwala_citi_housing_society_buy_a_corner_5_marla_house_for_sale_in_citi_housing_society-54127395-3083-1.html,Gujranwala,House,4.0,4.0,"Citi Housing Society, Gujranwala, Punjab"
Corner House Of 5 Marla For sale In Citi Housing Society,1.85 Crore,18500000.0,5.0 Marla,5.0,https://www.zameen.com/Property/gujranwala_citi_housing_society_corner_house_of_5_marla_for_sale_in_citi_housing_society-54344553-3083-1.html,Gujranwala,House,4.0,4.0,"Citi Housing Society, Gujranwala, Punjab"
Prime Location 5 Marla House In Citi Housing Society Is Available,2.35 Crore,23500000.0,5.0 Marla,5.0,https://www.zameen.com/Property/gujranwala_citi_housing_society_prime_location_5_marla_house_in_citi_housing_society_is_available-54362453-3083-1.html,Gujranwala,House,4.0,4.0,"Citi Housing Society, Gujranwala, Punjab"
Your Dream Furnished 10 Marla House Is Available In Citi Housing Society,4.8 Crore,48000000.0,10.0 Marla,10.0,https://www.zameen.com/Property/gujranwala_citi_housing_society_your_dream_furnished_10_marla_house_is_available_in_citi_housing_society-54338667-3083-1.html,Gujranwala,House,5.0,5.0,"Citi Housing Society, Gujranwala, Punjab"
Well-Constructed Fully Furnished House Available For Sale In Citi Housing Society,4.3 Crore,43000000.0,10.0 Marla,10.0,https://www.zameen.com/Property/gujranwala_citi_housing_society_well-constructed_fully_furnished_house_available_for_sale_in_citi_housing_society-54338632-3083-1.html,Gujranwala,House,5.0,5.0,"Citi Housing Society, Gujranwala, Punjab"
On Excellent Location House Sized 10 Marla In Citi Housing Society,4.5 Crore,45000000.0,10.0 Marla,10.0,https://www.zameen.com/Property/gujranwala_citi_housing_society_on_excellent_location_house_sized_10_marla_in_citi_housing_society-54338583-3083-1.html,Gujranwala,House,5.0,5.0,"Citi Housing Society, Gujranwala, Punjab"
Prime Location Master City - Block A House Sized 5 Marla,1.62 Crore,16200000.000000002,5.0 Marla,5.0,https://www.zameen.com/Property/master_city_housing_scheme_master_city_-_block_a_prime_location_master_city_-_block_a_house_sized_5_marla-54266686-14337-1.html,Gujranwala,House,4.0,4.0,"Master City Housing Scheme, Gujranwala, Punjab"
Prime Location 10 Marla House For sale Available In Canal View Housing Scheme,3.9 Crore,39000000.0,10.0 Marla,10.0,https://www.zameen.com/Property/gujranwala_canal_view_housing_scheme_prime_location_10_marla_house_for_sale_available_in_canal_view_housing_scheme-54245678-1126-1.html,Gujranwala,House,5.0,5.0,"Canal View Housing Scheme, Gujranwala, Punjab"
Get Your Hands On On Excellent Location House In Citi Housing Society Best Area,1.75 Crore,17500000.0,5.0 Marla,5.0,https://www.zameen.com/Property/gujranwala_citi_housing_society_get_your_hands_on_on_excellent_location_house_in_citi_housing_society_best_area-54414184-3083-1.html,Gujranwala,House,4.0,4.0,"Citi Housing Society, Gujranwala, Punjab"
On Excellent Location House Of 5 Marla Available In Citi Housing Society,2.25 Crore,22500000.0,5.0 Marla,5.0,https://www.zameen.com/Property/gujranwala_citi_housing_society_on_excellent_location_house_of_5_marla_available_in_citi_housing_society-54405774-3083-1.html,Gujranwala,House,4.0,4.0,"Citi Housing Society, Gujranwala, Punjab"
On Excellent Location Affordable House For sale In Citi Housing Society,1.6 Crore,16000000.0,5.0 Marla,5.0,https://www.zameen.com/Property/gujranwala_citi_housing_society_on_excellent_location_affordable_house_for_sale_in_citi_housing_society-54405775-3083-1.html,Gujranwala,House,4.0,4.0,"Citi Housing Society, Gujranwala, Punjab"
Main 120ft Road 10 Marla Spanish Style House For Sale Block D,3.75 Crore,37500000.0,10.0 Marla,10.0,https://www.zameen.com/Property/eminabad_more_royal_palm_city_main_120ft_road_10_marla_spanish_style_house_for_sale_block_d-54445915-11297-1.html,Gujranwala,House,5.0,6.0,"Eminabad More, Gujranwala, Punjab"
This Is Your Chance To Buy Prime Location House In Citi Housing Society Citi Housing Society,1.85 Crore,18500000.0,5.0 Marla,5.0,https://www.zameen.com/Property/gujranwala_citi_housing_society_this_is_your_chance_to_buy_prime_location_house_in_citi_housing_society_citi_housing_society-54276309-3083-1.html,Gujranwala,House,4.0,4.0,"Citi Housing Society, Gujranwala, Punjab"
Prime Location 5 Marla House Is Available In Citi Housing Society,2.5 Crore,25000000.0,5.0 Marla,5.0,https://www.zameen.com/Property/gujranwala_citi_housing_society_prime_location_5_marla_house_is_available_in_citi_housing_society-54308806-3083-1.html,Gujranwala,House,4.0,4.0,"Citi Housing Society, Gujranwala, Punjab"
Spacious Prime Location 5 Marla House Available For Sale In Citi Housing Society,2.0 Crore,20000000.0,5.0 Marla,5.0,https://www.zameen.com/Property/gujranwala_citi_housing_society_spacious_prime_location_5_marla_house_available_for_sale_in_citi_housing_society-54281723-3083-1.html,Gujranwala,House,4.0,4.0,"Citi Housing Society, Gujranwala, Punjab"
FF Block Near Commercial Market 5 Marla Brand New House Available For Sale,1.85 Crore,18500000.0,5.0 Marla,5.0,https://www.zameen.com/Property/gujranwala_citi_housing_society_ff_block_near_commercial_market_5_marla_brand_new_house_available_for_sale-54037216-3083-1.html,Gujranwala,House,4.0,4.0,"Citi Housing Society, Gujranwala, Punjab"
Modern Marvel 5 Marla Designer Double Height House For Sale Royal Palm City Gujranwala House Tour,2.25 Crore,22500000.0,5.0 Marla,5.0,https://www.zameen.com/Property/eminabad_more_royal_palm_city_modern_marvel_5_marla_designer_double_height_house_for_sale_royal_palm_city_gujranwala_house_tour-54370942-11297-1.html,Gujranwala,House,4.0,5.0,"Eminabad More, Gujranwala, Punjab"
10 Marla Ultra Modern Designer House For Sale | Master City Gujranwala,4.3 Crore,43000000.0,10.0 Marla,10.0,https://www.zameen.com/Property/gujranwala_master_city_housing_scheme_10_marla_ultra_modern_designer_house_for_sale_master_city_gujranwala-54390012-9180-1.html,Gujranwala,House,6.0,6.0,"Master City Housing Scheme, Gujranwala, Punjab"
Prime Location House Of 10 Marla Available In Citi Housing Society,4.25 Crore,42500000.0,10.0 Marla,10.0,https://www.zameen.com/Property/gujranwala_citi_housing_society_prime_location_house_of_10_marla_available_in_citi_housing_society-54578897-3083-1.html,Gujranwala,House,5.0,5.0,"Citi Housing Society, Gujranwala, Punjab"
5 Marla Modern House For Sale At Prime Location Phase 1 Citi Housing,2.38 Crore,23800000.0,5.0 Marla,5.0,https://www.zameen.com/Property/gujranwala_citi_housing_society_5_marla_modern_house_for_sale_at_prime_location_phase_1_citi_housing-53847315-3083-1.html,Gujranwala,House,4.0,4.0,"Citi Housing Society, Gujranwala, Punjab"
1.5 Kanal House with 17 KVA SOLAR instaled Premium Residential Property at prime location citi housing grw,12.0 Crore,120000000.0,1.5 Kanal,30.0,https://www.zameen.com/Property/gujranwala_citi_housing_society_1_5_kanal_house_with_17_kva_solar_instaled_premium_residential_property_at_prime_location_citi_housing_grw-53859082-3083-1.html,Gujranwala,House,5.0,5.0,"Citi Housing Society, Gujranwala, Punjab"
5 Marla Facing Park House For Sale,2.45 Crore,24500000.0,5.0 Marla,5.0,https://www.zameen.com/Property/gujranwala_citi_housing_society_5_marla_facing_park_house_for_sale-53896864-3083-1.html,Gujranwala,House,4.0,4.0,"Citi Housing Society, Gujranwala, Punjab"
A Good Location House Of 1 Kanal In Rs. 70000000,7.0 Crore,70000000.0,1.0 Kanal,20.0,https://www.zameen.com/Property/gujranwala_wapda_town_a_good_location_house_of_1_kanal_in_rs_70000000-54435423-430-1.html,Gujranwala,House,6.0,6.0,"Wapda Town, Gujranwala, Punjab"
Prime Location House Of 10 Marla Available In Royal Palm City,4.0 Crore,40000000.0,10.0 Marla,10.0,https://www.zameen.com/Property/eminabad_more_royal_palm_city_prime_location_house_of_10_marla_available_in_royal_palm_city-54037241-11297-1.html,Gujranwala,House,5.0,5.0,"Eminabad More, Gujranwala, Punjab"
Prime Location 5 Marla Spacious House Available In Royal Palm City For sale,2.2 Crore,22000000.0,5.0 Marla,5.0,https://www.zameen.com/Property/eminabad_more_royal_palm_city_prime_location_5_marla_spacious_house_available_in_royal_palm_city_for_sale-54510033-11297-1.html,Gujranwala,House,4.0,4.0,"Eminabad More, Gujranwala, Punjab"
"Reasonably-Priced Prime Location 5 Marla House In Royal Palm City, Gujranwala Is Available As Of Now",2.15 Crore,21500000.0,5.0 Marla,5.0,https://www.zameen.com/Property/eminabad_more_royal_palm_city_reasonably-priced_prime_location_5_marla_house_in_royal_palm_city_gujranwala_is_available_as_of_now-54510034-11297-1.html,Gujranwala,House,4.0,4.0,"Eminabad More, Gujranwala, Punjab"
Prime Location 5 Marla House For sale In Rs. 22500000 Only,2.25 Crore,22500000.0,5.0 Marla,5.0,https://www.zameen.com/Property/eminabad_more_royal_palm_city_prime_location_5_marla_house_for_sale_in_rs_22500000_only-54510036-11297-1.html,Gujranwala,House,4.0,4.0,"Eminabad More, Gujranwala, Punjab"
Become Owner Of Your Prime Location House Today Which Is Centrally Located In Citi Housing Society In Citi Housing Society,1.7 Crore,17000000.0,5.0 Marla,5.0,https://www.zameen.com/Property/gujranwala_citi_housing_society_become_owner_of_your_prime_location_house_today_which_is_centrally_located_in_citi_housing_society_in_citi_housing_society-54399977-3083-1.html,Gujranwala,House,4.0,4.0,"Citi Housing Society, Gujranwala, Punjab"
A Stunning Prime Location House Is Up For Grabs In Citi Housing Society Citi Housing Society,6.5 Crore,65000000.0,15.0 Marla,15.0,https://www.zameen.com/Property/gujranwala_citi_housing_society_a_stunning_prime_location_house_is_up_for_grabs_in_citi_housing_society_citi_housing_society-54399978-3083-1.html,Gujranwala,House,5.0,5.0,"Citi Housing Society, Gujranwala, Punjab"
Well-Constructed Grey Structure House Available For Sale In Citi Housing Society,2.8 Crore,28000000.0,7.0 Marla,7.0,https://www.zameen.com/Property/gujranwala_citi_housing_society_well-constructed_grey_structure_house_available_for_sale_in_citi_housing_society-54357301-3083-1.html,Gujranwala,House,4.0,4.0,"Citi Housing Society, Gujranwala, Punjab"
Main Double Road House Is Available For sale In Citi Housing Society,14.0 Crore,140000000.0,2.0 Kanal,40.0,https://www.zameen.com/Property/gujranwala_citi_housing_society_main_double_road_house_is_available_for_sale_in_citi_housing_society-54405785-3083-1.html,Gujranwala,House,6.0,6.0,"Citi Housing Society, Gujranwala, Punjab"
10 Marla Brand New House Available For Sale Near Park And Mosque,4.25 Crore,42500000.0,10.0 Marla,10.0,https://www.zameen.com/Property/gujranwala_canal_view_housing_scheme_10_marla_brand_new_house_available_for_sale_near_park_and_mosque-54242820-1126-1.html,Gujranwala,House,6.0,6.0,"Canal View Housing Scheme, Gujranwala, Punjab"
On Excellent Location 5 Marla House In Only Rs. 23000000,2.1 Crore,21000000.0,5.0 Marla,5.0,https://www.zameen.com/Property/gujranwala_peoples_colony_on_excellent_location_5_marla_house_in_only_rs_23000000-54327138-805-1.html,Gujranwala,House,4.0,4.0,"Peoples Colony, Gujranwala, Punjab"
Get Your Hands On Prime Location House In Citi Housing Society Best Area,4.6 Crore,46000000.0,10.0 Marla,10.0,https://www.zameen.com/Property/gujranwala_citi_housing_society_get_your_hands_on_prime_location_house_in_citi_housing_society_best_area-54230683-3083-1.html,Gujranwala,House,5.0,5.0,"Citi Housing Society, Gujranwala, Punjab"
Best Options For Prime Location House Is Available For sale In Citi Housing Society,2.6 Crore,26000000.0,5.0 Marla,5.0,https://www.zameen.com/Property/gujranwala_citi_housing_society_best_options_for_prime_location_house_is_available_for_sale_in_citi_housing_society-54236981-3083-1.html,Gujranwala,House,4.0,4.0,"Citi Housing Society, Gujranwala, Punjab"
Affordable Prime Location House For Sale In Canal View - Sector 3,3.9 Crore,39000000.0,10.0 Marla,10.0,https://www.zameen.com/Property/canal_view_housing_scheme_canal_view_-_sector_3_affordable_prime_location_house_for_sale_in_canal_view_-_sector_3-54434469-19759-1.html,Gujranwala,House,5.0,5.0,"Canal View Housing Scheme, Gujranwala, Punjab"
5 Marla Brand New House For Sale Citi Housing Gujranwala,2.35 Crore,23500000.0,5.0 Marla,5.0,https://www.zameen.com/Property/gujranwala_citi_housing_society_5_marla_brand_new_house_for_sale_citi_housing_gujranwala-52960283-3083-1.html,Gujranwala,House,4.0,4.0,"Citi Housing Society, Gujranwala, Punjab"
5 Marla Brand New House For Sale Citi Housing Gujranwala,2.6 Crore,26000000.0,5.0 Marla,5.0,https://www.zameen.com/Property/gujranwala_citi_housing_society_5_marla_brand_new_house_for_sale_citi_housing_gujranwala-54192574-3083-1.html,Gujranwala,House,5.0,5.0,"Citi Housing Society, Gujranwala, Punjab"
On Excellent Location House For Sale,1.65 Crore,16500000.0,5.0 Marla,5.0,https://www.zameen.com/Property/master_city_housing_scheme_master_city_-_block_a_on_excellent_location_house_for_sale-54310140-14337-1.html,Gujranwala,House,4.0,4.0,"Master City Housing Scheme, Gujranwala, Punjab"
At 80 ft Road 10 Marla Beautiful House for sale citi Housing Gujranwala,5.0 Crore,50000000.0,10.0 Marla,10.0,https://www.zameen.com/Property/gujranwala_citi_housing_society_at_80_ft_road_10_marla_beautiful_house_for_sale_citi_housing_gujranwala-54037222-3083-1.html,Gujranwala,House,5.0,6.0,"Citi Housing Society, Gujranwala, Punjab"
End Your Search For Prime Location House Here And Sale Now,4.5 Crore,45000000.0,10.0 Marla,10.0,https://www.zameen.com/Property/gujranwala_citi_housing_society_end_your_search_for_prime_location_house_here_and_sale_now-54563196-3083-1.html,Gujranwala,House,5.0,5.0,"Citi Housing Society, Gujranwala, Punjab"
Spacious Prime Location House Is Available For Sale In Ideal Location Of Citi Housing Society,4.8 Crore,48000000.0,10.0 Marla,10.0,https://www.zameen.com/Property/gujranwala_citi_housing_society_spacious_prime_location_house_is_available_for_sale_in_ideal_location_of_citi_housing_society-54563195-3083-1.html,Gujranwala,House,5.0,5.0,"Citi Housing Society, Gujranwala, Punjab"
A Prime Location 10 Marla House Is Up For Grabs In Citi Housing Society,4.6 Crore,46000000.0,10.0 Marla,10.0,https://www.zameen.com/Property/gujranwala_citi_housing_society_a_prime_location_10_marla_house_is_up_for_grabs_in_citi_housing_society-54563200-3083-1.html,Gujranwala,House,5.0,5.0,"Citi Housing Society, Gujranwala, Punjab"
Prime Location 10 Marla House For Sale In Citi Housing Society Citi Housing Society,3.9 Crore,39000000.0,10.0 Marla,10.0,https://www.zameen.com/Property/gujranwala_citi_housing_society_prime_location_10_marla_house_for_sale_in_citi_housing_society_citi_housing_society-54563199-3083-1.html,Gujranwala,House,5.0,5.0,"Citi Housing Society, Gujranwala, Punjab"
5 Marla Luxury House For Sale In A Prime Location A Block Phase 2,2.6 Crore,26000000.0,5.0 Marla,5.0,https://www.zameen.com/Property/gujranwala_citi_housing_society_5_marla_luxury_house_for_sale_in_a_prime_location_a_block_phase_2-54065303-3083-1.html,Gujranwala,House,4.0,4.0,"Citi Housing Society, Gujranwala, Punjab"
10 Marla Pair House For Sale | Best Investment Opportunity!,4.0 Crore,40000000.0,10.0 Marla,10.0,https://www.zameen.com/Property/gujranwala_citi_housing_society_10_marla_pair_house_for_sale_best_investment_opportunity-54087707-3083-1.html,Gujranwala,House,6.0,6.0,"Citi Housing Society, Gujranwala, Punjab"
10 Marla Luxury House For Sale Prime Location,4.6 Crore,46000000.0,10.0 Marla,10.0,https://www.zameen.com/Property/gujranwala_citi_housing_society_10_marla_luxury_house_for_sale_prime_location-54119386-3083-1.html,Gujranwala,House,6.0,6.0,"Citi Housing Society, Gujranwala, Punjab"
10 Marla Pair House For Sale Luxury Living Redefined!,3.3 Crore,33000000.0,10.0 Marla,10.0,https://www.zameen.com/Property/gujranwala_citi_housing_society_10_marla_pair_house_for_sale_luxury_living_redefined-54127405-3083-1.html,Gujranwala,House,4.0,4.0,"Citi Housing Society, Gujranwala, Punjab"
Ready To Buy A Prime Location House 14 Marla In Citi Housing Society,6.7 Crore,67000000.0,14.0 Marla,14.0,https://www.zameen.com/Property/gujranwala_citi_housing_society_ready_to_buy_a_prime_location_house_14_marla_in_citi_housing_society-54563193-3083-1.html,Gujranwala,House,6.0,6.0,"Citi Housing Society, Gujranwala, Punjab"
Prime Location 5 Marla House In Central Citi Housing Society For Sale,1.85 Crore,18500000.0,5.0 Marla,5.0,https://www.zameen.com/Property/gujranwala_citi_housing_society_prime_location_5_marla_house_in_central_citi_housing_society_for_sale-54563194-3083-1.html,Gujranwala,House,4.0,4.0,"Citi Housing Society, Gujranwala, Punjab"
On Excellent Location 5 Marla House For Sale Is Available In Master City Housing Scheme,1.5 Crore,15000000.0,5.0 Marla,5.0,https://www.zameen.com/Property/gujranwala_master_city_housing_scheme_on_excellent_location_5_marla_house_for_sale_is_available_in_master_city_housing_scheme-54561671-9180-1.html,Gujranwala,House,4.0,4.0,"Master City Housing Scheme, Gujranwala, Punjab"
Corner 10 Marla House For Sale Canal View Sector 2 Gujranwala,4.5 Crore,45000000.0,10.0 Marla,10.0,https://www.zameen.com/Property/gujranwala_canal_view_housing_scheme_corner_10_marla_house_for_sale_canal_view_sector_2_gujranwala-54254427-1126-1.html,Gujranwala,House,6.0,6.0,"Canal View Housing Scheme, Gujranwala, Punjab"
12 Marla Corner Designer House For Sale,5.75 Crore,57500000.0,12.0 Marla,12.0,https://www.zameen.com/Property/gujranwala_citi_housing_society_12_marla_corner_designer_house_for_sale-53569286-3083-1.html,Gujranwala,House,6.0,7.0,"Citi Housing Society, Gujranwala, Punjab"
5 Marla Designer Build House For Sale,2.1 Crore,21000000.0,5.0 Marla,5.0,https://www.zameen.com/Property/eminabad_more_royal_palm_city_5_marla_designer_build_house_for_sale-54086801-11297-1.html,Gujranwala,House,4.0,5.0,"Eminabad More, Gujranwala, Punjab"
5 Marla Designer Build House For Sale,2.1 Crore,21000000.0,5.0 Marla,5.0,https://www.zameen.com/Property/eminabad_more_royal_palm_city_5_marla_designer_build_house_for_sale-54193280-11297-1.html,Gujranwala,House,4.0,6.0,"Eminabad More, Gujranwala, Punjab"
5 Marla Designer Build House For Sale,2.35 Crore,23500000.0,5.0 Marla,5.0,https://www.zameen.com/Property/gujranwala_citi_housing_society_5_marla_designer_build_house_for_sale-54368490-3083-1.html,Gujranwala,House,4.0,5.0,"Citi Housing Society, Gujranwala, Punjab"
Affordable Corner House Of 14 Marla Is Available For Sale,6.7 Crore,67000000.0,14.0 Marla,14.0,https://www.zameen.com/Property/gujranwala_citi_housing_society_affordable_corner_house_of_14_marla_is_available_for_sale-54505177-3083-1.html,Gujranwala,House,6.0,6.0,"Citi Housing Society, Gujranwala, Punjab"
Ideally Located Facing Park House Of 10 Marla Is Available For Sale In Citi Housing Society,4.8 Crore,48000000.0,10.0 Marla,10.0,https://www.zameen.com/Property/gujranwala_citi_housing_society_ideally_located_facing_park_house_of_10_marla_is_available_for_sale_in_citi_housing_society-54505178-3083-1.html,Gujranwala,House,5.0,5.0,"Citi Housing Society, Gujranwala, Punjab"
Ideal Corner House Is Available For Sale In Citi Housing Society,1.85 Crore,18500000.0,5.0 Marla,5.0,https://www.zameen.com/Property/gujranwala_citi_housing_society_ideal_corner_house_is_available_for_sale_in_citi_housing_society-54505179-3083-1.html,Gujranwala,House,4.0,4.0,"Citi Housing Society, Gujranwala, Punjab"
Main Double Road 10 Marla House In Citi Housing Society Is Available For sale,5.25 Crore,52500000.0,10.0 Marla,10.0,https://www.zameen.com/Property/gujranwala_citi_housing_society_main_double_road_10_marla_house_in_citi_housing_society_is_available_for_sale-54505180-3083-1.html,Gujranwala,House,5.0,5.0,"Citi Housing Society, Gujranwala, Punjab"
A Spacious Main Double Road 10 Marla House In Citi Housing Society,4.9 Crore,49000000.0,10.0 Marla,10.0,https://www.zameen.com/Property/gujranwala_citi_housing_society_a_spacious_main_double_road_10_marla_house_in_citi_housing_society-54505181-3083-1.html,Gujranwala,House,5.0,5.0,"Citi Housing Society, Gujranwala, Punjab"
Prime Location 10 Marla House In Stunning Citi Housing Society Is Available For Sale,4.5 Crore,45000000.0,10.0 Marla,10.0,https://www.zameen.com/Property/gujranwala_citi_housing_society_prime_location_10_marla_house_in_stunning_citi_housing_society_is_available_for_sale-54505182-3083-1.html,Gujranwala,House,5.0,5.0,"Citi Housing Society, Gujranwala, Punjab"
Looking For A On Excellent Location House In Citi Housing Society,4.5 Crore,45000000.0,10.0 Marla,10.0,https://www.zameen.com/Property/gujranwala_citi_housing_society_looking_for_a_on_excellent_location_house_in_citi_housing_society-54505183-3083-1.html,Gujranwala,House,5.0,5.0,"Citi Housing Society, Gujranwala, Punjab"
Centrally Located Good Location House For Sale In Citi Housing Society Available,3.9 Crore,39000000.0,10.0 Marla,10.0,https://www.zameen.com/Property/gujranwala_citi_housing_society_centrally_located_good_location_house_for_sale_in_citi_housing_society_available-54505184-3083-1.html,Gujranwala,House,5.0,5.0,"Citi Housing Society, Gujranwala, Punjab"
Fair-Priced Prime Location 10 Marla House Available In Citi Housing Society,4.5 Crore,45000000.0,10.0 Marla,10.0,https://www.zameen.com/Property/gujranwala_citi_housing_society_fair-priced_prime_location_10_marla_house_available_in_citi_housing_society-54505185-3083-1.html,Gujranwala,House,5.0,5.0,"Citi Housing Society, Gujranwala, Punjab"
10 Marla Luxury House Available For Sale In Citi Housing Gujranwala,4.6 Crore,46000000.0,10.0 Marla,10.0,https://www.zameen.com/Property/gujranwala_citi_housing_society_10_marla_luxury_house_available_for_sale_in_citi_housing_gujranwala-54556876-3083-1.html,Gujranwala,House,6.0,6.0,"Citi Housing Society, Gujranwala, Punjab"
Your Search Ends Right Here With The Beautiful On Excellent Location House In Royal Palm City At Affordable Price Of Pkr Rs. 22500000,2.25 Crore,22500000.0,5.0 Marla,5.0,https://www.zameen.com/Property/eminabad_more_royal_palm_city_your_search_ends_right_here_with_the_beautiful_on_excellent_location_house_in_royal_palm_city_at_affordable_price_of_pkr_rs_22500000-54376587-11297-1.html,Gujranwala,House,4.0,4.0,"Eminabad More, Gujranwala, Punjab"
Phase 1 Block DD 5 Marla At 50ft Road Italian Villa For Sale,2.55 Crore,25500000.0,5.0 Marla,5.0,https://www.zameen.com/Property/gujranwala_citi_housing_society_phase_1_block_dd_5_marla_at_50ft_road_italian_villa_for_sale-54405502-3083-1.html,Gujranwala,House,4.0,5.0,"Citi Housing Society, Gujranwala, Punjab"
MODERN + DOUBLE HIGHTED 5 MARLA BRAND NEW HOUSE AVAILABLE FOR SALE (AT REASONABLE PRICE) IN CITI HOUSING GUJRANWALA,2.5 Crore,25000000.0,5.0 Marla,5.0,https://www.zameen.com/Property/gujranwala_citi_housing_society_modern_double_highted_5_marla_brand_new_house_available_for_sale_at_reasonable_price_in_citi_housing_gujranwala-54462917-3083-1.html,Gujranwala,House,4.0,5.0,"Citi Housing Society, Gujranwala, Punjab"
5 MARLA HOUSE AVAILABLE FOR SALE (AT REASONABLE PRICE) IN CITI HOUSING GUJRANWALA,1.55 Crore,15500000.0,5.0 Marla,5.0,https://www.zameen.com/Property/gujranwala_citi_housing_society_5_marla_house_available_for_sale_at_reasonable_price_in_citi_housing_gujranwala-54550205-3083-1.html,Gujranwala,House,4.0,4.0,"Citi Housing Society, Gujranwala, Punjab"
5 MARLA USED HOUSE AVAILABLE FOR SALE (AT REASONABLE PRICE) IN CITI HOUSING GUJRANWALA,1.45 Crore,14500000.0,5.0 Marla,5.0,https://www.zameen.com/Property/gujranwala_citi_housing_society_5_marla_used_house_available_for_sale_at_reasonable_price_in_citi_housing_gujranwala-54550182-3083-1.html,Gujranwala,House,4.0,4.0,"Citi Housing Society, Gujranwala, Punjab"
Modern 10 Marla Brand New House available for sale citi housing Gujranwala,4.25 Crore,42500000.0,10.0 Marla,10.0,https://www.zameen.com/Property/gujranwala_citi_housing_society_modern_10_marla_brand_new_house_available_for_sale_citi_housing_gujranwala-54511545-3083-1.html,Gujranwala,House,6.0,7.0,"Citi Housing Society, Gujranwala, Punjab"
5 Marla slightly used house available for sale Citi housing Gujranwala,1.65 Crore,16500000.0,5.0 Marla,5.0,https://www.zameen.com/Property/gujranwala_citi_housing_society_5_marla_slightly_used_house_available_for_sale_citi_housing_gujranwala-54535318-3083-1.html,Gujranwala,House,4.0,4.0,"Citi Housing Society, Gujranwala, Punjab"
Prime Location 10 Marla House For sale In Master City Housing Scheme,4.0 Crore,40000000.0,10.0 Marla,10.0,https://www.zameen.com/Property/master_city_housing_scheme_master_city_-_block_a_prime_location_10_marla_house_for_sale_in_master_city_housing_scheme-54189097-14337-1.html,Gujranwala,House,5.0,5.0,"Master City Housing Scheme, Gujranwala, Punjab"
Reserve A On Excellent Location House Now In Master City Housing Scheme,4.5 Crore,45000000.0,10.0 Marla,10.0,https://www.zameen.com/Property/gujranwala_master_city_housing_scheme_reserve_a_on_excellent_location_house_now_in_master_city_housing_scheme-53916403-9180-1.html,Gujranwala,House,5.0,5.0,"Master City Housing Scheme, Gujranwala, Punjab"
Prime Location 7 Marla House In Master City Housing Scheme For sale,2.25 Crore,22500000.0,7.0 Marla,7.0,https://www.zameen.com/Property/gujranwala_master_city_housing_scheme_prime_location_7_marla_house_in_master_city_housing_scheme_for_sale-54059536-9180-1.html,Gujranwala,House,7.0,6.0,"Master City Housing Scheme, Gujranwala, Punjab"
A Prime Location 10 Marla House In Citi Housing Society Is On The Market For Sale,4.5 Crore,45000000.0,10.0 Marla,10.0,https://www.zameen.com/Property/gujranwala_citi_housing_society_a_prime_location_10_marla_house_in_citi_housing_society_is_on_the_market_for_sale-54515409-3083-1.html,Gujranwala,House,5.0,5.0,"Citi Housing Society, Gujranwala, Punjab"
"Ideal Corner 6 Marla House Has Landed On Market In Royal Palm City, Gujranwala",2.45 Crore,24500000.0,6.0 Marla,6.0,https://www.zameen.com/Property/eminabad_more_royal_palm_city_ideal_corner_6_marla_house_has_landed_on_market_in_royal_palm_city_gujranwala-54417606-11297-1.html,Gujranwala,House,4.0,4.0,"Eminabad More, Gujranwala, Punjab"
Buy Your Ideal Prime Location 5 Marla House In A Prime Location Of Gujranwala,2.15 Crore,21500000.0,5.0 Marla,5.0,https://www.zameen.com/Property/royal_palm_city_royal_palm_city_-_block_d_buy_your_ideal_prime_location_5_marla_house_in_a_prime_location_of_gujranwala-54160893-17213-1.html,Gujranwala,House,4.0,4.0,"Eminabad More, Gujranwala, Punjab"
10 Marla Neo Classic Double Height House For Sale Citi Housing Gujranwala,5.0 Crore,50000000.0,10.0 Marla,10.0,https://www.zameen.com/Property/gujranwala_citi_housing_society_10_marla_neo_classic_double_height_house_for_sale_citi_housing_gujranwala-54387273-3083-1.html,Gujranwala,House,6.0,6.0,"Citi Housing Society, Gujranwala, Punjab"
6 Marla Corner House For Sale,2.3 Crore,23000000.0,6.0 Marla,6.0,https://www.zameen.com/Property/gujranwala_citi_housing_society_6_marla_corner_house_for_sale-53934766-3083-1.html,Gujranwala,House,3.0,4.0,"Citi Housing Society, Gujranwala, Punjab"
4.25 Marla Corner House For Sale,1.6 Crore,16000000.0,4.2 Marla,4.2,https://www.zameen.com/Property/gujranwala_citi_housing_society_4_25_marla_corner_house_for_sale-53905967-3083-1.html,Gujranwala,House,3.0,3.0,"Citi Housing Society, Gujranwala, Punjab"
Corner Citi Housing Society 11 Marla House Up For sale,5.75 Crore,57500000.0,11.0 Marla,11.0,https://www.zameen.com/Property/gujranwala_citi_housing_society_corner_citi_housing_society_11_marla_house_up_for_sale-54510181-3083-1.html,Gujranwala,House,6.0,6.0,"Citi Housing Society, Gujranwala, Punjab"
Prime Location Citi Housing Society House Sized 5 Marla Is Available,2.35 Crore,23500000.0,5.0 Marla,5.0,https://www.zameen.com/Property/gujranwala_citi_housing_society_prime_location_citi_housing_society_house_sized_5_marla_is_available-54527793-3083-1.html,Gujranwala,House,4.0,4.0,"Citi Housing Society, Gujranwala, Punjab"
On Excellent Location 5 Marla House Is Available For Sale,2.25 Crore,22500000.0,5.0 Marla,5.0,https://www.zameen.com/Property/eminabad_more_royal_palm_city_on_excellent_location_5_marla_house_is_available_for_sale-54505171-11297-1.html,Gujranwala,House,4.0,4.0,"Eminabad More, Gujranwala, Punjab"
Corner 6 Marla House In Eminabad More For Sale At Good Location,2.45 Crore,24500000.0,6.0 Marla,6.0,https://www.zameen.com/Property/eminabad_more_royal_palm_city_corner_6_marla_house_in_eminabad_more_for_sale_at_good_location-54505172-11297-1.html,Gujranwala,House,4.0,4.0,"Eminabad More, Gujranwala, Punjab"
Prime Location 5 Marla House Is Available For Sale In Royal Palm City,2.25 Crore,22500000.0,5.0 Marla,5.0,https://www.zameen.com/Property/eminabad_more_royal_palm_city_prime_location_5_marla_house_is_available_for_sale_in_royal_palm_city-54505173-11297-1.html,Gujranwala,House,4.0,4.0,"Eminabad More, Gujranwala, Punjab"
Prime Location A Centrally Located House Is Available For Sale In Citi Housing Society,4.6 Crore,46000000.0,10.0 Marla,10.0,https://www.zameen.com/Property/gujranwala_citi_housing_society_prime_location_a_centrally_located_house_is_available_for_sale_in_citi_housing_society-54505175-3083-1.html,Gujranwala,House,5.0,5.0,"Citi Housing Society, Gujranwala, Punjab"
Ready To Sale A House 15 Marla In   Canal View Housing Scheme,5.5 Crore,55000000.0,15.0 Marla,15.0,https://www.zameen.com/Property/gujranwala_canal_view_housing_scheme_ready_to_sale_a_house_15_marla_in_canal_view_housing_scheme-49471937-1126-1.html,Gujranwala,House,6.0,6.0,"Canal View Housing Scheme, Gujranwala, Punjab"
Canal View Housing Scheme  House Sized 10 Marla,3.75 Crore,37500000.0,10.0 Marla,10.0,https://www.zameen.com/Property/gujranwala_canal_view_housing_scheme_canal_view_housing_scheme_house_sized_10_marla-50055284-1126-1.html,Gujranwala,House,5.0,6.0,"Canal View Housing Scheme, Gujranwala, Punjab"
Prime Location House Of 10 Marla For sale In Canal View Housing Scheme,4.1 Crore,41000000.0,10.0 Marla,10.0,https://www.zameen.com/Property/gujranwala_canal_view_housing_scheme_prime_location_house_of_10_marla_for_sale_in_canal_view_housing_scheme-54006032-1126-1.html,Gujranwala,House,5.0,5.0,"Canal View Housing Scheme, Gujranwala, Punjab"
On Excellent Location 5 Marla House Is Available For sale,2.0 Crore,20000000.0,5.0 Marla,5.0,https://www.zameen.com/Property/eminabad_more_royal_palm_city_on_excellent_location_5_marla_house_is_available_for_sale-54006355-11297-1.html,Gujranwala,House,4.0,4.0,"Eminabad More, Gujranwala, Punjab"
Prime Location 1200 Square Feet House In Citi Housing Society,80.0 Lakh,8000000.0,5.3 Marla,5.3,https://www.zameen.com/Property/gujranwala_citi_housing_society_prime_location_1200_square_feet_house_in_citi_housing_society-54462589-3083-1.html,Gujranwala,House,4.0,4.0,"Citi Housing Society, Gujranwala, Punjab"
Fair-Priced Prime Location 5 Marla House Available In Citi Housing Society,1.9 Crore,19000000.0,5.0 Marla,5.0,https://www.zameen.com/Property/gujranwala_citi_housing_society_fair-priced_prime_location_5_marla_house_available_in_citi_housing_society-54515408-3083-1.html,Gujranwala,House,4.0,4.0,"Citi Housing Society, Gujranwala, Punjab"
Prime Location 10 Marla House In Citi Housing Society Of Citi Housing Society Is Available For sale,4.5 Crore,45000000.0,10.0 Marla,10.0,https://www.zameen.com/Property/gujranwala_citi_housing_society_prime_location_10_marla_house_in_citi_housing_society_of_citi_housing_society_is_available_for_sale-54510174-3083-1.html,Gujranwala,House,5.0,5.0,"Citi Housing Society, Gujranwala, Punjab"
Corner In Citi Housing Society House For sale Sized 5 Marla,1.85 Crore,18500000.0,5.0 Marla,5.0,https://www.zameen.com/Property/gujranwala_citi_housing_society_corner_in_citi_housing_society_house_for_sale_sized_5_marla-54510175-3083-1.html,Gujranwala,House,4.0,4.0,"Citi Housing Society, Gujranwala, Punjab"
Corner 14 Marla House For Sale In Citi Housing Society Citi Housing Society,6.7 Crore,67000000.0,14.0 Marla,14.0,https://www.zameen.com/Property/gujranwala_citi_housing_society_corner_14_marla_house_for_sale_in_citi_housing_society_citi_housing_society-54510176-3083-1.html,Gujranwala,House,6.0,6.0,"Citi Housing Society, Gujranwala, Punjab"
Looking For A Facing Park House In Citi Housing Society,4.8 Crore,48000000.0,10.0 Marla,10.0,https://www.zameen.com/Property/gujranwala_citi_housing_society_looking_for_a_facing_park_house_in_citi_housing_society-54510177-3083-1.html,Gujranwala,House,5.0,5.0,"Citi Housing Society, Gujranwala, Punjab"
Prime Location 10 Marla House In Citi Housing Society Best Option,4.5 Crore,45000000.0,10.0 Marla,10.0,https://www.zameen.com/Property/gujranwala_citi_housing_society_prime_location_10_marla_house_in_citi_housing_society_best_option-54510178-3083-1.html,Gujranwala,House,5.0,5.0,"Citi Housing Society, Gujranwala, Punjab"
Prime Location 5 Marla House Is Available For sale In Citi Housing Society,2.15 Crore,21500000.0,5.0 Marla,5.0,https://www.zameen.com/Property/gujranwala_citi_housing_society_prime_location_5_marla_house_is_available_for_sale_in_citi_housing_society-54510180-3083-1.html,Gujranwala,House,4.0,4.0,"Citi Housing Society, Gujranwala, Punjab"
Highly-Desirable Corner House Available In Citi Housing Society For sale,4.25 Crore,42500000.0,10.0 Marla,10.0,https://www.zameen.com/Property/gujranwala_citi_housing_society_highly-desirable_corner_house_available_in_citi_housing_society_for_sale-54510182-3083-1.html,Gujranwala,House,5.0,5.0,"Citi Housing Society, Gujranwala, Punjab"
In Citi Housing Society You Can Find The Perfect Prime Location House For Sale,4.5 Crore,45000000.0,10.0 Marla,10.0,https://www.zameen.com/Property/gujranwala_citi_housing_society_in_citi_housing_society_you_can_find_the_perfect_prime_location_house_for_sale-54510183-3083-1.html,Gujranwala,House,5.0,5.0,"Citi Housing Society, Gujranwala, Punjab"
Prime Location 10 Marla House In Beautiful Location Of Citi Housing Society In Citi Housing Society,5.0 Crore,50000000.0,10.0 Marla,10.0,https://www.zameen.com/Property/gujranwala_citi_housing_society_prime_location_10_marla_house_in_beautiful_location_of_citi_housing_society_in_citi_housing_society-54510184-3083-1.html,Gujranwala,House,5.0,5.0,"Citi Housing Society, Gujranwala, Punjab"
Prime Location In Citi Housing Society House Sized 5 Marla For sale,2.35 Crore,23500000.0,5.0 Marla,5.0,https://www.zameen.com/Property/gujranwala_citi_housing_society_prime_location_in_citi_housing_society_house_sized_5_marla_for_sale-54510185-3083-1.html,Gujranwala,House,4.0,4.0,"Citi Housing Society, Gujranwala, Punjab"
5 Marla Penta Villa Double height Available for sale Citi Housing Gujranwala,2.5 Crore,25000000.0,5.0 Marla,5.0,https://www.zameen.com/Property/gujranwala_citi_housing_society_5_marla_penta_villa_double_height_available_for_sale_citi_housing_gujranwala-54142557-3083-1.html,Gujranwala,House,5.0,4.0,"Citi Housing Society, Gujranwala, Punjab"
5 MARLA BRAND NEW HOUSE AVAILABLE FOR SALE (AT REASONABLE PRICE) IN CITI HOUSING GUJRANWALA,2.25 Crore,22500000.0,5.0 Marla,5.0,https://www.zameen.com/Property/gujranwala_citi_housing_society_5_marla_brand_new_house_available_for_sale_at_reasonable_price_in_citi_housing_gujranwala-54470948-3083-1.html,Gujranwala,House,4.0,5.0,"Citi Housing Society, Gujranwala, Punjab"
5 MARLA BRAND NEW HOUSE AVAILABLE FOR SALE (AT REASONABLE PRICE) IN ROYAL PALM CITY GUJRANWALA,2.2 Crore,22000000.0,5.0 Marla,5.0,https://www.zameen.com/Property/gujranwala_palm_city_housing_scheme_5_marla_brand_new_house_available_for_sale_at_reasonable_price_in_royal_palm_city_gujranwala-54519207-9111-1.html,Gujranwala,House,4.0,5.0,"Palm City Housing Scheme, Gujranwala, Punjab"
5 Marla Designer Build House For Sale,2.1 Crore,21000000.0,5.0 Marla,5.0,https://www.zameen.com/Property/eminabad_more_royal_palm_city_5_marla_designer_build_house_for_sale-54086820-11297-1.html,Gujranwala,House,4.0,5.0,"Eminabad More, Gujranwala, Punjab"
5 Marla Designer Build House For Sale,1.75 Crore,17500000.0,5.0 Marla,5.0,https://www.zameen.com/Property/eminabad_more_royal_palm_city_5_marla_designer_build_house_for_sale-54086840-11297-1.html,Gujranwala,House,4.0,5.0,"Eminabad More, Gujranwala, Punjab"
6.33 Marla Designer Build House For Sale,2.5 Crore,25000000.0,6.3 Marla,6.3,https://www.zameen.com/Property/eminabad_more_royal_palm_city_6_33_marla_designer_build_house_for_sale-54193289-11297-1.html,Gujranwala,House,5.0,7.0,"Eminabad More, Gujranwala, Punjab"
15 Marla Luxury Ready-To-Move House For Sale In Canal View Gujranwala Prime Location Near Mini Market,4.25 Crore,42500000.0,15.0 Marla,15.0,https://www.zameen.com/Property/gujranwala_canal_view_housing_scheme_15_marla_luxury_ready-to-move_house_for_sale_in_canal_view_gujranwala_prime_location_near_mini_market-54225788-1126-1.html,Gujranwala,House,5.0,7.0,"Canal View Housing Scheme, Gujranwala, Punjab"
5 MARLA BRAND NEW HOUSE AVAILABLE FOR SALE (AT REASONABLE PRICE) IN CITI HOUSING GUJRANWALA,2.45 Crore,24500000.0,5.0 Marla,5.0,https://www.zameen.com/Property/gujranwala_citi_housing_society_5_marla_brand_new_house_available_for_sale_at_reasonable_price_in_citi_housing_gujranwala-54453348-3083-1.html,Gujranwala,House,4.0,5.0,"Citi Housing Society, Gujranwala, Punjab"
5 MARLA BRAND NEW HOUSE AVAILABLE FOR SALE (AT REASONABLE PRICE) IN CITI HOUSING GUJRANWALA,1.8 Crore,18000000.0,5.0 Marla,5.0,https://www.zameen.com/Property/gujranwala_citi_housing_society_5_marla_brand_new_house_available_for_sale_at_reasonable_price_in_citi_housing_gujranwala-54453785-3083-1.html,Gujranwala,House,4.0,5.0,"Citi Housing Society, Gujranwala, Punjab"
CLASSICAL DESIGN 5 MARLA BRAND NEW HOUSE AVAILABLE FOR SALE (AT REASONABLE PRICE) IN CITI HOUSING GUJRANWALA,2.5 Crore,25000000.0,5.0 Marla,5.0,https://www.zameen.com/Property/gujranwala_citi_housing_society_classical_design_5_marla_brand_new_house_available_for_sale_at_reasonable_price_in_citi_housing_gujranwala-54460830-3083-1.html,Gujranwala,House,4.0,5.0,"Citi Housing Society, Gujranwala, Punjab"
5.5 MARLA BRAND NEW HOUSE AVAILABLE FOR SALE (AT REASONABLE PRICE) IN CITI HOUSING GUJRANWALA,2.4 Crore,24000000.0,5.5 Marla,5.5,https://www.zameen.com/Property/gujranwala_citi_housing_society_5_5_marla_brand_new_house_available_for_sale_at_reasonable_price_in_citi_housing_gujranwala-54462913-3083-1.html,Gujranwala,House,4.0,5.0,"Citi Housing Society, Gujranwala, Punjab"
Ready To Buy A Prime Location House 5 Marla In Citi Housing Society,2.45 Crore,24500000.0,5.0 Marla,5.0,https://www.zameen.com/Property/gujranwala_citi_housing_society_ready_to_buy_a_prime_location_house_5_marla_in_citi_housing_society-54037240-3083-1.html,Gujranwala,House,4.0,4.0,"Citi Housing Society, Gujranwala, Punjab"
ULTRA-MODERN DESIGNED 5 MARLA BRAND NEW HOUSE AVAILABLE FOR SALE (AT REASONABLE PRICE) IN CITI HOUSING GUJRANWALA,2.35 Crore,23500000.0,5.0 Marla,5.0,https://www.zameen.com/Property/gujranwala_citi_housing_society_ultra-modern_designed_5_marla_brand_new_house_available_for_sale_at_reasonable_price_in_citi_housing_gujranwala-54462923-3083-1.html,Gujranwala,House,4.0,5.0,"Citi Housing Society, Gujranwala, Punjab"
ULTRA-MODERN DESIGN 5 MARLA BRAND NEW HOUSE AVAILABLE FOR SALE (AT REASONABLE PRICE) IN CITI HOUSING GUJRANWALA,2.65 Crore,26500000.0,5.0 Marla,5.0,https://www.zameen.com/Property/gujranwala_citi_housing_society_ultra-modern_design_5_marla_brand_new_house_available_for_sale_at_reasonable_price_in_citi_housing_gujranwala-54462916-3083-1.html,Gujranwala,House,4.0,5.0,"Citi Housing Society, Gujranwala, Punjab"
5 MARLA BRAND NEW HOUSE AVAILABLE FOR SALE (AT REASONABLE PRICE) IN CITI HOUSING GUJRANWALA,2.15 Crore,21500000.0,5.0 Marla,5.0,https://www.zameen.com/Property/gujranwala_citi_housing_society_5_marla_brand_new_house_available_for_sale_at_reasonable_price_in_citi_housing_gujranwala-54466035-3083-1.html,Gujranwala,House,4.0,4.0,"Citi Housing Society, Gujranwala, Punjab"
Master City One of The Best Living in Gujranwala Brand New House For Sale at Cheapest Price,1.9 Crore,19000000.0,5.0 Marla,5.0,https://www.zameen.com/Property/gujranwala_master_city_housing_scheme_master_city_one_of_the_best_living_in_gujranwala_brand_new_house_for_sale_at_cheapest_price-54521287-9180-1.html,Gujranwala,House,5.0,5.0,"Master City Housing Scheme, Gujranwala, Punjab"
"5,5 MARLA BRAND NEW HOUSE AVAILABLE FOR SALE (AT REASONABLE PRICE) IN CITI HOUSING GUJRANWALA",2.3 Crore,23000000.0,5.0 Marla,5.0,https://www.zameen.com/Property/gujranwala_citi_housing_society_5_5_marla_brand_new_house_available_for_sale_at_reasonable_price_in_citi_housing_gujranwala-54465999-3083-1.html,Gujranwala,House,4.0,5.0,"Citi Housing Society, Gujranwala, Punjab"
5 MARLA BRAND NEW HOUSE AVAILABLE FOR SALE (AT REASONABLE PRICE) IN CITI HOUSING GUJRANWALA,1.75 Crore,17500000.0,5.0 Marla,5.0,https://www.zameen.com/Property/gujranwala_citi_housing_society_5_marla_brand_new_house_available_for_sale_at_reasonable_price_in_citi_housing_gujranwala-54465945-3083-1.html,Gujranwala,House,4.0,4.0,"Citi Housing Society, Gujranwala, Punjab"
FACING PARK & MASJID 5 MARLA BRAND NEW HOUSE AVAILABLE FOR SALE (AT REASONABLE PRICE) IN CITI HOUSING GUJRANWALA,2.4 Crore,24000000.0,5.0 Marla,5.0,https://www.zameen.com/Property/gujranwala_citi_housing_society_facing_park_masjid_5_marla_brand_new_house_available_for_sale_at_reasonable_price_in_citi_housing_gujranwala-54462915-3083-1.html,Gujranwala,House,4.0,5.0,"Citi Housing Society, Gujranwala, Punjab"
5 MARLA BRAND NEW HOUSE AVAILABLE FOR SALE,2.5 Crore,25000000.0,5.0 Marla,5.0,https://www.zameen.com/Property/gujranwala_citi_housing_society_5_marla_brand_new_house_available_for_sale-54470969-3083-1.html,Gujranwala,House,6.0,6.0,"Citi Housing Society, Gujranwala, Punjab"
"FACING PARK 10 MARLA NEW BRAND DOUBLE STORY HOUSE AVAILABLE FOR SALE, IN CITI HOUSING GUJRANWALA ON PRIME LOCATION.",5.5 Crore,55000000.0,10.0 Marla,10.0,https://www.zameen.com/Property/citi_housing_society_citi_housing_-_phase_1_facing_park_10_marla_new_brand_double_story_house_available_for_sale_in_citi_housing_gujranwala_on_prime_location-54519871-3084-1.html,Gujranwala,House,6.0,6.0,"Citi Housing Society, Gujranwala, Punjab"
5 MARLA BRAND NEW HOUSE AVAILABLE FOR SALE (AT REASONABLE PRICE) IN ROYAL PALM CITY GUJRANWALA,2.45 Crore,24500000.0,5.0 Marla,5.0,https://www.zameen.com/Property/gujranwala_palm_city_housing_scheme_5_marla_brand_new_house_available_for_sale_at_reasonable_price_in_royal_palm_city_gujranwala-54519221-9111-1.html,Gujranwala,House,5.0,6.0,"Palm City Housing Scheme, Gujranwala, Punjab"
5 MARLA BRAND NEW HOUSE AVAILABLE FOR SALE (AT REASONABLE PRICE) IN CITI HOUSING GUJRANWALA,1.75 Crore,17500000.0,5.0 Marla,5.0,https://www.zameen.com/Property/gujranwala_citi_housing_society_5_marla_brand_new_house_available_for_sale_at_reasonable_price_in_citi_housing_gujranwala-54470946-3083-1.html,Gujranwala,House,4.0,4.0,"Citi Housing Society, Gujranwala, Punjab"
Brand New 10 Marla Duplex House in Citi Housing Gujranwala | Luxury Living,4.0 Crore,40000000.0,10.0 Marla,10.0,https://www.zameen.com/Property/gujranwala_citi_housing_society_brand_new_10_marla_duplex_house_in_citi_housing_gujranwala_luxury_living-53745101-3083-1.html,Gujranwala,House,6.0,6.0,"Citi Housing Society, Gujranwala, Punjab"
On Excellent Location sale The Ideally Located House For An Incredible Price Of Pkr Rs. 16000000,1.6 Crore,16000000.0,5.0 Marla,5.0,https://www.zameen.com/Property/gujranwala_citi_housing_society_on_excellent_location_sale_the_ideally_located_house_for_an_incredible_price_of_pkr_rs_16000000-54309661-3083-1.html,Gujranwala,House,4.0,4.0,"Citi Housing Society, Gujranwala, Punjab"
Your Dream Prime Location 5 Marla House Is Available In Royal Palm City,2.25 Crore,22500000.0,5.0 Marla,5.0,https://www.zameen.com/Property/eminabad_more_royal_palm_city_your_dream_prime_location_5_marla_house_is_available_in_royal_palm_city-54515491-11297-1.html,Gujranwala,House,4.0,4.0,"Eminabad More, Gujranwala, Punjab"
Prime Location House Spread Over 10 Marla In Citi Housing Society Available,4.9 Crore,49000000.0,10.0 Marla,10.0,https://www.zameen.com/Property/gujranwala_citi_housing_society_prime_location_house_spread_over_10_marla_in_citi_housing_society_available-54515402-3083-1.html,Gujranwala,House,5.0,5.0,"Citi Housing Society, Gujranwala, Punjab"
Prime Location House For Sale In Citi Housing Society,2.15 Crore,21500000.0,5.0 Marla,5.0,https://www.zameen.com/Property/gujranwala_citi_housing_society_prime_location_house_for_sale_in_citi_housing_society-54515400-3083-1.html,Gujranwala,House,4.0,4.0,"Citi Housing Society, Gujranwala, Punjab"
Corner 5 Marla Spacious House Available In Citi Housing Society For sale,1.85 Crore,18500000.0,5.0 Marla,5.0,https://www.zameen.com/Property/gujranwala_citi_housing_society_corner_5_marla_spacious_house_available_in_citi_housing_society_for_sale-54515261-3083-1.html,Gujranwala,House,4.0,4.0,"Citi Housing Society, Gujranwala, Punjab"
Centrally Located Prime Location House In Citi Housing Society Is Available For Sale,2.35 Crore,23500000.0,5.0 Marla,5.0,https://www.zameen.com/Property/gujranwala_citi_housing_society_centrally_located_prime_location_house_in_citi_housing_society_is_available_for_sale-54515259-3083-1.html,Gujranwala,House,4.0,4.0,"Citi Housing Society, Gujranwala, Punjab"
Corner 14 Marla House For sale In Citi Housing Society Citi Housing Society,6.7 Crore,67000000.0,14.0 Marla,14.0,https://www.zameen.com/Property/gujranwala_citi_housing_society_corner_14_marla_house_for_sale_in_citi_housing_society_citi_housing_society-54515258-3083-1.html,Gujranwala,House,6.0,6.0,"Citi Housing Society, Gujranwala, Punjab"
Get This Amazing Prime Location 5 Marla House Available In Citi Housing Society,2.15 Crore,21500000.0,5.0 Marla,5.0,https://www.zameen.com/Property/gujranwala_citi_housing_society_get_this_amazing_prime_location_5_marla_house_available_in_citi_housing_society-54515217-3083-1.html,Gujranwala,House,4.0,4.0,"Citi Housing Society, Gujranwala, Punjab"
Buy A Centrally Located Prime Location 5 Marla House In Citi Housing Society,1.9 Crore,19000000.0,5.0 Marla,5.0,https://www.zameen.com/Property/gujranwala_citi_housing_society_buy_a_centrally_located_prime_location_5_marla_house_in_citi_housing_society-54515216-3083-1.html,Gujranwala,House,4.0,4.0,"Citi Housing Society, Gujranwala, Punjab"
Looking For A Corner House In Citi Housing Society,2.9 Crore,29000000.0,5.0 Marla,5.0,https://www.zameen.com/Property/gujranwala_citi_housing_society_looking_for_a_corner_house_in_citi_housing_society-54515215-3083-1.html,Gujranwala,House,4.0,4.0,"Citi Housing Society, Gujranwala, Punjab"
Affordable Prime Location House For sale In Citi Housing Society,2.65 Crore,26500000.0,5.0 Marla,5.0,https://www.zameen.com/Property/gujranwala_citi_housing_society_affordable_prime_location_house_for_sale_in_citi_housing_society-54515214-3083-1.html,Gujranwala,House,4.0,4.0,"Citi Housing Society, Gujranwala, Punjab"
This Is Your Chance To Buy Prime Location House In Citi Housing Society,2.5 Crore,25000000.0,5.0 Marla,5.0,https://www.zameen.com/Property/gujranwala_citi_housing_society_this_is_your_chance_to_buy_prime_location_house_in_citi_housing_society-54514917-3083-1.html,Gujranwala,House,4.0,4.0,"Citi Housing Society, Gujranwala, Punjab"
Prime Location 5 Marla House For sale In Citi Housing Society,2.5 Crore,25000000.0,5.0 Marla,5.0,https://www.zameen.com/Property/gujranwala_citi_housing_society_prime_location_5_marla_house_for_sale_in_citi_housing_society-54514916-3083-1.html,Gujranwala,House,4.0,4.0,"Citi Housing Society, Gujranwala, Punjab"
Prime Location House In Citi Housing Society For sale,2.0 Crore,20000000.0,5.0 Marla,5.0,https://www.zameen.com/Property/gujranwala_citi_housing_society_prime_location_house_in_citi_housing_society_for_sale-54514915-3083-1.html,Gujranwala,House,4.0,4.0,"Citi Housing Society, Gujranwala, Punjab"
End Your Search For Prime Location House Here And Sale Now,2.55 Crore,25500000.0,5.0 Marla,5.0,https://www.zameen.com/Property/gujranwala_citi_housing_society_end_your_search_for_prime_location_house_here_and_sale_now-54514857-3083-1.html,Gujranwala,House,4.0,4.0,"Citi Housing Society, Gujranwala, Punjab"
Prime Location 5 Marla House Is Available For Sale,2.35 Crore,23500000.0,5.0 Marla,5.0,https://www.zameen.com/Property/gujranwala_citi_housing_society_prime_location_5_marla_house_is_available_for_sale-54514855-3083-1.html,Gujranwala,House,4.0,4.0,"Citi Housing Society, Gujranwala, Punjab"
5 MARLA BRAND NEW HOUSE AVAILABLE FOR SALE (AT REASONABLE PRICE) IN CITI HOUSING GUJRANWALA,1.8 Crore,18000000.0,5.0 Marla,5.0,https://www.zameen.com/Property/gujranwala_citi_housing_society_5_marla_brand_new_house_available_for_sale_at_reasonable_price_in_citi_housing_gujranwala-54470945-3083-1.html,Gujranwala,House,4.0,5.0,"Citi Housing Society, Gujranwala, Punjab"
5 MARLA BRAND NEW HOUSE AVAILABLE FOR SALE (AT REASONABLE PRICR) IN ROYAL PALM CITY GUJRANWALA,2.25 Crore,22500000.0,5.0 Marla,5.0,https://www.zameen.com/Property/gujranwala_palm_city_housing_scheme_5_marla_brand_new_house_available_for_sale_at_reasonable_pricr_in_royal_palm_city_gujranwala-54478035-9111-1.html,Gujranwala,House,4.0,5.0,"Palm City Housing Scheme, Gujranwala, Punjab"
10 M With Elegant Front Elevation For Sale,4.25 Crore,42500000.0,10.0 Marla,10.0,https://www.zameen.com/Property/gujranwala_master_city_housing_scheme_10_m_with_elegant_front_elevation_for_sale-52700311-9180-1.html,Gujranwala,House,5.0,5.0,"Master City Housing Scheme, Gujranwala, Punjab"
On Excellent Location Royal Palm City - Block H House Sized 5 Marla Is Available,1.85 Crore,18500000.0,5.0 Marla,5.0,https://www.zameen.com/Property/royal_palm_city_royal_palm_city_-_block_h_on_excellent_location_royal_palm_city_-_block_h_house_sized_5_marla_is_available-54417445-17217-1.html,Gujranwala,House,4.0,4.0,"Eminabad More, Gujranwala, Punjab"
"On Excellent Location 5 Marla House available for sale in Citi Housing Society, Citi Housing Society",2.35 Crore,23500000.0,5.0 Marla,5.0,https://www.zameen.com/Property/gujranwala_citi_housing_society_on_excellent_location_5_marla_house_available_for_sale_in_citi_housing_society_citi_housing_society-54345281-3083-1.html,Gujranwala,House,4.0,4.0,"Citi Housing Society, Gujranwala, Punjab"
Prime Location 5 Marla House In Beautiful Location Of Citi Housing Society,2.55 Crore,25500000.0,5.0 Marla,5.0,https://www.zameen.com/Property/gujranwala_citi_housing_society_prime_location_5_marla_house_in_beautiful_location_of_citi_housing_society-54467488-3083-1.html,Gujranwala,House,4.0,4.0,"Citi Housing Society, Gujranwala, Punjab"
Prime Location 5 Marla House In Beautiful Location Of Royal Palm City In Gujranwala,2.25 Crore,22500000.0,5.0 Marla,5.0,https://www.zameen.com/Property/eminabad_more_royal_palm_city_prime_location_5_marla_house_in_beautiful_location_of_royal_palm_city_in_gujranwala-54505174-11297-1.html,Gujranwala,House,4.0,4.0,"Eminabad More, Gujranwala, Punjab"
A Prime Location House Of 5 Marla In Rs. 21500000,2.15 Crore,21500000.0,5.0 Marla,5.0,https://www.zameen.com/Property/gujranwala_citi_housing_society_a_prime_location_house_of_5_marla_in_rs_21500000-54505176-3083-1.html,Gujranwala,House,4.0,4.0,"Citi Housing Society, Gujranwala, Punjab"
On Excellent Location House 5 Marla For sale In Royal Palm City,2.05 Crore,20500000.0,5.0 Marla,5.0,https://www.zameen.com/Property/eminabad_more_royal_palm_city_on_excellent_location_house_5_marla_for_sale_in_royal_palm_city-54505169-11297-1.html,Gujranwala,House,4.0,4.0,"Eminabad More, Gujranwala, Punjab"
On Excellent Location Property For Sale In Royal Palm City Gujranwala Is Available Under Rs. 23000000,2.3 Crore,23000000.0,5.0 Marla,5.0,https://www.zameen.com/Property/eminabad_more_royal_palm_city_on_excellent_location_property_for_sale_in_royal_palm_city_gujranwala_is_available_under_rs_23000000-54505168-11297-1.html,Gujranwala,House,4.0,4.0,"Eminabad More, Gujranwala, Punjab"
5 MARLA BRAND NEW HOUSE AVAILABLE FOR SALE (AT REASONABLE PRICE) IN CITI HOUSING GUJRANWALA,2.35 Crore,23500000.0,5.0 Marla,5.0,https://www.zameen.com/Property/gujranwala_citi_housing_society_5_marla_brand_new_house_available_for_sale_at_reasonable_price_in_citi_housing_gujranwala-54478178-3083-1.html,Gujranwala,House,4.0,5.0,"Citi Housing Society, Gujranwala, Punjab"
5 MARLA BRAND NEW HOUSE AVAILABLE FOR SALE (AT REASONABLE PRICE) IN CITI HOUSING GUJRANWALA,2.35 Crore,23500000.0,5.0 Marla,5.0,https://www.zameen.com/Property/gujranwala_citi_housing_society_5_marla_brand_new_house_available_for_sale_at_reasonable_price_in_citi_housing_gujranwala-54483083-3083-1.html,Gujranwala,House,4.0,5.0,"Citi Housing Society, Gujranwala, Punjab"
Ready To Buy A Prime Location House In Citi Housing Society Citi Housing Society,4.5 Crore,45000000.0,10.0 Marla,10.0,https://www.zameen.com/Property/gujranwala_citi_housing_society_ready_to_buy_a_prime_location_house_in_citi_housing_society_citi_housing_society-54463134-3083-1.html,Gujranwala,House,5.0,5.0,"Citi Housing Society, Gujranwala, Punjab"
5 Marla Brand New House Available For Sale DC Colony Gujranwala,2.35 Crore,23500000.0,5.0 Marla,5.0,https://www.zameen.com/Property/gujranwala_dc_colony_5_marla_brand_new_house_available_for_sale_dc_colony_gujranwala-49032844-1227-1.html,Gujranwala,House,,,
10 marla elegant brand new House for Sale in DC colony,4.69 Crore,46900000.00000001,10.0 Marla,10.0,https://www.zameen.com/Property/gujranwala_dc_colony_10_marla_elegant_brand_new_house_for_sale_in_dc_colony-54109823-1227-1.html,Gujranwala,House,,,
10 Marla Beautiful Brand New House For Sale In DC Colony,4.25 Crore,42500000.0,10.0 Marla,10.0,https://www.zameen.com/Property/gujranwala_dc_colony_10_marla_beautiful_brand_new_house_for_sale_in_dc_colony-53972234-1227-1.html,Gujranwala,House,,,
10 Marla Corner Modern Brand New House For Sale In DC Colony,4.65 Crore,46500000.0,10.0 Marla,10.0,https://www.zameen.com/Property/gujranwala_dc_colony_10_marla_corner_modern_brand_new_house_for_sale_in_dc_colony-54169728-1227-1.html,Gujranwala,House,,,
"Citi Housing Gujranwala wafi citi 10 Marla Classic Double Height House for sale Citi Housing Society, Gujranwala, Punjab",4.5 Crore,45000000.0,10.0 Marla,10.0,https://www.zameen.com/Property/gujranwala_citi_housing_society_citi_housing_gujranwala_wafi_citi_10_marla_classic_double_height_house_for_sale_citi_housing_society_gujranwala_punjab-54420831-3083-1.html,Gujranwala,House,5.0,6.0,"Citi Housing Society, Gujranwala, Punjab"
Ready To Sale A Prime Location House 10 Marla In Citi Housing Society Citi Housing Society,3.5 Crore,35000000.0,10.0 Marla,10.0,https://www.zameen.com/Property/gujranwala_citi_housing_society_ready_to_sale_a_prime_location_house_10_marla_in_citi_housing_society_citi_housing_society-54462587-3083-1.html,Gujranwala,House,5.0,5.0,"Citi Housing Society, Gujranwala, Punjab"
"Ideal Prime Location 5 Marla House Available In Citi Housing Society, Citi Housing Society",1.35 Crore,13500000.0,5.0 Marla,5.0,https://www.zameen.com/Property/gujranwala_citi_housing_society_ideal_prime_location_5_marla_house_available_in_citi_housing_society_citi_housing_society-54462588-3083-1.html,Gujranwala,House,4.0,4.0,"Citi Housing Society, Gujranwala, Punjab"
Buying A Prime Location House In Citi Housing Society?,5.0 Crore,50000000.0,10.0 Marla,10.0,https://www.zameen.com/Property/gujranwala_citi_housing_society_buying_a_prime_location_house_in_citi_housing_society-54462590-3083-1.html,Gujranwala,House,6.0,6.0,"Citi Housing Society, Gujranwala, Punjab"
Park Facing 5 Marla Used House available for sale Canal View Gujranwala,1.9 Crore,19000000.0,5.0 Marla,5.0,https://www.zameen.com/Property/gujranwala_canal_view_housing_scheme_park_facing_5_marla_used_house_available_for_sale_canal_view_gujranwala-54474191-1126-1.html,Gujranwala,House,4.0,5.0,"Canal View Housing Scheme, Gujranwala, Punjab"
Semi Furnished 14 Marla Corner House For sale Citi Housing Gujranwala,6.7 Crore,67000000.0,14.0 Marla,14.0,https://www.zameen.com/Property/gujranwala_citi_housing_society_semi_furnished_14_marla_corner_house_for_sale_citi_housing_gujranwala-54312919-3083-1.html,Gujranwala,House,6.0,7.0,"Citi Housing Society, Gujranwala, Punjab"
5 MARLA BRAND NEW HOUSE AVAILABLE FOR SALE (AT REASONABLE PRICE) IN CITI HOUSING GUJRANWALA,2.0 Crore,20000000.0,5.0 Marla,5.0,https://www.zameen.com/Property/gujranwala_citi_housing_society_5_marla_brand_new_house_available_for_sale_at_reasonable_price_in_citi_housing_gujranwala-54453760-3083-1.html,Gujranwala,House,4.0,5.0,"Citi Housing Society, Gujranwala, Punjab"
5 MARLA BRAND NEW HOUSE AVAILABLE FOR SALE (AT REASONABLE PRICE) IN CITI HOUSING GUJRANWALA,1.85 Crore,18500000.0,5.0 Marla,5.0,https://www.zameen.com/Property/gujranwala_citi_housing_society_5_marla_brand_new_house_available_for_sale_at_reasonable_price_in_citi_housing_gujranwala-54453381-3083-1.html,Gujranwala,House,4.0,5.0,"Citi Housing Society, Gujranwala, Punjab"
5 Marla Designer Build House For Sale,1.75 Crore,17500000.0,5.0 Marla,5.0,https://www.zameen.com/Property/gujranwala_citi_housing_society_5_marla_designer_build_house_for_sale-53577262-3083-1.html,Gujranwala,House,5.0,6.0,"Citi Housing Society, Gujranwala, Punjab"
A Perfect Prime Location House Awaits You In Citi Housing Society Citi Housing Society,2.39 Crore,23900000.0,5.0 Marla,5.0,https://www.zameen.com/Property/gujranwala_citi_housing_society_a_perfect_prime_location_house_awaits_you_in_citi_housing_society_citi_housing_society-53794050-3083-1.html,Gujranwala,House,5.0,5.0,"Citi Housing Society, Gujranwala, Punjab"
10 Marla Designer Build House For Sale,4.85 Crore,48500000.0,10.0 Marla,10.0,https://www.zameen.com/Property/gujranwala_citi_housing_society_10_marla_designer_build_house_for_sale-53900933-3083-1.html,Gujranwala,House,5.0,7.0,"Citi Housing Society, Gujranwala, Punjab"
Good Location 5 Marla House In DHA Sector C - Block 4 For Sale,2.1 Crore,21000000.0,5.0 Marla,5.0,https://www.zameen.com/Property/dha_sector_c_dha_sector_c_-_block_4_good_location_5_marla_house_in_dha_sector_c_-_block_4_for_sale-53445346-18465-1.html,Gujranwala,House,4.0,4.0,"DHA Defence, Gujranwala, Punjab"
"5 Marla Corner Park Facing Villa For Sale In Rachna Villas, DHA Gujranwala",1.75 Crore,17500000.0,5.0 Marla,5.0,https://www.zameen.com/Property/dha_sector_a_dha_sector_a_-_rachna_villas_5_marla_corner_park_facing_villa_for_sale_in_rachna_villas_dha_gujranwala-52939891-21898-1.html,Gujranwala,House,3.0,3.0,"DHA Defence, Gujranwala, Punjab"
Beautiful Double Story House At Gulberg City Sui Gas Road. 40 Feet Wide Street,87.0 Lakh,8700000.0,3.0 Marla,3.0,https://www.zameen.com/Property/gujranwala_sui_gas_road_beautiful_double_story_house_at_gulberg_city_sui_gas_road_40_feet_wide_street-54493243-8584-1.html,Gujranwala,House,3.0,4.0,"Sui Gas Road, Gujranwala, Punjab"
5 Marla Designer Build House For Sale,2.55 Crore,25500000.0,5.0 Marla,5.0,https://www.zameen.com/Property/gujranwala_citi_housing_society_5_marla_designer_build_house_for_sale-54426616-3083-1.html,Gujranwala,House,4.0,6.0,"Citi Housing Society, Gujranwala, Punjab"
5 Marla Elegant designer house for sale,2.25 Crore,22500000.0,5.0 Marla,5.0,https://www.zameen.com/Property/eminabad_more_royal_palm_city_5_marla_elegant_designer_house_for_sale-54372642-11297-1.html,Gujranwala,House,4.0,6.0,"Eminabad More, Gujranwala, Punjab"
5 Marla Brand New Solid House For Sale,2.3 Crore,23000000.0,5.0 Marla,5.0,https://www.zameen.com/Property/gujranwala_dc_colony_5_marla_brand_new_solid_house_for_sale-53826149-1227-1.html,Gujranwala,House,,,
5 Marla New House In Royal Palm City Gugranwla,2.15 Crore,21500000.0,5.0 Marla,5.0,https://www.zameen.com/Property/royal_palm_city_royal_palm_city_-_block_g_5_marla_new_house_in_royal_palm_city_gugranwla-54389671-17216-1.html,Gujranwala,House,4.0,4.0,"Eminabad More, Gujranwala, Punjab"
5 Marla Corner House For Sale,2.45 Crore,24500000.0,5.0 Marla,5.0,https://www.zameen.com/Property/royal_palm_city_royal_palm_city_-_block_g_5_marla_corner_house_for_sale-54389678-17216-1.html,Gujranwala,House,4.0,4.0,"Eminabad More, Gujranwala, Punjab"
5 Marla New House D Block,2.25 Crore,22500000.0,5.0 Marla,5.0,https://www.zameen.com/Property/royal_palm_city_royal_palm_city_-_block_d_5_marla_new_house_d_block-54435610-17213-1.html,Gujranwala,House,4.0,4.0,"Eminabad More, Gujranwala, Punjab"
Canadian Style 10 Marla House Phase 2,3.99 Crore,39900000.0,10.0 Marla,10.0,https://www.zameen.com/Property/gujranwala_citi_housing_society_canadian_style_10_marla_house_phase_2-54289379-3083-1.html,Gujranwala,House,5.0,5.0,"Citi Housing Society, Gujranwala, Punjab"
10M Park Facing Brand New House For Sale,3.49 Crore,34900000.0,10.0 Marla,10.0,https://www.zameen.com/Property/gujranwala_master_city_housing_scheme_10m_park_facing_brand_new_house_for_sale-54575791-9180-1.html,Gujranwala,House,5.0,5.0,"Master City Housing Scheme, Gujranwala, Punjab"
5 M Spanish Style House For Sale,1.89 Crore,18900000.0,5.0 Marla,5.0,https://www.zameen.com/Property/gujranwala_master_city_housing_scheme_5_m_spanish_style_house_for_sale-54544336-9180-1.html,Gujranwala,House,4.0,4.0,"Master City Housing Scheme, Gujranwala, Punjab"
10M Elegant Brand New House For Sale,4.29 Crore,42900000.0,10.0 Marla,10.0,https://www.zameen.com/Property/gujranwala_master_city_housing_scheme_10m_elegant_brand_new_house_for_sale-54614677-9180-1.html,Gujranwala,House,5.0,5.0,"Master City Housing Scheme, Gujranwala, Punjab"
DHA Gujranwala House For Sale 11.50 Marla   Dha Gujranwala House For Sale,4.6 Crore,46000000.0,12.0 Marla,12.0,https://www.zameen.com/Property/dha_defence_dha_sector_g_dha_gujranwala_house_for_sale_11_50_marla_dha_gujranwala_house_for_sale-54606561-18426-1.html,Gujranwala,House,5.0,6.0,"DHA Defence, Gujranwala, Punjab"
5 Marla Modern House With Double Height Lobby,2.6 Crore,26000000.0,5.0 Marla,5.0,https://www.zameen.com/Property/gujranwala_citi_housing_society_5_marla_modern_house_with_double_height_lobby-54185437-3083-1.html,Gujranwala,House,4.0,4.0,"Citi Housing Society, Gujranwala, Punjab"
5 Marla Beautiful Brand New House For Sale In DHA Grw,2.1 Crore,21000000.0,5.0 Marla,5.0,https://www.zameen.com/Property/gujranwala_dha_defence_5_marla_beautiful_brand_new_house_for_sale_in_dha_grw-53686763-5121-1.html,Gujranwala,House,,,
Prime Location Citi Housing Society House For Sale Sized 5 Marla,1.75 Crore,17500000.0,5.0 Marla,5.0,https://www.zameen.com/Property/gujranwala_citi_housing_society_prime_location_citi_housing_society_house_for_sale_sized_5_marla-54281121-3083-1.html,Gujranwala,House,4.0,4.0,"Citi Housing Society, Gujranwala, Punjab"
Centrally Located Prime Location House Available In Citi Housing Society For sale,8.5 Crore,85000000.0,1.0 Kanal,20.0,https://www.zameen.com/Property/gujranwala_citi_housing_society_centrally_located_prime_location_house_available_in_citi_housing_society_for_sale-54578909-3083-1.html,Gujranwala,House,6.0,6.0,"Citi Housing Society, Gujranwala, Punjab"
Prime Location 5 Marla House In Citi Housing Society Of Citi Housing Society Is Available For sale,1.85 Crore,18500000.0,5.0 Marla,5.0,https://www.zameen.com/Property/gujranwala_citi_housing_society_prime_location_5_marla_house_in_citi_housing_society_of_citi_housing_society_is_available_for_sale-54245674-3083-1.html,Gujranwala,House,4.0,4.0,"Citi Housing Society, Gujranwala, Punjab"
Get A Prime Location 10 Marla House For Sale In Citi Housing Society,4.9 Crore,49000000.0,10.0 Marla,10.0,https://www.zameen.com/Property/gujranwala_citi_housing_society_get_a_prime_location_10_marla_house_for_sale_in_citi_housing_society-54563197-3083-1.html,Gujranwala,House,5.0,5.0,"Citi Housing Society, Gujranwala, Punjab"
Prime Location House In Citi Housing Society Sized 10 Marla Is Available,4.6 Crore,46000000.0,10.0 Marla,10.0,https://www.zameen.com/Property/gujranwala_citi_housing_society_prime_location_house_in_citi_housing_society_sized_10_marla_is_available-54510179-3083-1.html,Gujranwala,House,5.0,5.0,"Citi Housing Society, Gujranwala, Punjab"
11.7 Marla Corner Designer House For Sale,5.74 Crore,57400000.0,11.7 Marla,11.7,https://www.zameen.com/Property/gujranwala_citi_housing_society_11_7_marla_corner_designer_house_for_sale-53670349-3083-1.html,Gujranwala,House,6.0,7.0,"Citi Housing Society, Gujranwala, Punjab"
Single Storey 5 Marla House For Sale In Citi Housing Society Citi Housing Society,80.0 Lakh,8000000.0,5.0 Marla,5.0,https://www.zameen.com/Property/gujranwala_citi_housing_society_single_storey_5_marla_house_for_sale_in_citi_housing_society_citi_housing_society-54532989-3083-1.html,Gujranwala,House,3.0,3.0,"Citi Housing Society, Gujranwala, Punjab"
14 Marla Corner House A Perfect Blend of Luxury & Modern Architecture,6.5 Crore,65000000.0,14.0 Marla,14.0,https://www.zameen.com/Property/gujranwala_citi_housing_society_14_marla_corner_house_a_perfect_blend_of_luxury_modern_architecture-54180031-3083-1.html,Gujranwala,House,6.0,6.0,"Citi Housing Society, Gujranwala, Punjab"
5 Marla Spanish Style House Available For Sale In Citi Housing Gujranwala,2.8 Crore,28000000.0,5.0 Marla,5.0,https://www.zameen.com/Property/gujranwala_citi_housing_society_5_marla_spanish_style_house_available_for_sale_in_citi_housing_gujranwala-54585132-3083-1.html,Gujranwala,House,4.0,5.0,"Citi Housing Society, Gujranwala, Punjab"
Centrally Located Prime Location House In Citi Housing Society Is Available For Sale,4.1 Crore,41000000.0,10.0 Marla,10.0,https://www.zameen.com/Property/gujranwala_citi_housing_society_centrally_located_prime_location_house_in_citi_housing_society_is_available_for_sale-54515418-3083-1.html,Gujranwala,House,5.0,5.0,"Citi Housing Society, Gujranwala, Punjab"
5M Grey Structure For Sale,1.3 Crore,13000000.0,5.0 Marla,5.0,https://www.zameen.com/Property/gujranwala_master_city_housing_scheme_5m_grey_structure_for_sale-54534058-9180-1.html,Gujranwala,House,3.0,4.0,"Master City Housing Scheme, Gujranwala, Punjab"
5 Marla Designer Build House For Sale,2.6 Crore,26000000.0,5.0 Marla,5.0,https://www.zameen.com/Property/gujranwala_citi_housing_society_5_marla_designer_build_house_for_sale-54193270-3083-1.html,Gujranwala,House,4.0,6.0,"Citi Housing Society, Gujranwala, Punjab"
Good Location 5 Marla House For Sale In The Perfect Location Of DHA Sector A - Rachna Villas,1.55 Crore,15500000.0,5.0 Marla,5.0,https://www.zameen.com/Property/dha_sector_a_dha_sector_a_-_rachna_villas_good_location_5_marla_house_for_sale_in_the_perfect_location_of_dha_sector_a_-_rachna_villas-54604195-21898-1.html,Gujranwala,House,3.0,4.0,"DHA Defence, Gujranwala, Punjab"
Good Location 5 Marla House In Stunning DHA Sector A - Rachna Villas Is Available For Sale,1.65 Crore,16500000.0,5.0 Marla,5.0,https://www.zameen.com/Property/dha_sector_a_dha_sector_a_-_rachna_villas_good_location_5_marla_house_in_stunning_dha_sector_a_-_rachna_villas_is_available_for_sale-54604197-21898-1.html,Gujranwala,House,3.0,4.0,"DHA Defence, Gujranwala, Punjab"
Book A Good Location 5 Marla House In DHA Sector A - Rachna Villas,1.7 Crore,17000000.0,5.0 Marla,5.0,https://www.zameen.com/Property/dha_sector_a_dha_sector_a_-_rachna_villas_book_a_good_location_5_marla_house_in_dha_sector_a_-_rachna_villas-54604198-21898-1.html,Gujranwala,House,3.0,4.0,"DHA Defence, Gujranwala, Punjab"
Good Location House Available For sale In DHA Sector A - Rachna Villas,2.05 Crore,20500000.0,6.0 Marla,6.0,https://www.zameen.com/Property/dha_sector_a_dha_sector_a_-_rachna_villas_good_location_house_available_for_sale_in_dha_sector_a_-_rachna_villas-54604200-21898-1.html,Gujranwala,House,4.0,4.0,"DHA Defence, Gujranwala, Punjab"
Aesthetic Good Location House Of 5 Marla For Sale Is Available,1.75 Crore,17500000.0,5.0 Marla,5.0,https://www.zameen.com/Property/dha_sector_a_dha_sector_a_-_rachna_villas_aesthetic_good_location_house_of_5_marla_for_sale_is_available-54604199-21898-1.html,Gujranwala,House,3.0,4.0,"DHA Defence, Gujranwala, Punjab"
Aesthetic Good Location House Of 6 Marla For Sale Is Available,2.1 Crore,21000000.0,6.0 Marla,6.0,https://www.zameen.com/Property/dha_sector_a_dha_sector_a_-_rachna_villas_aesthetic_good_location_house_of_6_marla_for_sale_is_available-54604201-21898-1.html,Gujranwala,House,4.0,4.0,"DHA Defence, Gujranwala, Punjab"
Reserve A Centrally Located Good Location House Of 6 Marla In DHA Sector A - Rachna Villas,2.2 Crore,22000000.0,6.0 Marla,6.0,https://www.zameen.com/Property/dha_sector_a_dha_sector_a_-_rachna_villas_reserve_a_centrally_located_good_location_house_of_6_marla_in_dha_sector_a_-_rachna_villas-54604203-21898-1.html,Gujranwala,House,4.0,4.0,"DHA Defence, Gujranwala, Punjab"
Good Location 6 Marla House In DHA Sector A - Rachna Villas For Sale At Good Location,2.15 Crore,21500000.0,6.0 Marla,6.0,https://www.zameen.com/Property/dha_sector_a_dha_sector_a_-_rachna_villas_good_location_6_marla_house_in_dha_sector_a_-_rachna_villas_for_sale_at_good_location-54604202-21898-1.html,Gujranwala,House,4.0,4.0,"DHA Defence, Gujranwala, Punjab"
Good Location DHA Sector A - Rachna Villas House For sale Sized 6 Marla,2.25 Crore,22500000.0,6.0 Marla,6.0,https://www.zameen.com/Property/dha_sector_a_dha_sector_a_-_rachna_villas_good_location_dha_sector_a_-_rachna_villas_house_for_sale_sized_6_marla-54604204-21898-1.html,Gujranwala,House,4.0,4.0,"DHA Defence, Gujranwala, Punjab"
Good Location House For sale In Beautiful DHA Sector A - Rachna Villas,3.35 Crore,33500000.0,10.0 Marla,10.0,https://www.zameen.com/Property/dha_sector_a_dha_sector_a_-_rachna_villas_good_location_house_for_sale_in_beautiful_dha_sector_a_-_rachna_villas-54604205-21898-1.html,Gujranwala,House,5.0,6.0,"DHA Defence, Gujranwala, Punjab"
Get An Attractive Good Location House In Gujranwala Under Rs. 34500000,3.45 Crore,34500000.0,10.0 Marla,10.0,https://www.zameen.com/Property/dha_sector_a_dha_sector_a_-_rachna_villas_get_an_attractive_good_location_house_in_gujranwala_under_rs_34500000-54604206-21898-1.html,Gujranwala,House,5.0,6.0,"DHA Defence, Gujranwala, Punjab"
Good Location In DHA Sector A - Rachna Villas House For Sale Sized 10 Marla,3.55 Crore,35500000.0,10.0 Marla,10.0,https://www.zameen.com/Property/dha_sector_a_dha_sector_a_-_rachna_villas_good_location_in_dha_sector_a_-_rachna_villas_house_for_sale_sized_10_marla-54604207-21898-1.html,Gujranwala,House,5.0,6.0,"DHA Defence, Gujranwala, Punjab"
Good Location House Of 10 Marla Available For Sale In DHA Sector A - Rachna Villas,3.6 Crore,36000000.0,10.0 Marla,10.0,https://www.zameen.com/Property/dha_sector_a_dha_sector_a_-_rachna_villas_good_location_house_of_10_marla_available_for_sale_in_dha_sector_a_-_rachna_villas-54604208-21898-1.html,Gujranwala,House,5.0,6.0,"DHA Defence, Gujranwala, Punjab"
Want To Buy A Prime Location House In Citi Housing Society?,1.95 Crore,19500000.0,5.0 Marla,5.0,https://www.zameen.com/Property/gujranwala_citi_housing_society_want_to_buy_a_prime_location_house_in_citi_housing_society-54281122-3083-1.html,Gujranwala,House,4.0,4.0,"Citi Housing Society, Gujranwala, Punjab"
Get In Touch Now To Buy A Prime Location House In Citi Housing Society,8.5 Crore,85000000.0,1.0 Kanal,20.0,https://www.zameen.com/Property/gujranwala_citi_housing_society_get_in_touch_now_to_buy_a_prime_location_house_in_citi_housing_society-54281123-3083-1.html,Gujranwala,House,6.0,6.0,"Citi Housing Society, Gujranwala, Punjab"
Prime Location 10 Marla House For sale In Rs. 49000000 Only,4.9 Crore,49000000.0,10.0 Marla,10.0,https://www.zameen.com/Property/gujranwala_citi_housing_society_prime_location_10_marla_house_for_sale_in_rs_49000000_only-54578913-3083-1.html,Gujranwala,House,5.0,5.0,"Citi Housing Society, Gujranwala, Punjab"
Good Location House For Sale In DHA Sector A - Rachna Villas,3.35 Crore,33500000.0,10.0 Marla,10.0,https://www.zameen.com/Property/dha_sector_a_dha_sector_a_-_rachna_villas_good_location_house_for_sale_in_dha_sector_a_-_rachna_villas-54501890-21898-1.html,Gujranwala,House,5.0,6.0,"DHA Defence, Gujranwala, Punjab"
"Good Location 10 Marla House Available For Sale In DHA Sector A - Rachna Villas, Gujranwala",3.35 Crore,33500000.0,10.0 Marla,10.0,https://www.zameen.com/Property/dha_sector_a_dha_sector_a_-_rachna_villas_good_location_10_marla_house_available_for_sale_in_dha_sector_a_-_rachna_villas_gujranwala-53848304-21898-1.html,Gujranwala,House,5.0,5.0,"DHA Defence, Gujranwala, Punjab"
Prime Location House In Citi Housing Society Sized 5 Marla Is Available,2.15 Crore,21500000.0,5.0 Marla,5.0,https://www.zameen.com/Property/gujranwala_citi_housing_society_prime_location_house_in_citi_housing_society_sized_5_marla_is_available-54563192-3083-1.html,Gujranwala,House,4.0,4.0,"Citi Housing Society, Gujranwala, Punjab"
5 Marla Designer Build House For Sale,2.6 Crore,26000000.0,5.0 Marla,5.0,https://www.zameen.com/Property/gujranwala_citi_housing_society_5_marla_designer_build_house_for_sale-54193274-3083-1.html,Gujranwala,House,4.0,6.0,"Citi Housing Society, Gujranwala, Punjab"
5 MARLA BRAND NEW HOUSE AVAILABLE FOR SALE (AT REASONABLE PRICE) IN CITI HOUSING GUJRANWALA,1.9 Crore,19000000.0,5.0 Marla,5.0,https://www.zameen.com/Property/gujranwala_citi_housing_society_5_marla_brand_new_house_available_for_sale_at_reasonable_price_in_citi_housing_gujranwala-54470941-3083-1.html,Gujranwala,House,4.0,5.0,"Citi Housing Society, Gujranwala, Punjab"
Spacious Good Location House Is Available In DHA Sector A - Rachna Villas For Sale,3.35 Crore,33500000.0,10.0 Marla,10.0,https://www.zameen.com/Property/dha_sector_a_dha_sector_a_-_rachna_villas_spacious_good_location_house_is_available_in_dha_sector_a_-_rachna_villas_for_sale-54512534-21898-1.html,Gujranwala,House,5.0,6.0,"DHA Defence, Gujranwala, Punjab"
Your Search For Good Location House In Gujranwala Ends Here,3.55 Crore,35500000.0,10.0 Marla,10.0,https://www.zameen.com/Property/dha_sector_a_dha_sector_a_-_rachna_villas_your_search_for_good_location_house_in_gujranwala_ends_here-54512538-21898-1.html,Gujranwala,House,5.0,6.0,"DHA Defence, Gujranwala, Punjab"
Good Location 10 Marla House For Sale Available In DHA Defence,3.45 Crore,34500000.0,10.0 Marla,10.0,https://www.zameen.com/Property/dha_sector_a_dha_sector_a_-_rachna_villas_good_location_10_marla_house_for_sale_available_in_dha_defence-54512536-21898-1.html,Gujranwala,House,5.0,6.0,"DHA Defence, Gujranwala, Punjab"
Good Location Affordable House For Sale In DHA Sector A - Rachna Villas,3.4 Crore,34000000.0,10.0 Marla,10.0,https://www.zameen.com/Property/dha_sector_a_dha_sector_a_-_rachna_villas_good_location_affordable_house_for_sale_in_dha_sector_a_-_rachna_villas-54512535-21898-1.html,Gujranwala,House,5.0,6.0,"DHA Defence, Gujranwala, Punjab"
A Palatial Residence For Good Location Sale In DHA Sector A - Rachna Villas Gujranwala,3.5 Crore,35000000.0,10.0 Marla,10.0,https://www.zameen.com/Property/dha_sector_a_dha_sector_a_-_rachna_villas_a_palatial_residence_for_good_location_sale_in_dha_sector_a_-_rachna_villas_gujranwala-54512537-21898-1.html,Gujranwala,House,5.0,6.0,"DHA Defence, Gujranwala, Punjab"
"Good Location House Of 6 Marla Is Available For Sale In DHA Sector A - Rachna Villas, Gujranwala",2.25 Crore,22500000.0,6.0 Marla,6.0,https://www.zameen.com/Property/dha_sector_a_dha_sector_a_-_rachna_villas_good_location_house_of_6_marla_is_available_for_sale_in_dha_sector_a_-_rachna_villas_gujranwala-54512533-21898-1.html,Gujranwala,House,4.0,6.0,"DHA Defence, Gujranwala, Punjab"
Perfect Good Location 6 Marla House In DHA Sector A - Rachna Villas For Sale,2.15 Crore,21500000.0,6.0 Marla,6.0,https://www.zameen.com/Property/dha_sector_a_dha_sector_a_-_rachna_villas_perfect_good_location_6_marla_house_in_dha_sector_a_-_rachna_villas_for_sale-54512531-21898-1.html,Gujranwala,House,4.0,4.0,"DHA Defence, Gujranwala, Punjab"
Your Dream Good Location 6 Marla House Is Available In DHA Sector A - Rachna Villas,2.2 Crore,22000000.0,6.0 Marla,6.0,https://www.zameen.com/Property/dha_sector_a_dha_sector_a_-_rachna_villas_your_dream_good_location_6_marla_house_is_available_in_dha_sector_a_-_rachna_villas-54512532-21898-1.html,Gujranwala,House,4.0,4.0,"DHA Defence, Gujranwala, Punjab"
Buy A Good Location 6 Marla House For Sale In DHA Sector A - Rachna Villas,2.1 Crore,21000000.0,6.0 Marla,6.0,https://www.zameen.com/Property/dha_sector_a_dha_sector_a_-_rachna_villas_buy_a_good_location_6_marla_house_for_sale_in_dha_sector_a_-_rachna_villas-54512530-21898-1.html,Gujranwala,House,4.0,4.0,"DHA Defence, Gujranwala, Punjab"
Ideal Good Location House For Sale In DHA Sector A - Rachna Villas,2.05 Crore,20500000.0,6.0 Marla,6.0,https://www.zameen.com/Property/dha_sector_a_dha_sector_a_-_rachna_villas_ideal_good_location_house_for_sale_in_dha_sector_a_-_rachna_villas-54512529-21898-1.html,Gujranwala,House,4.0,4.0,"DHA Defence, Gujranwala, Punjab"
"Reasonably-Priced Good Location 5 Marla House In DHA Sector A - Rachna Villas, Gujranwala Is Available As Of Now",1.75 Crore,17500000.0,5.0 Marla,5.0,https://www.zameen.com/Property/dha_sector_a_dha_sector_a_-_rachna_villas_reasonably-priced_good_location_5_marla_house_in_dha_sector_a_-_rachna_villas_gujranwala_is_available_as_of_now-54512528-21898-1.html,Gujranwala,House,3.0,4.0,"DHA Defence, Gujranwala, Punjab"
Good Location House Of 5 Marla For Sale In DHA Sector A - Rachna Villas,1.65 Crore,16500000.0,5.0 Marla,5.0,https://www.zameen.com/Property/dha_sector_a_dha_sector_a_-_rachna_villas_good_location_house_of_5_marla_for_sale_in_dha_sector_a_-_rachna_villas-54512526-21898-1.html,Gujranwala,House,3.0,4.0,"DHA Defence, Gujranwala, Punjab"
Get An Attractive Good Location House In Gujranwala Under Rs. 17000000,1.7 Crore,17000000.0,5.0 Marla,5.0,https://www.zameen.com/Property/dha_sector_a_dha_sector_a_-_rachna_villas_get_an_attractive_good_location_house_in_gujranwala_under_rs_17000000-54512527-21898-1.html,Gujranwala,House,3.0,4.0,"DHA Defence, Gujranwala, Punjab"
Good Location 5 Marla House In Beautiful Location Of DHA Sector A - Rachna Villas In Gujranwala,1.6 Crore,16000000.0,5.0 Marla,5.0,https://www.zameen.com/Property/dha_sector_a_dha_sector_a_-_rachna_villas_good_location_5_marla_house_in_beautiful_location_of_dha_sector_a_-_rachna_villas_in_gujranwala-54512524-21898-1.html,Gujranwala,House,3.0,4.0,"DHA Defence, Gujranwala, Punjab"
Ready To Sale A Good Location House 5 Marla In DHA Sector A - Rachna Villas Gujranwala,1.55 Crore,15500000.0,5.0 Marla,5.0,https://www.zameen.com/Property/dha_sector_a_dha_sector_a_-_rachna_villas_ready_to_sale_a_good_location_house_5_marla_in_dha_sector_a_-_rachna_villas_gujranwala-54512523-21898-1.html,Gujranwala,House,3.0,4.0,"DHA Defence, Gujranwala, Punjab"
"Ideal Good Location 6 Marla House Available In DHA Sector A - Rachna Villas, Gujranwala",1.95 Crore,19500000.0,6.0 Marla,6.0,https://www.zameen.com/Property/dha_sector_a_dha_sector_a_-_rachna_villas_ideal_good_location_6_marla_house_available_in_dha_sector_a_-_rachna_villas_gujranwala-53031884-21898-1.html,Gujranwala,House,4.0,3.0,"DHA Defence, Gujranwala, Punjab"
Good Location House Spread Over 10 Marla In DHA Sector A - Rachna Villas Available,3.3 Crore,33000000.0,10.0 Marla,10.0,https://www.zameen.com/Property/dha_sector_a_dha_sector_a_-_rachna_villas_good_location_house_spread_over_10_marla_in_dha_sector_a_-_rachna_villas_available-53031885-21898-1.html,Gujranwala,House,5.0,4.0,"DHA Defence, Gujranwala, Punjab"
Grey Structure 5 Marla House Available In Citi Housing Phase 3 - Block FF For sale,1.2 Crore,12000000.0,5.0 Marla,5.0,https://www.zameen.com/Property/citi_housing_phase_3_citi_housing_phase_3_-_block_ff_grey_structure_5_marla_house_available_in_citi_housing_phase_3_-_block_ff_for_sale-54413847-21884-1.html,Gujranwala,House,4.0,4.0,"Citi Housing Society, Gujranwala, Punjab"
Ideally Located On Excellent Location House For Sale In Citi Housing Society Available,20.0 Crore,200000000.0,2.1 Kanal,42.0,https://www.zameen.com/Property/gujranwala_citi_housing_society_ideally_located_on_excellent_location_house_for_sale_in_citi_housing_society_available-54413850-3083-1.html,Gujranwala,House,10.0,6.0,"Citi Housing Society, Gujranwala, Punjab"
1 Bed Apartment Flat Ary Laguna Dha Gujranwala On Installments Available For Sale,57.5 Lakh,5750000.0,,,https://www.zameen.com/Property/dha_defence_ary_laguna_1_bed_apartment_flat_ary_laguna_dha_gujranwala_on_installments_available_for_sale-50769597-18884-1.html,Gujranwala,Flat,2.0,2.0,"DHA Defence, Gujranwala, Punjab"
Ready To Buy 5 Marla House For Sale Block A Extension Hot Location,1.56 Crore,15600000.0,5.0 Marla,5.0,https://www.zameen.com/Property/citi_housing_society_citi_housing_society_-_block_a_extension_ready_to_buy_5_marla_house_for_sale_block_a_extension_hot_location-53738063-16889-1.html,Sialkot,House,4.0,5.0,"Citi Housing Society, Sialkot, Punjab"
A-Extension 5 Marla Brand New House For Sale Hot Location,2.1 Crore,21000000.0,5.0 Marla,5.0,https://www.zameen.com/Property/sialkot_citi_housing_society_a-extension_5_marla_brand_new_house_for_sale_hot_location-54138003-8221-1.html,Sialkot,House,4.0,4.0,"Citi Housing Society, Sialkot, Punjab"
Beautiful Full House Making With Good Materials,4.65 Crore,46500000.0,10.0 Marla,10.0,https://www.zameen.com/Property/ghalib_road_diamond_city_beautiful_full_house_making_with_good_materials-54052619-16537-1.html,Sialkot,House,5.0,6.0,"Ghalib Road, Sialkot, Punjab"
Ideal House For Sale In Hajipura Road,2.85 Crore,28500000.0,4.0 Marla,4.0,https://www.zameen.com/Property/sialkot_hajipura_road_ideal_house_for_sale_in_hajipura_road-54527671-6270-1.html,Sialkot,House,8.0,5.0,"Hajipura Road, Sialkot, Punjab"
10 Marla Elite Class New House Available For Sale,4.38 Crore,43800000.0,10.0 Marla,10.0,https://www.zameen.com/Property/sialkot_citi_housing_society_-_block_b_10_marla_elite_class_new_house_available_for_sale-54463993-14601-1.html,Sialkot,House,5.0,6.0,"Citi Housing Society, Sialkot, Punjab"
Architectural Brilliance: Brand New 5 Marla Luxury House For Sale,1.9 Crore,19000000.0,5.0 Marla,5.0,https://www.zameen.com/Property/sialkot_citi_housing_society_architectural_brilliance_brand_new_5_marla_luxury_house_for_sale-54409570-8221-1.html,Sialkot,House,3.0,4.0,"Citi Housing Society, Sialkot, Punjab"
10 Marla Brand New House Available for Sale.,3.1 Crore,31000000.0,10.0 Marla,10.0,https://www.zameen.com/Property/sialkot_citi_housing_society_10_marla_brand_new_house_available_for_sale-54510090-8221-1.html,Sialkot,House,5.0,6.0,"Citi Housing Society, Sialkot, Punjab"
House For Sale Sialkot Cantt Good Location Old House,25.0 Crore,250000000.0,1.7 Kanal,34.0,https://www.zameen.com/Property/sialkot_cantt_house_for_sale_sialkot_cantt_good_location_old_house-54206853-482-1.html,Sialkot,House,7.0,6.0,"Cantt, Sialkot, Punjab"
House For Sale At Diamond City Sialkot,2.6 Crore,26000000.0,6.0 Marla,6.0,https://www.zameen.com/Property/ghalib_road_diamond_city_house_for_sale_at_diamond_city_sialkot-54592760-16537-1.html,Sialkot,House,4.0,5.0,"Ghalib Road, Sialkot, Punjab"
10 Marla Brand New House For Sale In Citi Housing Sialkot,2.75 Crore,27500000.0,10.0 Marla,10.0,https://www.zameen.com/Property/sialkot_citi_housing_society_10_marla_brand_new_house_for_sale_in_citi_housing_sialkot-53737940-8221-1.html,Sialkot,House,5.0,6.0,"Citi Housing Society, Sialkot, Punjab"
10 Marla Brand New Luxury House For Sale A-Ext,3.7 Crore,37000000.0,10.0 Marla,10.0,https://www.zameen.com/Property/sialkot_citi_housing_society_10_marla_brand_new_luxury_house_for_sale_a-ext-52489467-8221-1.html,Sialkot,House,5.0,5.0,"Citi Housing Society, Sialkot, Punjab"
Spanish New 12 Marla Villa For Sale,7.95 Crore,79500000.0,12.0 Marla,12.0,https://www.zameen.com/Property/ghalib_road_diamond_city_spanish_new_12_marla_villa_for_sale-53350409-16537-1.html,Sialkot,House,5.0,,"Ghalib Road, Sialkot, Punjab"
Modern Double-Storey House for Sale | Elegant Front Elevation,2.0 Crore,20000000.0,5.0 Marla,5.0,https://www.zameen.com/Property/wazirabad_road_canal_city_housing_society_modern_double-storey_house_for_sale_elegant_front_elevation-54628596-14368-1.html,Sialkot,House,4.0,5.0,"Wazirabad Road, Sialkot, Punjab"
5 Marla Fully Modern House For Sale Prime Location Modern Design,2.0 Crore,20000000.0,5.0 Marla,5.0,https://www.zameen.com/Property/sialkot_citi_housing_society_5_marla_fully_modern_house_for_sale_prime_location_modern_design-54629784-8221-1.html,Sialkot,House,4.0,4.0,"Citi Housing Society, Sialkot, Punjab"
Luxury 1 Kanal House Near Dancing Fountain,9.3 Crore,93000000.0,1.0 Kanal,20.0,https://www.zameen.com/Property/citi_housing_society_citi_housing_society_-_block_c_luxury_1_kanal_house_near_dancing_fountain-54346651-14602-1.html,Sialkot,House,5.0,6.0,"Citi Housing Society, Sialkot, Punjab"
5 Marla Brand New Luxury House For Sale,2.2 Crore,22000000.0,5.0 Marla,5.0,https://www.zameen.com/Property/citi_housing_society_citi_housing_society_-_block_a_extension_5_marla_brand_new_luxury_house_for_sale-54338118-16889-1.html,Sialkot,House,3.0,4.0,"Citi Housing Society, Sialkot, Punjab"
5 Marla Brand New Modern House Available For Sale,2.4 Crore,24000000.0,5.0 Marla,5.0,https://www.zameen.com/Property/sialkot_citi_housing_society_-_block_b_5_marla_brand_new_modern_house_available_for_sale-54337414-14601-1.html,Sialkot,House,3.0,4.0,"Citi Housing Society, Sialkot, Punjab"
5 Marla Quality Construct House For Sale .,2.25 Crore,22500000.0,5.0 Marla,5.0,https://www.zameen.com/Property/sialkot_citi_housing_society_5_marla_quality_construct_house_for_sale-54165011-8221-1.html,Sialkot,House,4.0,5.0,"Citi Housing Society, Sialkot, Punjab"
18 Marla House For Sale Paris Road Puran Nagar Sialkot,17.0 Crore,170000000.0,18.0 Marla,18.0,https://www.zameen.com/Property/sialkot_cantt_18_marla_house_for_sale_paris_road_puran_nagar_sialkot-54602891-482-1.html,Sialkot,House,5.0,4.0,"Cantt, Sialkot, Punjab"
5 Marla Modern Quality Construction House Available for Sale !,2.5 Crore,25000000.0,5.0 Marla,5.0,https://www.zameen.com/Property/sialkot_citi_housing_society_-_block_b_5_marla_modern_quality_construction_house_available_for_sale-53811281-14601-1.html,Sialkot,House,,,
10 Marla Modern House Quality Construction Available For Sale !,4.5 Crore,45000000.0,10.0 Marla,10.0,https://www.zameen.com/Property/sialkot_citi_housing_society_10_marla_modern_house_quality_construction_available_for_sale-53881249-8221-1.html,Sialkot,House,5.0,6.0,"Citi Housing Society, Sialkot, Punjab"
5 Marla Brand New Facing Park B Block House For Sale !,2.45 Crore,24500000.0,5.0 Marla,5.0,https://www.zameen.com/Property/sialkot_citi_housing_society_-_block_b_5_marla_brand_new_facing_park_b_block_house_for_sale-54151375-14601-1.html,Sialkot,House,4.0,5.0,"Citi Housing Society, Sialkot, Punjab"
5 Marla Brand New House For Sale AA-Extension,1.75 Crore,17500000.0,5.0 Marla,5.0,https://www.zameen.com/Property/sialkot_citi_housing_society_5_marla_brand_new_house_for_sale_aa-extension-52510632-8221-1.html,Sialkot,House,4.0,4.0,"Citi Housing Society, Sialkot, Punjab"
B-Block Brand New House For Sale On Prime Location,2.4 Crore,24000000.0,5.0 Marla,5.0,https://www.zameen.com/Property/sialkot_citi_housing_society_b-block_brand_new_house_for_sale_on_prime_location-52937940-8221-1.html,Sialkot,House,4.0,5.0,"Citi Housing Society, Sialkot, Punjab"
A-Ext 5 Marla Brand New House For Sale Prime Location,2.1 Crore,21000000.0,5.0 Marla,5.0,https://www.zameen.com/Property/sialkot_citi_housing_society_a-ext_5_marla_brand_new_house_for_sale_prime_location-52913739-8221-1.html,Sialkot,House,4.0,4.0,"Citi Housing Society, Sialkot, Punjab"
10 Marla Double Story House for Sale Prime Location,5.0 Crore,50000000.0,10.0 Marla,10.0,https://www.zameen.com/Property/ghalib_road_diamond_city_10_marla_double_story_house_for_sale_prime_location-54564560-16537-1.html,Sialkot,House,5.0,5.0,"Ghalib Road, Sialkot, Punjab"
5 Marla New House Available For Sale,2.3 Crore,23000000.0,5.0 Marla,5.0,https://www.zameen.com/Property/citi_housing_society_citi_housing_society_-_block_a_extension_5_marla_new_house_available_for_sale-54353346-16889-1.html,Sialkot,House,4.0,4.0,"Citi Housing Society, Sialkot, Punjab"
10 Marla Beautiful House For Sale,4.3 Crore,43000000.0,10.0 Marla,10.0,https://www.zameen.com/Property/citi_housing_society_citi_housing_society_-_block_g_10_marla_beautiful_house_for_sale-54464089-14608-1.html,Sialkot,House,5.0,6.0,"Citi Housing Society, Sialkot, Punjab"
"1.5 Marla New Double Storey HOUSE With SHOP At JINNAH TOWN Near Model Town, Capital Road 4",68.0 Lakh,6800000.0,1.5 Marla,1.5,https://www.zameen.com/Property/sialkot_capital_road_1_5_marla_new_double_storey_house_with_shop_at_jinnah_town_near_model_town_capital_road_4-50550389-21145-1.html,Sialkot,House,3.0,2.0,"Capital Road, Sialkot, Punjab"
"3.5 Marla New Beautiful House At RIZWAN TOWN, BOOTA ROAD, Near Model Town, Capital Road 4 Sale",1.35 Crore,13500000.0,3.5 Marla,3.5,https://www.zameen.com/Property/sialkot_dinpura_3_5_marla_new_beautiful_house_at_rizwan_town_boota_road_near_model_town_capital_road_4_sale-47305861-6265-1.html,Sialkot,House,4.0,3.0,"Dinpura, Sialkot, Punjab"
"5 Marla New Double Storey Beautiful House Besides MB Villas, BOOTA ROAD, Street # 7 At Near Kashmir Road 4 Sale",1.85 Crore,18500000.0,5.0 Marla,5.0,https://www.zameen.com/Property/kashmir_road_mb_villas_5_marla_new_double_storey_beautiful_house_besides_mb_villas_boota_road_street_7_at_near_kashmir_road_4_sale-50550559-13374-1.html,Sialkot,House,4.0,3.0,"Kashmir Road, Sialkot, Punjab"
10 Marla House For sale In Rs. 85000000 Only,8.5 Crore,85000000.0,10.0 Marla,10.0,https://www.zameen.com/Property/sialkot_askari_2_10_marla_house_for_sale_in_rs_85000000_only-54479981-1334-1.html,Sialkot,House,8.0,3.0,"Askari 2, Sialkot, Punjab"
"1.5 Marla New Double Storey Beautiful House At DEENPURA Near Model Town, Capital Road 4 Sale",48.0 Lakh,4800000.0,1.5 Marla,1.5,https://www.zameen.com/Property/sialkot_dinpura_1_5_marla_new_double_storey_beautiful_house_at_deenpura_near_model_town_capital_road_4_sale-50550619-6265-1.html,Sialkot,House,3.0,2.0,"Dinpura, Sialkot, Punjab"
Luxury House Available For Sale,3.75 Crore,37500000.0,10.0 Marla,10.0,https://www.zameen.com/Property/citi_housing_society_citi_housing_society_-_block_a_extension_luxury_house_available_for_sale-52328213-16889-1.html,Sialkot,House,5.0,5.0,"Citi Housing Society, Sialkot, Punjab"
(Direct Owner) 5 Marla Brand New House Available For Sale,2.05 Crore,20500000.0,5.0 Marla,5.0,https://www.zameen.com/Property/citi_housing_society_citi_housing_society_-_block_a_extension_direct_owner_5_marla_brand_new_house_available_for_sale-54277762-16889-1.html,Sialkot,House,3.0,4.0,"Citi Housing Society, Sialkot, Punjab"
5 Marla Modern House At 75 Feet Street Available.,2.35 Crore,23500000.0,5.0 Marla,5.0,https://www.zameen.com/Property/citi_housing_society_citi_housing_society_-_block_a_extension_5_marla_modern_house_at_75_feet_street_available-54495512-16889-1.html,Sialkot,House,3.0,4.0,"Citi Housing Society, Sialkot, Punjab"
Brand New Five Marla House Available For Sale In Citi Housing Societies Sialkot,1.75 Crore,17500000.0,5.0 Marla,5.0,https://www.zameen.com/Property/citi_housing_society_citi_housing_society_-_block_a_extension_brand_new_five_marla_house_available_for_sale_in_citi_housing_societies_sialkot-53938155-16889-1.html,Sialkot,House,3.0,4.0,"Citi Housing Society, Sialkot, Punjab"
10 Marla Quality Construction House For Sale in B Block Citi Housing!,5.0 Crore,50000000.0,10.0 Marla,10.0,https://www.zameen.com/Property/sialkot_citi_housing_society_10_marla_quality_construction_house_for_sale_in_b_block_citi_housing-54587125-8221-1.html,Sialkot,House,6.0,6.0,"Citi Housing Society, Sialkot, Punjab"
Brand New 5 Marla Ultra Modern House for Sale in Prime Location,2.5 Crore,25000000.0,5.0 Marla,5.0,https://www.zameen.com/Property/sialkot_citi_housing_society_brand_new_5_marla_ultra_modern_house_for_sale_in_prime_location-54494998-8221-1.html,Sialkot,House,5.0,4.0,"Citi Housing Society, Sialkot, Punjab"
10 Marla Luxury Pair House Available For Sale In A Extension Citi Housing Sialkot,4.75 Crore,47500000.0,10.0 Marla,10.0,https://www.zameen.com/Property/sialkot_citi_housing_society_10_marla_luxury_pair_house_available_for_sale_in_a_extension_citi_housing_sialkot-54583758-8221-1.html,Sialkot,House,5.0,6.0,"Citi Housing Society, Sialkot, Punjab"
10 Marla House For Sale,3.0 Crore,30000000.0,10.0 Marla,10.0,https://www.zameen.com/Property/sialkot_fateh_garh_town_10_marla_house_for_sale-52671907-6267-1.html,Sialkot,House,10.0,7.0,"Fateh Garh Town, Sialkot, Punjab"
B-Extension 5 Marla Double Heighted House.,2.5 Crore,25000000.0,5.0 Marla,5.0,https://www.zameen.com/Property/sialkot_citi_housing_society_b-extension_5_marla_double_heighted_house-54161034-8221-1.html,Sialkot,House,4.0,4.0,"Citi Housing Society, Sialkot, Punjab"
5 Marla Double Heighted Luxury House For Sale A-Extension.,2.0 Crore,20000000.0,5.0 Marla,5.0,https://www.zameen.com/Property/sialkot_citi_housing_society_5_marla_double_heighted_luxury_house_for_sale_a-extension-52875872-8221-1.html,Sialkot,House,4.0,4.0,"Citi Housing Society, Sialkot, Punjab"
AA-Ext 5 Marla Brand New House For Sale (Facing Park),1.75 Crore,17500000.0,5.0 Marla,5.0,https://www.zameen.com/Property/sialkot_citi_housing_society_aa-ext_5_marla_brand_new_house_for_sale_facing_park-52705486-8221-1.html,Sialkot,House,4.0,4.0,"Citi Housing Society, Sialkot, Punjab"
A-Ext 5 Marla Double Heighted House For Sale,2.0 Crore,20000000.0,5.0 Marla,5.0,https://www.zameen.com/Property/sialkot_citi_housing_society_a-ext_5_marla_double_heighted_house_for_sale-54160830-8221-1.html,Sialkot,House,3.0,4.0,"Citi Housing Society, Sialkot, Punjab"
10 Marla Brand New Modern House For Sale ( A-Extension ).,3.8 Crore,38000000.0,10.0 Marla,10.0,https://www.zameen.com/Property/sialkot_citi_housing_society_10_marla_brand_new_modern_house_for_sale_a-extension-54160065-8221-1.html,Sialkot,House,5.0,5.0,"Citi Housing Society, Sialkot, Punjab"
F Block 10 Marla Brand New House | 10KW Solar | Green Meter | Furnished Option,3.99 Crore,39900000.0,10.0 Marla,10.0,https://www.zameen.com/Property/sialkot_citi_housing_society_f_block_10_marla_brand_new_house_10kw_solar_green_meter_furnished_option-54573345-8221-1.html,Sialkot,House,5.0,5.0,"Citi Housing Society, Sialkot, Punjab"
A-Ext 10 Marla Brand New House For Sale,4.8 Crore,48000000.0,10.0 Marla,10.0,https://www.zameen.com/Property/sialkot_citi_housing_society_a-ext_10_marla_brand_new_house_for_sale-54636946-8221-1.html,Sialkot,House,5.0,5.0,"Citi Housing Society, Sialkot, Punjab"
AA-Ext 5 Marla Double Heighted House For Sale,1.95 Crore,19500000.0,5.0 Marla,5.0,https://www.zameen.com/Property/sialkot_citi_housing_society_aa-ext_5_marla_double_heighted_house_for_sale-54637192-8221-1.html,Sialkot,House,4.0,4.0,"Citi Housing Society, Sialkot, Punjab"
B-Extension 5 Marla House For Sale,2.1 Crore,21000000.0,5.0 Marla,5.0,https://www.zameen.com/Property/sialkot_citi_housing_society_b-extension_5_marla_house_for_sale-54640470-8221-1.html,Sialkot,House,4.0,4.0,"Citi Housing Society, Sialkot, Punjab"
10 Marla Luxury House For Sale In A-Extension,4.5 Crore,45000000.0,10.0 Marla,10.0,https://www.zameen.com/Property/sialkot_citi_housing_society_10_marla_luxury_house_for_sale_in_a-extension-54160455-8221-1.html,Sialkot,House,5.0,5.0,"Citi Housing Society, Sialkot, Punjab"
10 M Most Luxurious Double Heights House For Sale In Citi Housing Sialkot,5.5 Crore,55000000.0,10.0 Marla,10.0,https://www.zameen.com/Property/citi_housing_society_citi_housing_society_-_aa_extension_10_m_most_luxurious_double_heights_house_for_sale_in_citi_housing_sialkot-53486695-22035-1.html,Sialkot,House,5.0,6.0,"Citi Housing Society, Sialkot, Punjab"
5 Marla BrandNew House Available For Sale,1.68 Crore,16800000.0,5.0 Marla,5.0,https://www.zameen.com/Property/citi_housing_society_citi_housing_society_-_block_a_extension_5_marla_brandnew_house_available_for_sale-54464069-16889-1.html,Sialkot,House,4.0,4.0,"Citi Housing Society, Sialkot, Punjab"
1 Kanal Brand New House For Sale,8.95 Crore,89500000.0,1.0 Kanal,20.0,https://www.zameen.com/Property/sialkot_citi_housing_society_1_kanal_brand_new_house_for_sale-50388213-8221-1.html,Sialkot,House,6.0,6.0,"Citi Housing Society, Sialkot, Punjab"
10 Marla House For Sale B Block Citi Housing Sialkot,4.99 Crore,49900000.0,10.0 Marla,10.0,https://www.zameen.com/Property/sialkot_citi_housing_society_-_block_b_10_marla_house_for_sale_b_block_citi_housing_sialkot-54131601-14601-1.html,Sialkot,House,5.0,6.0,"Citi Housing Society, Sialkot, Punjab"
4.23 Marla House For Sale Near V Mall,1.7 Crore,17000000.0,4.2 Marla,4.2,https://www.zameen.com/Property/sialkot_bilal_town_4_23_marla_house_for_sale_near_v_mall-54596567-21972-1.html,Sialkot,House,3.0,4.0,"Bilal Town, Sialkot, Punjab"
6 Marla Beautiful House For Sale In Diamond City Near Cantt,2.7 Crore,27000000.0,6.0 Marla,6.0,https://www.zameen.com/Property/ghalib_road_diamond_city_6_marla_beautiful_house_for_sale_in_diamond_city_near_cantt-54158197-16537-1.html,Sialkot,House,4.0,5.0,"Ghalib Road, Sialkot, Punjab"
5.5 Marla Ultra Modern House For Sale In Kent Housing Sialkot,3.1 Crore,31000000.0,6.0 Marla,6.0,https://www.zameen.com/Property/chenab_rangers_road_kent_housing_scheme_5_5_marla_ultra_modern_house_for_sale_in_kent_housing_sialkot-54484096-14370-1.html,Sialkot,House,4.0,5.0,"Chenab Rangers Road, Sialkot, Punjab"
Five Marla House Available For Sale In Citi Housing Sialkot,1.65 Crore,16500000.0,5.0 Marla,5.0,https://www.zameen.com/Property/citi_housing_society_citi_housing_society_-_block_f_five_marla_house_available_for_sale_in_citi_housing_sialkot-53935049-14605-1.html,Sialkot,House,4.0,3.0,"Citi Housing Society, Sialkot, Punjab"
Five Marla Brand New House Available For Sale In Citi Housing Sialkot,1.8 Crore,18000000.0,5.0 Marla,5.0,https://www.zameen.com/Property/citi_housing_society_citi_housing_society_-_block_a_extension_five_marla_brand_new_house_available_for_sale_in_citi_housing_sialkot-53549148-16889-1.html,Sialkot,House,3.0,4.0,"Citi Housing Society, Sialkot, Punjab"
Ten Marla House For Sale In Citi Housing Sialkot A Block,3.1 Crore,31000000.0,10.0 Marla,10.0,https://www.zameen.com/Property/citi_housing_society_citi_housing_society_-_block_a_ten_marla_house_for_sale_in_citi_housing_sialkot_a_block-54411880-14600-1.html,Sialkot,House,5.0,6.0,"Citi Housing Society, Sialkot, Punjab"
House For Sale 10 Marla | Street #10,5.5 Crore,55000000.0,10.0 Marla,10.0,https://www.zameen.com/Property/sialkot_mag_town_house_for_sale_10_marla_street_10-54547791-6285-1.html,Sialkot,House,5.0,5.0,"Mag Town, Sialkot, Punjab"
Beautiful Double Storey Big House Available For Sale In Diamond City Kent Block,4.3 Crore,43000000.0,9.0 Marla,9.0,https://www.zameen.com/Property/ghalib_road_diamond_city_beautiful_double_storey_big_house_available_for_sale_in_diamond_city_kent_block-54337184-16537-1.html,Sialkot,House,5.0,5.0,"Ghalib Road, Sialkot, Punjab"
House For Sale At Diamond City Sialkot,3.1 Crore,31000000.0,6.0 Marla,6.0,https://www.zameen.com/Property/ghalib_road_diamond_city_house_for_sale_at_diamond_city_sialkot-54605543-16537-1.html,Sialkot,House,4.0,5.0,"Ghalib Road, Sialkot, Punjab"
House For Sale At Diamond City Sialkot,4.85 Crore,48500000.0,10.0 Marla,10.0,https://www.zameen.com/Property/ghalib_road_diamond_city_house_for_sale_at_diamond_city_sialkot-54596697-16537-1.html,Sialkot,House,5.0,5.0,"Ghalib Road, Sialkot, Punjab"
House For Sale At Diamond City Sialkot,4.1 Crore,41000000.0,9.0 Marla,9.0,https://www.zameen.com/Property/ghalib_road_diamond_city_house_for_sale_at_diamond_city_sialkot-54596725-16537-1.html,Sialkot,House,5.0,6.0,"Ghalib Road, Sialkot, Punjab"
House For Sale At Near Capital Road Sialkot,1.65 Crore,16500000.0,3.0 Marla,3.0,https://www.zameen.com/Property/sialkot_capital_road_house_for_sale_at_near_capital_road_sialkot-54596872-21145-1.html,Sialkot,House,3.0,4.0,"Capital Road, Sialkot, Punjab"
5 Marla House Available For Sale In B Block,2.45 Crore,24500000.0,5.0 Marla,5.0,https://www.zameen.com/Property/sialkot_citi_housing_society_5_marla_house_available_for_sale_in_b_block-54642363-8221-1.html,Sialkot,House,4.0,4.0,"Citi Housing Society, Sialkot, Punjab"
AA-Extension 5 Marla House For Sale Near Main Road,2.4 Crore,24000000.0,5.0 Marla,5.0,https://www.zameen.com/Property/sialkot_citi_housing_society_aa-extension_5_marla_house_for_sale_near_main_road-54655725-8221-1.html,Sialkot,House,4.0,4.0,"Citi Housing Society, Sialkot, Punjab"
AA-Extension 10 Marla Victoria Luxury House For Sale,5.5 Crore,55000000.0,10.0 Marla,10.0,https://www.zameen.com/Property/sialkot_citi_housing_society_aa-extension_10_marla_victoria_luxury_house_for_sale-54665938-8221-1.html,Sialkot,House,5.0,6.0,"Citi Housing Society, Sialkot, Punjab"
In Citi Housing Society 5 Marla House For Sale,2.1 Crore,21000000.0,5.0 Marla,5.0,https://www.zameen.com/Property/sialkot_citi_housing_society_in_citi_housing_society_5_marla_house_for_sale-51666991-8221-1.html,Sialkot,House,4.0,4.0,"Citi Housing Society, Sialkot, Punjab"
5 Marla House For Sale In Citi Housing Sialkot,1.8 Crore,18000000.0,5.0 Marla,5.0,https://www.zameen.com/Property/sialkot_citi_housing_society_5_marla_house_for_sale_in_citi_housing_sialkot-53738006-8221-1.html,Sialkot,House,4.0,5.0,"Citi Housing Society, Sialkot, Punjab"
"5 Marla Beautiful House For Sale in A Extension, Citi Housing Sialkot",1.67 Crore,16700000.0,5.0 Marla,5.0,https://www.zameen.com/Property/sialkot_citi_housing_society_5_marla_beautiful_house_for_sale_in_a_extension_citi_housing_sialkot-53738042-8221-1.html,Sialkot,House,4.0,5.0,"Citi Housing Society, Sialkot, Punjab"
"5 Marla Designer House For Sale In B Block, Citi Housing Sialkot",2.4 Crore,24000000.0,5.0 Marla,5.0,https://www.zameen.com/Property/sialkot_citi_housing_society_-_block_b_5_marla_designer_house_for_sale_in_b_block_citi_housing_sialkot-53738080-14601-1.html,Sialkot,House,4.0,5.0,"Citi Housing Society, Sialkot, Punjab"
5 Marla Modern House Is Available For Sale,2.4 Crore,24000000.0,5.0 Marla,5.0,https://www.zameen.com/Property/sialkot_citi_housing_society_-_block_b_5_marla_modern_house_is_available_for_sale-53874534-14601-1.html,Sialkot,House,4.0,4.0,"Citi Housing Society, Sialkot, Punjab"
House For Sale At Near Capital Road Sialkot,1.6 Crore,16000000.0,3.0 Marla,3.0,https://www.zameen.com/Property/sialkot_capital_road_house_for_sale_at_near_capital_road_sialkot-54596772-21145-1.html,Sialkot,House,3.0,4.0,"Capital Road, Sialkot, Punjab"
5 Marla House In Citi Housing @ Investor Price,1.6 Crore,16000000.0,5.0 Marla,5.0,https://www.zameen.com/Property/sialkot_citi_housing_society_5_marla_house_in_citi_housing_investor_price-54602137-8221-1.html,Sialkot,House,3.0,4.0,"Citi Housing Society, Sialkot, Punjab"
"10 Marla Fully Furnished Ultra-Modern Double Height House For Sale In City Housing, Sialkot Prime Location",4.5 Crore,45000000.0,10.0 Marla,10.0,https://www.zameen.com/Property/sialkot_citi_housing_society_10_marla_fully_furnished_ultra-modern_double_height_house_for_sale_in_city_housing_sialkot_prime_location-54579974-8221-1.html,Sialkot,House,,,"Citi Housing Society, Sialkot, Punjab"
5 Marla Modern House for Sale Fully Tiled Front,2.45 Crore,24500000.0,5.0 Marla,5.0,https://www.zameen.com/Property/sialkot_citi_housing_society_5_marla_modern_house_for_sale_fully_tiled_front-54582867-8221-1.html,Sialkot,House,4.0,5.0,"Citi Housing Society, Sialkot, Punjab"
Urgent Sale 6 Marla House,2.6 Crore,26000000.0,6.0 Marla,6.0,https://www.zameen.com/Property/ghalib_road_diamond_city_urgent_sale_6_marla_house-54572594-16537-1.html,Sialkot,House,4.0,5.0,"Ghalib Road, Sialkot, Punjab"
Premium House Available For Sale,5.5 Crore,55000000.0,10.0 Marla,10.0,https://www.zameen.com/Property/chenab_rangers_road_kent_housing_scheme_premium_house_available_for_sale-54572842-14370-1.html,Sialkot,House,5.0,6.0,"Chenab Rangers Road, Sialkot, Punjab"
Brand New 6 Marla House For Sale,3.7 Crore,37000000.0,6.0 Marla,6.0,https://www.zameen.com/Property/wazirabad_road_city_villas_brand_new_6_marla_house_for_sale-54588401-13357-1.html,Sialkot,House,5.0,5.0,"Wazirabad Road, Sialkot, Punjab"
Facing park brand new 6 Marla house for sale,4.0 Crore,40000000.0,6.0 Marla,6.0,https://www.zameen.com/Property/wazirabad_road_city_villas_facing_park_brand_new_6_marla_house_for_sale-54594319-13357-1.html,Sialkot,House,4.0,5.0,"Wazirabad Road, Sialkot, Punjab"
Gulshan Town House For Sale In Street No :3,6.1 Crore,61000000.0,14.0 Marla,14.0,https://www.zameen.com/Property/sialkot_capital_road_gulshan_town_house_for_sale_in_street_no_3-54595969-21145-1.html,Sialkot,House,6.0,6.0,"Capital Road, Sialkot, Punjab"
Ultra Modern House For Sale In Kent Housing,3.0 Crore,30000000.0,5.0 Marla,5.0,https://www.zameen.com/Property/sialkot_chenab_rangers_road_ultra_modern_house_for_sale_in_kent_housing-54603315-6259-1.html,Sialkot,House,4.0,4.0,"Chenab Rangers Road, Sialkot, Punjab"
Heat of Sialkot * Sambrial* Best of the Best Location 3 Bed House at for Sale,25.0 Lakh,2500000.0,3.0 Marla,3.0,https://www.zameen.com/Property/sialkot_sambrial_heat_of_sialkot_sambrial_best_of_the_best_location_3_bed_house_at_for_sale-54521274-940-1.html,Sialkot,House,3.0,4.0,"Sambrial, Sialkot, Punjab"
"10 Marla House For Sale In A Extension - Citi Housing Society, Sialkot",4.23 Crore,42300000.00000001,10.0 Marla,10.0,https://www.zameen.com/Property/citi_housing_society_citi_housing_society_-_block_a_extension_10_marla_house_for_sale_in_a_extension_-_citi_housing_society_sialkot-54514044-16889-1.html,Sialkot,House,5.0,6.0,"Citi Housing Society, Sialkot, Punjab"
5 Marla House Is Available For Sale Very Good And Hot Location,2.45 Crore,24500000.0,5.0 Marla,5.0,https://www.zameen.com/Property/sialkot_citi_housing_society_5_marla_house_is_available_for_sale_very_good_and_hot_location-54631990-8221-1.html,Sialkot,House,4.0,4.0,"Citi Housing Society, Sialkot, Punjab"
5 Marla Brand New Modern House For Sale | 4 Master Bedrooms | Attached Baths | Car Porch,2.5 Crore,25000000.0,5.0 Marla,5.0,https://www.zameen.com/Property/sialkot_citi_housing_society_5_marla_brand_new_modern_house_for_sale_4_master_bedrooms_attached_baths_car_porch-54473788-8221-1.html,Sialkot,House,4.0,4.0,"Citi Housing Society, Sialkot, Punjab"
5 Marla Modern House for Sale | 4 Bedrooms | Semi-Furnished Master Bedroom | Prime Location,2.4 Crore,24000000.0,5.0 Marla,5.0,https://www.zameen.com/Property/sialkot_citi_housing_society_5_marla_modern_house_for_sale_4_bedrooms_semi-furnished_master_bedroom_prime_location-54506375-8221-1.html,Sialkot,House,4.0,5.0,"Citi Housing Society, Sialkot, Punjab"
Corner Brand New House For Sale,3.3 Crore,33000000.0,5.0 Marla,5.0,https://www.zameen.com/Property/wazirabad_road_city_villas_corner_brand_new_house_for_sale-54588345-13357-1.html,Sialkot,House,4.0,4.0,"Wazirabad Road, Sialkot, Punjab"
F Block 10 Marla Brand New House for Sale | 10KW Solar | Green Meter | Furnished Option,4.1 Crore,41000000.0,10.0 Marla,10.0,https://www.zameen.com/Property/sialkot_citi_housing_society_f_block_10_marla_brand_new_house_for_sale_10kw_solar_green_meter_furnished_option-54573318-8221-1.html,Sialkot,House,5.0,5.0,"Citi Housing Society, Sialkot, Punjab"
Designer House For Sale In Kent Housing Main Boulevard,11.8 Crore,118000000.0,1.3 Kanal,26.0,https://www.zameen.com/Property/chenab_rangers_road_kent_housing_scheme_designer_house_for_sale_in_kent_housing_main_boulevard-54269838-14370-1.html,Sialkot,House,6.0,7.0,"Chenab Rangers Road, Sialkot, Punjab"
"5 Marla House For Sale in A Extension, Citi Housing Sialkot",1.95 Crore,19500000.0,5.0 Marla,5.0,https://www.zameen.com/Property/citi_housing_society_citi_housing_society_-_block_a_extension_5_marla_house_for_sale_in_a_extension_citi_housing_sialkot-54514168-16889-1.html,Sialkot,House,4.0,5.0,"Citi Housing Society, Sialkot, Punjab"
33 Marla House For Sale Main Zafar Ali Road Double Barrier Cantt Sialkot,33.0 Crore,330000000.0,1.6 Kanal,32.0,https://www.zameen.com/Property/sialkot_cantt_33_marla_house_for_sale_main_zafar_ali_road_double_barrier_cantt_sialkot-54683898-482-1.html,Sialkot,House,6.0,6.0,"Cantt, Sialkot, Punjab"
House Double Storey Fazal Qadar Road Link,13.0 Crore,130000000.0,16.0 Marla,16.0,https://www.zameen.com/Property/sialkot_cantt_house_double_storey_fazal_qadar_road_link-54692363-482-1.html,Sialkot,House,,,"Cantt, Sialkot, Punjab"
6 Marla House Main Khawaja Safdar Road Cantt,7.5 Crore,75000000.0,6.0 Marla,6.0,https://www.zameen.com/Property/sialkot_cantt_6_marla_house_main_khawaja_safdar_road_cantt-54692194-482-1.html,Sialkot,House,4.0,4.0,"Cantt, Sialkot, Punjab"
86 Marla House Cantt Road Near Khawaja Safdar Medical Collage,22.0 Crore,220000000.0,4.3 Kanal,86.0,https://www.zameen.com/Property/sialkot_cantt_road_86_marla_house_cantt_road_near_khawaja_safdar_medical_collage-54692091-6256-1.html,Sialkot,House,,,"Cantt Road, Sialkot, Punjab"
Luxury 5 Marla House for Sale Citi Housing Society Sialkot,1.99 Crore,19900000.0,5.0 Marla,5.0,https://www.zameen.com/Property/citi_housing_society_citi_housing_society_-_block_a_extension_luxury_5_marla_house_for_sale_citi_housing_society_sialkot-54632539-16889-1.html,Sialkot,House,4.0,4.0,"Citi Housing Society, Sialkot, Punjab"
Luxury 5 Marla House for Sale in Citi Housing Society Sialkot | Prime Location,1.95 Crore,19500000.0,5.0 Marla,5.0,https://www.zameen.com/Property/citi_housing_society_citi_housing_society_-_block_a_extension_luxury_5_marla_house_for_sale_in_citi_housing_society_sialkot_prime_location-54677247-16889-1.html,Sialkot,House,4.0,5.0,"Citi Housing Society, Sialkot, Punjab"
4.50 Marla Very Nice Location Corner House Double Storey. Beautiful House.,4.5 Crore,45000000.0,4.0 Marla,4.0,https://www.zameen.com/Property/sialkot_cantt_4_50_marla_very_nice_location_corner_house_double_storey_beautiful_house-53676369-482-1.html,Sialkot,House,7.0,6.0,"Cantt, Sialkot, Punjab"
10 Marla Building Very Good Main Road Sialkot,6.5 Crore,65000000.0,10.0 Marla,10.0,https://www.zameen.com/Property/sialkot_mag_town_10_marla_building_very_good_main_road_sialkot-53929457-6285-1.html,Sialkot,House,5.0,6.0,"Mag Town, Sialkot, Punjab"
5 Marla House for Sale,1.35 Crore,13500000.0,5.0 Marla,5.0,https://www.zameen.com/Property/sialkot_buttar_5_marla_house_for_sale-54676301-6255-1.html,Sialkot,House,5.0,4.0,"Buttar, Sialkot, Punjab"
22.67 Marla House In Cantt For Sale,24.0 Crore,240000000.0,1.1 Kanal,22.0,https://www.zameen.com/Property/sialkot_cantt_22_67_marla_house_in_cantt_for_sale-54213576-482-1.html,Sialkot,House,5.0,7.0,"Cantt, Sialkot, Punjab"
5 Marla Modern Quality Construction House For Sale !,2.35 Crore,23500000.0,6.0 Marla,6.0,https://www.zameen.com/Property/sialkot_citi_housing_society_5_marla_modern_quality_construction_house_for_sale-54464040-8221-1.html,Sialkot,House,4.0,5.0,"Citi Housing Society, Sialkot, Punjab"
6 Marla Modern House For Sale In Kent Housing C Block | 4 Bedrooms | 5 Baths | Prime Location,2.75 Crore,27500000.0,6.0 Marla,6.0,https://www.zameen.com/Property/chenab_rangers_road_kent_housing_scheme_6_marla_modern_house_for_sale_in_kent_housing_c_block_4_bedrooms_5_baths_prime_location-53856236-14370-1.html,Sialkot,House,4.0,5.0,"Chenab Rangers Road, Sialkot, Punjab"
Prime 6 Marla House for Sale in Diamond City E Block Best Location | Khan Property Advisors,2.45 Crore,24500000.0,6.0 Marla,6.0,https://www.zameen.com/Property/ghalib_road_diamond_city_prime_6_marla_house_for_sale_in_diamond_city_e_block_best_location_khan_property_advisors-54091680-16537-1.html,Sialkot,House,4.0,5.0,"Ghalib Road, Sialkot, Punjab"
6 Marla House for Sale in Diamond City E Block Prime Investment Opportunity | Khan Property Advisors,2.55 Crore,25500000.0,6.0 Marla,6.0,https://www.zameen.com/Property/ghalib_road_diamond_city_6_marla_house_for_sale_in_diamond_city_e_block_prime_investment_opportunity_khan_property_advisors-54094529-16537-1.html,Sialkot,House,4.0,5.0,"Ghalib Road, Sialkot, Punjab"
"9 Marla Double-Storey House for Sale Canal City, Ugoki Road (Phase 1)",2.78 Crore,27800000.0,9.0 Marla,9.0,https://www.zameen.com/Property/wazirabad_road_canal_city_housing_society_9_marla_double-storey_house_for_sale_canal_city_ugoki_road_phase_1-54120027-14368-1.html,Sialkot,House,4.0,5.0,"Wazirabad Road, Sialkot, Punjab"
"Brand New 6 Marla House for Sale in Diamond City Phase 2, E Block",2.62 Crore,26200000.0,6.0 Marla,6.0,https://www.zameen.com/Property/ghalib_road_diamond_city_brand_new_6_marla_house_for_sale_in_diamond_city_phase_2_e_block-54237542-16537-1.html,Sialkot,House,4.0,5.0,"Ghalib Road, Sialkot, Punjab"
Brand New 6 Marla House for Sale in Diamond City Phase 2 E Block,2.58 Crore,25800000.0,6.0 Marla,6.0,https://www.zameen.com/Property/ghalib_road_diamond_city_brand_new_6_marla_house_for_sale_in_diamond_city_phase_2_e_block-54242177-16537-1.html,Sialkot,House,4.0,5.0,"Ghalib Road, Sialkot, Punjab"
12 Marla Luxury Villa For Sale | Diamond City Phase 2 | E Block,5.9 Crore,59000000.0,12.0 Marla,12.0,https://www.zameen.com/Property/ghalib_road_diamond_city_12_marla_luxury_villa_for_sale_diamond_city_phase_2_e_block-54407972-16537-1.html,Sialkot,House,6.0,7.0,"Ghalib Road, Sialkot, Punjab"
10 Marla Lexury House For Sale,5.1 Crore,51000000.0,10.0 Marla,10.0,https://www.zameen.com/Property/ghalib_road_diamond_city_10_marla_lexury_house_for_sale-54622462-16537-1.html,Sialkot,House,5.0,5.0,"Ghalib Road, Sialkot, Punjab"
10 Marla New House Available For Sale,4.5 Crore,45000000.0,10.0 Marla,10.0,https://www.zameen.com/Property/citi_housing_society_citi_housing_society_-_block_c_10_marla_new_house_available_for_sale-54669168-14602-1.html,Sialkot,House,5.0,6.0,"Citi Housing Society, Sialkot, Punjab"
10 Marla Ultra Modern Luxury House Available For Sale In A Extension Citi Housing Sialkot,4.5 Crore,45000000.0,10.0 Marla,10.0,https://www.zameen.com/Property/citi_housing_society_citi_housing_society_-_block_a_10_marla_ultra_modern_luxury_house_available_for_sale_in_a_extension_citi_housing_sialkot-53875053-14600-1.html,Sialkot,House,5.0,6.0,"Citi Housing Society, Sialkot, Punjab"
10 Marla Ultra Modern Luxury House Available For Sale In Citi Housing Sialkot,3.8 Crore,38000000.0,10.0 Marla,10.0,https://www.zameen.com/Property/sialkot_citi_housing_society_10_marla_ultra_modern_luxury_house_available_for_sale_in_citi_housing_sialkot-54043145-8221-1.html,Sialkot,House,5.0,6.0,"Citi Housing Society, Sialkot, Punjab"
5 Marla Modern House Available For Sale In A Ext Citi Housing Sialkot,2.1 Crore,21000000.0,5.0 Marla,5.0,https://www.zameen.com/Property/sialkot_citi_housing_society_5_marla_modern_house_available_for_sale_in_a_ext_citi_housing_sialkot-54219618-8221-1.html,Sialkot,House,4.0,5.0,"Citi Housing Society, Sialkot, Punjab"
5.33 Marla Ultra Modern Luxury House Available For Sale in Citi Housing Sialkot,2.4 Crore,24000000.0,5.0 Marla,5.0,https://www.zameen.com/Property/sialkot_citi_housing_society_5_33_marla_ultra_modern_luxury_house_available_for_sale_in_citi_housing_sialkot-54338086-8221-1.html,Sialkot,House,3.0,4.0,"Citi Housing Society, Sialkot, Punjab"
5 Marla Ultra Modern Luxury House Available For Sale in B Block Citi Housing Sialkot,2.5 Crore,25000000.0,5.0 Marla,5.0,https://www.zameen.com/Property/sialkot_citi_housing_society_5_marla_ultra_modern_luxury_house_available_for_sale_in_b_block_citi_housing_sialkot-54462240-8221-1.html,Sialkot,House,4.0,5.0,"Citi Housing Society, Sialkot, Punjab"
10 Marla Luxury House Available For Sale in A extension Citi Housing Sialkot,4.25 Crore,42500000.0,10.0 Marla,10.0,https://www.zameen.com/Property/sialkot_citi_housing_society_10_marla_luxury_house_available_for_sale_in_a_extension_citi_housing_sialkot-54504747-8221-1.html,Sialkot,House,5.0,6.0,"Citi Housing Society, Sialkot, Punjab"
1.50 Marla House For Sale In Hajipura,62.0 Lakh,6200000.0,1.5 Marla,1.5,https://www.zameen.com/Property/sialkot_hajipura_road_1_50_marla_house_for_sale_in_hajipura-50606041-6270-1.html,Sialkot,House,5.0,2.0,"Hajipura Road, Sialkot, Punjab"
10 Marla Luxury Prime Location House Available For Sale,4.25 Crore,42500000.0,10.0 Marla,10.0,https://www.zameen.com/Property/sialkot_citi_housing_society_10_marla_luxury_prime_location_house_available_for_sale-54504769-8221-1.html,Sialkot,House,5.0,6.0,"Citi Housing Society, Sialkot, Punjab"
1 Kanal Grey Structure House Prime Location Available for Sale .,5.5 Crore,55000000.0,1.0 Kanal,20.0,https://www.zameen.com/Property/sialkot_citi_housing_society_1_kanal_grey_structure_house_prime_location_available_for_sale-54011393-8221-1.html,Sialkot,House,5.0,7.0,"Citi Housing Society, Sialkot, Punjab"
30.5 Marla House For Sale Zafar Ali Road Double Barrier Cantt Sialkot  Urgent Sale Invester Rate,22.0 Crore,220000000.0,1.5 Kanal,30.0,https://www.zameen.com/Property/sialkot_cantt_30_5_marla_house_for_sale_zafar_ali_road_double_barrier_cantt_sialkot_urgent_sale_invester_rate-54035729-482-1.html,Sialkot,House,7.0,6.0,"Cantt, Sialkot, Punjab"
26 Marla Double Storey Grey Structure Ready House For Sale,11.8 Crore,118000000.0,1.3 Kanal,26.0,https://www.zameen.com/Property/chenab_rangers_road_kent_housing_scheme_26_marla_double_storey_grey_structure_ready_house_for_sale-53638795-14370-1.html,Sialkot,House,5.0,6.0,"Chenab Rangers Road, Sialkot, Punjab"
7 Marla Brand New House For Sale In Kent Block Diamond City,3.3 Crore,33000000.0,7.0 Marla,7.0,https://www.zameen.com/Property/ghalib_road_diamond_city_7_marla_brand_new_house_for_sale_in_kent_block_diamond_city-53699445-16537-1.html,Sialkot,House,5.0,6.0,"Ghalib Road, Sialkot, Punjab"
Brand New 5 Marla Luxury House for Sale in Al Noor Colony,2.3 Crore,23000000.0,5.0 Marla,5.0,https://www.zameen.com/Property/sialkot_chenab_rangers_road_brand_new_5_marla_luxury_house_for_sale_in_al_noor_colony-53940606-6259-1.html,Sialkot,House,4.0,5.0,"Chenab Rangers Road, Sialkot, Punjab"
3.25 Marla House for Sale in Defence Homes | Sui Gas Available | Near Mosque,1.75 Crore,17500000.0,3.0 Marla,3.0,https://www.zameen.com/Property/sialkot_defence_homes_society_3_25_marla_house_for_sale_in_defence_homes_sui_gas_available_near_mosque-54243695-6264-1.html,Sialkot,House,3.0,4.0,"Defence Homes Society, Sialkot, Punjab"
5 Marla Brand New House For Sale (AA-Extension). Facing Park.,1.85 Crore,18500000.0,5.0 Marla,5.0,https://www.zameen.com/Property/sialkot_citi_housing_society_5_marla_brand_new_house_for_sale_aa-extension_facing_park-52510643-8221-1.html,Sialkot,House,4.0,4.0,"Citi Housing Society, Sialkot, Punjab"
"5 Marla House for Sale in A Extension, Citi Housing Sialkot",2.1 Crore,21000000.0,5.0 Marla,5.0,https://www.zameen.com/Property/citi_housing_society_citi_housing_society_-_block_a_extension_5_marla_house_for_sale_in_a_extension_citi_housing_sialkot-53905529-16889-1.html,Sialkot,House,4.0,5.0,"Citi Housing Society, Sialkot, Punjab"
"5 Marla House For Sale In A Extension, Citi Housing Society, Sialkot",1.75 Crore,17500000.0,5.0 Marla,5.0,https://www.zameen.com/Property/citi_housing_society_citi_housing_society_-_block_a_extension_5_marla_house_for_sale_in_a_extension_citi_housing_society_sialkot-53759438-16889-1.html,Sialkot,House,4.0,4.0,"Citi Housing Society, Sialkot, Punjab"
Elegant 5 Marla House For Sale In Citi Housing Society. The Perfect Location & Exceptional Living,1.95 Crore,19500000.0,5.0 Marla,5.0,https://www.zameen.com/Property/sialkot_citi_housing_society_elegant_5_marla_house_for_sale_in_citi_housing_society_the_perfect_location_exceptional_living-53759217-8221-1.html,Sialkot,House,4.0,5.0,"Citi Housing Society, Sialkot, Punjab"
Buy 5 Marla House For Sale Block A Extension Best Location,1.95 Crore,19500000.0,5.0 Marla,5.0,https://www.zameen.com/Property/citi_housing_society_citi_housing_society_-_block_a_extension_buy_5_marla_house_for_sale_block_a_extension_best_location-53759429-16889-1.html,Sialkot,House,4.0,5.0,"Citi Housing Society, Sialkot, Punjab"
10 Marla House Available For Sale In Citi Housing Society Sialkot,3.25 Crore,32500000.0,10.0 Marla,10.0,https://www.zameen.com/Property/sialkot_citi_housing_society_10_marla_house_available_for_sale_in_citi_housing_society_sialkot-53764202-8221-1.html,Sialkot,House,5.0,6.0,"Citi Housing Society, Sialkot, Punjab"
5 Marla Beautiful House For Sale In Citi Housing Sialkot on 75 Feet Road,1.55 Crore,15500000.0,5.0 Marla,5.0,https://www.zameen.com/Property/sialkot_citi_housing_society_5_marla_beautiful_house_for_sale_in_citi_housing_sialkot_on_75_feet_road-53770150-8221-1.html,Sialkot,House,4.0,5.0,"Citi Housing Society, Sialkot, Punjab"
5 Marla House For Sale At Prime Location In Citi Housing Sialkot,2.5 Crore,25000000.0,5.0 Marla,5.0,https://www.zameen.com/Property/sialkot_citi_housing_society_-_block_b_5_marla_house_for_sale_at_prime_location_in_citi_housing_sialkot-53770197-14601-1.html,Sialkot,House,4.0,5.0,"Citi Housing Society, Sialkot, Punjab"
5 Marla Modern House For Sale At Prime Location In Citi Housing Sialkot,1.75 Crore,17500000.0,5.0 Marla,5.0,https://www.zameen.com/Property/sialkot_citi_housing_society_5_marla_modern_house_for_sale_at_prime_location_in_citi_housing_sialkot-53770229-8221-1.html,Sialkot,House,4.0,5.0,"Citi Housing Society, Sialkot, Punjab"
5 Marla Ultra Modern House Is For Sale At Beautiful Location Of Citi Housing Sialkot,1.95 Crore,19500000.0,5.0 Marla,5.0,https://www.zameen.com/Property/sialkot_citi_housing_society_5_marla_ultra_modern_house_is_for_sale_at_beautiful_location_of_citi_housing_sialkot-53770286-8221-1.html,Sialkot,House,3.0,4.0,"Citi Housing Society, Sialkot, Punjab"
10 Marla House For Sale In Citi Housing Sialkot,3.3 Crore,33000000.0,10.0 Marla,10.0,https://www.zameen.com/Property/sialkot_citi_housing_society_10_marla_house_for_sale_in_citi_housing_sialkot-53780520-8221-1.html,Sialkot,House,5.0,6.0,"Citi Housing Society, Sialkot, Punjab"
Lavish 10 Marla House For Sale In Citi Housing Society. A Perfect Blend Of Luxury & Comfort!,4.23 Crore,42300000.00000001,10.0 Marla,10.0,https://www.zameen.com/Property/sialkot_citi_housing_society_lavish_10_marla_house_for_sale_in_citi_housing_society_a_perfect_blend_of_luxury_comfort-53759246-8221-1.html,Sialkot,House,5.0,6.0,"Citi Housing Society, Sialkot, Punjab"
"5 Marla Facing Park Spanish House For Sale in A Extension, Citi Housing Sialkot",2.15 Crore,21500000.0,5.0 Marla,5.0,https://www.zameen.com/Property/citi_housing_society_citi_housing_society_-_block_a_extension_5_marla_facing_park_spanish_house_for_sale_in_a_extension_citi_housing_sialkot-53770329-16889-1.html,Sialkot,House,4.0,5.0,"Citi Housing Society, Sialkot, Punjab"
"5 Marla House For Sale In Block A, Near Theme Park, Citi Housing Sialkot",2.3 Crore,23000000.0,5.0 Marla,5.0,https://www.zameen.com/Property/citi_housing_society_citi_housing_society_-_block_a_5_marla_house_for_sale_in_block_a_near_theme_park_citi_housing_sialkot-53737893-14600-1.html,Sialkot,House,4.0,5.0,"Citi Housing Society, Sialkot, Punjab"
Luxurious 10 Marla House With Premium Construction & Modern Amenities,3.75 Crore,37500000.0,10.0 Marla,10.0,https://www.zameen.com/Property/sialkot_citi_housing_society_luxurious_10_marla_house_with_premium_construction_modern_amenities-53759224-8221-1.html,Sialkot,House,5.0,6.0,"Citi Housing Society, Sialkot, Punjab"
Exquisite 5 Marla House For Sale In Citi Housing Society A Masterpiece Of Modern,1.64 Crore,16399999.999999998,5.0 Marla,5.0,https://www.zameen.com/Property/sialkot_citi_housing_society_exquisite_5_marla_house_for_sale_in_citi_housing_society_a_masterpiece_of_modern-53759295-8221-1.html,Sialkot,House,4.0,5.0,"Citi Housing Society, Sialkot, Punjab"
5 Marla Designer House For Sale At Prime Location In Citi Housing Society,2.35 Crore,23500000.0,5.0 Marla,5.0,https://www.zameen.com/Property/sialkot_citi_housing_society_5_marla_designer_house_for_sale_at_prime_location_in_citi_housing_society-53759346-8221-1.html,Sialkot,House,4.0,4.0,"Citi Housing Society, Sialkot, Punjab"
5 Marla Beautiful House For Sale In Citi Housing Sialkot,1.85 Crore,18500000.0,5.0 Marla,5.0,https://www.zameen.com/Property/sialkot_citi_housing_society_5_marla_beautiful_house_for_sale_in_citi_housing_sialkot-53759386-8221-1.html,Sialkot,House,4.0,5.0,"Citi Housing Society, Sialkot, Punjab"
5 Marla House Available For sale In B extension Citi Housing Sialkot,2.5 Crore,25000000.0,5.0 Marla,5.0,https://www.zameen.com/Property/citi_housing_society_citi_housing_society_-_block_b_extension_5_marla_house_available_for_sale_in_b_extension_citi_housing_sialkot-53759408-16888-1.html,Sialkot,House,4.0,5.0,"Citi Housing Society, Sialkot, Punjab"
5 Marla Ultra Modren House For Sale At Prime Location In Citi Housing Sialkot Block B Ext,2.5 Crore,25000000.0,5.0 Marla,5.0,https://www.zameen.com/Property/sialkot_citi_housing_society_-_block_b_5_marla_ultra_modren_house_for_sale_at_prime_location_in_citi_housing_sialkot_block_b_ext-54487116-14601-1.html,Sialkot,House,4.0,5.0,"Citi Housing Society, Sialkot, Punjab"
10 Marla Spanish House For Sale At Prime Location Near Park In B Block Of Citi Housing Sialkot,4.4 Crore,44000000.0,10.0 Marla,10.0,https://www.zameen.com/Property/sialkot_citi_housing_society_-_block_b_10_marla_spanish_house_for_sale_at_prime_location_near_park_in_b_block_of_citi_housing_sialkot-54510901-14601-1.html,Sialkot,House,5.0,6.0,"Citi Housing Society, Sialkot, Punjab"
"5 Marla House For Sale In AA Extension - Citi Housing Society, Sialkot",1.88 Crore,18800000.0,5.0 Marla,5.0,https://www.zameen.com/Property/citi_housing_society_citi_housing_society_-_aa_extension_5_marla_house_for_sale_in_aa_extension_-_citi_housing_society_sialkot-54514033-22035-1.html,Sialkot,House,4.0,5.0,"Citi Housing Society, Sialkot, Punjab"
"6 Marla House for Sale, Ayyan Gardens Near Silk City",1.75 Crore,17500000.0,6.0 Marla,6.0,https://www.zameen.com/Property/sialkot_marala_road_6_marla_house_for_sale_ayyan_gardens_near_silk_city-54659707-6288-1.html,Sialkot,House,4.0,5.0,"Marala Road, Sialkot, Punjab"
5 Marla Modern Beautiful House Available For Sale.,2.22 Crore,22200000.000000004,5.0 Marla,5.0,https://www.zameen.com/Property/sialkot_citi_housing_society_5_marla_modern_beautiful_house_available_for_sale-54043379-8221-1.html,Sialkot,House,4.0,5.0,"Citi Housing Society, Sialkot, Punjab"
5.5 Marla Brand New Quality Construction House For Sale !,2.38 Crore,23800000.0,5.5 Marla,5.5,https://www.zameen.com/Property/sialkot_citi_housing_society_5_5_marla_brand_new_quality_construction_house_for_sale-54327346-8221-1.html,Sialkot,House,4.0,5.0,"Citi Housing Society, Sialkot, Punjab"
10 Marla Quality Construction House For Sale Prime Location.,4.25 Crore,42500000.0,10.0 Marla,10.0,https://www.zameen.com/Property/sialkot_citi_housing_society_10_marla_quality_construction_house_for_sale_prime_location-54494866-8221-1.html,Sialkot,House,5.0,6.0,"Citi Housing Society, Sialkot, Punjab"
10 Marla Ultra-Luxury Modern Villa For Sale In City Housing Sialkot (B-Block) With Park Facing And Double-Height Lobby,5.5 Crore,55000000.0,10.0 Marla,10.0,https://www.zameen.com/Property/sialkot_citi_housing_society_-_block_b_10_marla_ultra-luxury_modern_villa_for_sale_in_city_housing_sialkot_b-block_with_park_facing_and_double-height_lobby-54296416-14601-1.html,Sialkot,House,5.0,6.0,"Citi Housing Society, Sialkot, Punjab"
A Block 11 Marla Quality Construction House Available for Sale !,5.25 Crore,52500000.0,11.0 Marla,11.0,https://www.zameen.com/Property/sialkot_citi_housing_society_a_block_11_marla_quality_construction_house_available_for_sale-53801556-8221-1.html,Sialkot,House,6.0,6.0,"Citi Housing Society, Sialkot, Punjab"
10 Marla Luxury House Available For Sale,5.0 Crore,50000000.0,10.0 Marla,10.0,https://www.zameen.com/Property/ghalib_road_diamond_city_10_marla_luxury_house_available_for_sale-53445245-16537-1.html,Sialkot,House,5.0,4.0,"Ghalib Road, Sialkot, Punjab"
F-Block 10 Marla Brand New House For Sale,3.35 Crore,33500000.0,10.0 Marla,10.0,https://www.zameen.com/Property/sialkot_citi_housing_society_f-block_10_marla_brand_new_house_for_sale-52890870-8221-1.html,Sialkot,House,5.0,5.0,"Citi Housing Society, Sialkot, Punjab"
10 Marla Double Heighted House(G -Block),3.5 Crore,35000000.0,10.0 Marla,10.0,https://www.zameen.com/Property/sialkot_citi_housing_society_10_marla_double_heighted_house_g_-block-52601141-8221-1.html,Sialkot,House,5.0,5.0,"Citi Housing Society, Sialkot, Punjab"
AA-Extension 5 Marla Pair House For Sale,1.75 Crore,17500000.0,5.0 Marla,5.0,https://www.zameen.com/Property/sialkot_citi_housing_society_aa-extension_5_marla_pair_house_for_sale-54555347-8221-1.html,Sialkot,House,4.0,4.0,"Citi Housing Society, Sialkot, Punjab"
10 Marla House for Sale Citi Housing Sialkot,4.25 Crore,42500000.0,10.0 Marla,10.0,https://www.zameen.com/Property/sialkot_citi_housing_society_10_marla_house_for_sale_citi_housing_sialkot-54647499-8221-1.html,Sialkot,House,5.0,6.0,"Citi Housing Society, Sialkot, Punjab"
10 Marla Brand New Beautiful House For Sale Kent Housing Rangers Road Sialkot,5.25 Crore,52500000.0,10.0 Marla,10.0,https://www.zameen.com/Property/chenab_rangers_road_kent_housing_scheme_10_marla_brand_new_beautiful_house_for_sale_kent_housing_rangers_road_sialkot-54508097-14370-1.html,Sialkot,House,5.0,6.0,"Chenab Rangers Road, Sialkot, Punjab"
House For Sale Sialkot Cantt 7 Bedroom 6 Washroom Good Location In Cantt Main Road,50.0 Crore,500000000.0,2.0 Kanal,40.0,https://www.zameen.com/Property/sialkot_cantt_house_for_sale_sialkot_cantt_7_bedroom_6_washroom_good_location_in_cantt_main_road-52778816-482-1.html,Sialkot,House,7.0,6.0,"Cantt, Sialkot, Punjab"
10 Marla Brand New House Is Available For Sale,3.75 Crore,37500000.0,10.0 Marla,10.0,https://www.zameen.com/Property/citi_housing_society_citi_housing_society_-_block_a_extension_10_marla_brand_new_house_is_available_for_sale-54155696-16889-1.html,Sialkot,House,5.0,6.0,"Citi Housing Society, Sialkot, Punjab"
10 M Ultra Modern Design Luxuries House Available For Sale,5.25 Crore,52500000.0,10.0 Marla,10.0,https://www.zameen.com/Property/sialkot_citi_housing_society_-_block_b_10_m_ultra_modern_design_luxuries_house_available_for_sale-53583628-14601-1.html,Sialkot,House,4.0,5.0,"Citi Housing Society, Sialkot, Punjab"
5 MARLA BRAND NEW HOUSE AVAILABLE FOR SALE,1.8 Crore,18000000.0,5.0 Marla,5.0,https://www.zameen.com/Property/citi_housing_society_citi_housing_society_-_block_a_extension_5_marla_brand_new_house_available_for_sale-50225064-16889-1.html,Sialkot,House,3.0,4.0,"Citi Housing Society, Sialkot, Punjab"
3.5 Marla Brand New House Is Available For Sale In Khokhar Town Sialkot,1.5 Crore,15000000.0,3.5 Marla,3.5,https://www.zameen.com/Property/sialkot_khokhar_town_3_5_marla_brand_new_house_is_available_for_sale_in_khokhar_town_sialkot-54315542-935-1.html,Sialkot,House,4.0,4.0,"Khokhar Town, Sialkot, Punjab"
10 Marla Brand New House Is Available For Sale In City Housing Sialkot,2.9 Crore,29000000.0,10.0 Marla,10.0,https://www.zameen.com/Property/citi_housing_society_citi_housing_society_-_block_a_extension_10_marla_brand_new_house_is_available_for_sale_in_city_housing_sialkot-54082101-16889-1.html,Sialkot,House,5.0,6.0,"Citi Housing Society, Sialkot, Punjab"
5 Marla ultra Modern Luxury House Available For Sale On Main Boulevard Citi Housing Sialkot,2.4 Crore,24000000.0,5.0 Marla,5.0,https://www.zameen.com/Property/sialkot_citi_housing_society_5_marla_ultra_modern_luxury_house_available_for_sale_on_main_boulevard_citi_housing_sialkot-54533416-8221-1.html,Sialkot,House,3.0,4.0,"Citi Housing Society, Sialkot, Punjab"
"1 Kanal Owner Built, Modern Elevation, Decent Themed, House For Sale in Citi Housing Society",7.0 Crore,70000000.0,1.0 Kanal,20.0,https://www.zameen.com/Property/sialkot_citi_housing_society_1_kanal_owner_built_modern_elevation_decent_themed_house_for_sale_in_citi_housing_society-54463558-8221-1.html,Sialkot,House,3.0,4.0,"Citi Housing Society, Sialkot, Punjab"
Modern Brand New House For Sale,2.6 Crore,26000000.0,6.0 Marla,6.0,https://www.zameen.com/Property/ghalib_road_diamond_city_modern_brand_new_house_for_sale-54572508-16537-1.html,Sialkot,House,4.0,5.0,"Ghalib Road, Sialkot, Punjab"
5 Marla Modern House For Sale in Citi Housing Sialkot,2.1 Crore,21000000.0,5.0 Marla,5.0,https://www.zameen.com/Property/sialkot_citi_housing_society_5_marla_modern_house_for_sale_in_citi_housing_sialkot-53905580-8221-1.html,Sialkot,House,3.0,4.0,"Citi Housing Society, Sialkot, Punjab"
"10 Marla Luxury House For Sale In A Block, Citi Housing Sialkot",5.5 Crore,55000000.0,10.5 Marla,10.5,https://www.zameen.com/Property/citi_housing_society_citi_housing_society_-_block_a_10_marla_luxury_house_for_sale_in_a_block_citi_housing_sialkot-53905646-14600-1.html,Sialkot,House,5.0,6.0,"Citi Housing Society, Sialkot, Punjab"
7 Marla Modern House For Sale In Citi Housing Sialkot,3.25 Crore,32500000.0,7.0 Marla,7.0,https://www.zameen.com/Property/sialkot_citi_housing_society_7_marla_modern_house_for_sale_in_citi_housing_sialkot-54085204-8221-1.html,Sialkot,House,5.0,6.0,"Citi Housing Society, Sialkot, Punjab"
5 Marla Spanish House For Sale Near Facing Park In Citi Housing Sialkot,2.15 Crore,21500000.0,5.0 Marla,5.0,https://www.zameen.com/Property/citi_housing_society_citi_housing_society_-_block_a_extension_5_marla_spanish_house_for_sale_near_facing_park_in_citi_housing_sialkot-53905615-16889-1.html,Sialkot,House,4.0,5.0,"Citi Housing Society, Sialkot, Punjab"
"10 Marla House For Sale In B Block, Citi Housing Sialkot",4.45 Crore,44500000.0,10.0 Marla,10.0,https://www.zameen.com/Property/sialkot_citi_housing_society_-_block_b_10_marla_house_for_sale_in_b_block_citi_housing_sialkot-54085145-14601-1.html,Sialkot,House,5.0,6.0,"Citi Housing Society, Sialkot, Punjab"
10 Marla Luxury House For Sale In Citi Housing Sialkot,3.85 Crore,38500000.0,10.0 Marla,10.0,https://www.zameen.com/Property/sialkot_citi_housing_society_10_marla_luxury_house_for_sale_in_citi_housing_sialkot-54085181-8221-1.html,Sialkot,House,5.0,6.0,"Citi Housing Society, Sialkot, Punjab"
5 Marla House For Sale in A Extension - Citi Housing Sialkot,1.85 Crore,18500000.0,5.0 Marla,5.0,https://www.zameen.com/Property/citi_housing_society_citi_housing_society_-_block_a_extension_5_marla_house_for_sale_in_a_extension_-_citi_housing_sialkot-54514187-16889-1.html,Sialkot,House,4.0,5.0,"Citi Housing Society, Sialkot, Punjab"
5 Marla House For Sale In Block B - Citi Housing Sialkot,2.35 Crore,23500000.0,5.0 Marla,5.0,https://www.zameen.com/Property/sialkot_citi_housing_society_-_block_b_5_marla_house_for_sale_in_block_b_-_citi_housing_sialkot-54514200-14601-1.html,Sialkot,House,4.0,5.0,"Citi Housing Society, Sialkot, Punjab"
Double Store Beautiful House Available For Sale In Diamond City Phease 2,2.6 Crore,26000000.0,6.0 Marla,6.0,https://www.zameen.com/Property/ghalib_road_diamond_city_double_store_beautiful_house_available_for_sale_in_diamond_city_phease_2-54439109-16537-1.html,Sialkot,House,4.0,4.0,"Ghalib Road, Sialkot, Punjab"
Corner House for Sale 6 Marla,3.6 Crore,36000000.0,6.0 Marla,6.0,https://www.zameen.com/Property/sialkot_defence_homes_society_corner_house_for_sale_6_marla-54616886-6264-1.html,Sialkot,House,4.0,5.0,"Defence Homes Society, Sialkot, Punjab"
5 Marla House For Sale B-Extension,1.85 Crore,18500000.0,5.0 Marla,5.0,https://www.zameen.com/Property/sialkot_citi_housing_society_5_marla_house_for_sale_b-extension-54613108-8221-1.html,Sialkot,House,5.0,6.0,"Citi Housing Society, Sialkot, Punjab"
5 Marla House For Sale B-Extension,2.5 Crore,25000000.0,5.0 Marla,5.0,https://www.zameen.com/Property/sialkot_citi_housing_society_5_marla_house_for_sale_b-extension-54612971-8221-1.html,Sialkot,House,,,"Citi Housing Society, Sialkot, Punjab"
5 Marla Luxury House For Sale | AA-Extension,1.75 Crore,17500000.0,5.0 Marla,5.0,https://www.zameen.com/Property/sialkot_citi_housing_society_5_marla_luxury_house_for_sale_aa-extension-54555487-8221-1.html,Sialkot,House,4.0,4.0,"Citi Housing Society, Sialkot, Punjab"
5 Marla Luxury House For Sale | AA-Extension,1.75 Crore,17500000.0,5.0 Marla,5.0,https://www.zameen.com/Property/sialkot_citi_housing_society_5_marla_luxury_house_for_sale_aa-extension-54555511-8221-1.html,Sialkot,House,4.0,4.0,"Citi Housing Society, Sialkot, Punjab"
House For Sale At Capital Road Sialkot,2.0 Crore,20000000.0,4.0 Marla,4.0,https://www.zameen.com/Property/sialkot_capital_road_house_for_sale_at_capital_road_sialkot-54222627-21145-1.html,Sialkot,House,4.0,5.0,"Capital Road, Sialkot, Punjab"
House For Sale At Near Capital Road Sialkot,1.6 Crore,16000000.0,3.0 Marla,3.0,https://www.zameen.com/Property/sialkot_capital_road_house_for_sale_at_near_capital_road_sialkot-54232348-21145-1.html,Sialkot,House,4.0,3.0,"Capital Road, Sialkot, Punjab"
House For Sale At Near Capital Road Sialkot,1.5 Crore,15000000.0,3.0 Marla,3.0,https://www.zameen.com/Property/sialkot_capital_road_house_for_sale_at_near_capital_road_sialkot-54232363-21145-1.html,Sialkot,House,4.0,3.0,"Capital Road, Sialkot, Punjab"
House For Sale At Citi Housing Sialkot,1.95 Crore,19500000.0,5.0 Marla,5.0,https://www.zameen.com/Property/citi_housing_society_citi_housing_society_-_block_a_extension_house_for_sale_at_citi_housing_sialkot-54429910-16889-1.html,Sialkot,House,4.0,5.0,"Citi Housing Society, Sialkot, Punjab"
6 Marla Modern Spanish House For Sale In Diamond City Sialkot,2.85 Crore,28500000.0,6.0 Marla,6.0,https://www.zameen.com/Property/ghalib_road_diamond_city_6_marla_modern_spanish_house_for_sale_in_diamond_city_sialkot-54394282-16537-1.html,Sialkot,House,4.0,4.0,"Ghalib Road, Sialkot, Punjab"
"House For Sale In Rangpura Shamali, Sialkot",1.45 Crore,14500000.0,5.0 Marla,5.0,https://www.zameen.com/Property/sialkot_rangpura_road_house_for_sale_in_rangpura_shamali_sialkot-54576309-742-1.html,Sialkot,House,5.0,3.0,"Rangpura Road, Sialkot, Punjab"
10 Marla Ultra Modern House Available For Sale,3.85 Crore,38500000.0,10.0 Marla,10.0,https://www.zameen.com/Property/sialkot_citi_housing_society_10_marla_ultra_modern_house_available_for_sale-54001396-8221-1.html,Sialkot,House,6.0,6.0,"Citi Housing Society, Sialkot, Punjab"
10 Marla Quality Construction Pair House For Sale In Citi Housing,4.25 Crore,42500000.0,10.0 Marla,10.0,https://www.zameen.com/Property/sialkot_citi_housing_society_10_marla_quality_construction_pair_house_for_sale_in_citi_housing-54176370-8221-1.html,Sialkot,House,5.0,6.0,"Citi Housing Society, Sialkot, Punjab"
5 Marla House For Sale in Citi Housing Sialkot,1.9 Crore,19000000.0,5.0 Marla,5.0,https://www.zameen.com/Property/citi_housing_society_citi_housing_society_-_block_a_5_marla_house_for_sale_in_citi_housing_sialkot-53392494-14600-1.html,Sialkot,House,3.0,3.0,"Citi Housing Society, Sialkot, Punjab"
10 Marla House For Sale In B Block Citi Housing Sialkot,3.5 Crore,35000000.0,10.0 Marla,10.0,https://www.zameen.com/Property/sialkot_citi_housing_society_-_block_b_10_marla_house_for_sale_in_b_block_citi_housing_sialkot-54215381-14601-1.html,Sialkot,House,5.0,6.0,"Citi Housing Society, Sialkot, Punjab"
5 Marla Quality Construction House Available For Sale In B Block Citi Housing.,2.5 Crore,25000000.0,5.0 Marla,5.0,https://www.zameen.com/Property/sialkot_citi_housing_society_-_block_b_5_marla_quality_construction_house_available_for_sale_in_b_block_citi_housing-53704645-14601-1.html,Sialkot,House,5.0,6.0,"Citi Housing Society, Sialkot, Punjab"
5.5 Marla Corner Brand New Luxury House Is Available For Sale,2.5 Crore,25000000.0,5.5 Marla,5.5,https://www.zameen.com/Property/citi_housing_society_citi_housing_society_-_block_a_extension_5_5_marla_corner_brand_new_luxury_house_is_available_for_sale-54177078-16889-1.html,Sialkot,House,4.0,4.0,"Citi Housing Society, Sialkot, Punjab"
5 Marla Beautiful House For Sale In Citi Housing Sialkot Ready To Move,1.85 Crore,18500000.0,5.0 Marla,5.0,https://www.zameen.com/Property/sialkot_citi_housing_society_5_marla_beautiful_house_for_sale_in_citi_housing_sialkot_ready_to_move-54335760-8221-1.html,Sialkot,House,3.0,4.0,"Citi Housing Society, Sialkot, Punjab"
5 Marla Brand New Spanish Style Luxury House For Sale Citi Housing Sialkot,1.75 Crore,17500000.0,5.0 Marla,5.0,https://www.zameen.com/Property/sialkot_citi_housing_society_5_marla_brand_new_spanish_style_luxury_house_for_sale_citi_housing_sialkot-54335739-8221-1.html,Sialkot,House,3.0,4.0,"Citi Housing Society, Sialkot, Punjab"
Stunning 5 Marla Architectural Masterpiece Available House For Sale,1.95 Crore,19500000.0,5.0 Marla,5.0,https://www.zameen.com/Property/sialkot_citi_housing_society_stunning_5_marla_architectural_masterpiece_available_house_for_sale-54347025-8221-1.html,Sialkot,House,3.0,4.0,"Citi Housing Society, Sialkot, Punjab"
Brand New 5 Marla Double Storey House For Sale In Citi Housing Sialkot,1.75 Crore,17500000.0,5.0 Marla,5.0,https://www.zameen.com/Property/sialkot_citi_housing_society_brand_new_5_marla_double_storey_house_for_sale_in_citi_housing_sialkot-54335733-8221-1.html,Sialkot,House,3.0,4.0,"Citi Housing Society, Sialkot, Punjab"
5 Marla House For Sale Hot Location Citi Housing Sialkot,1.95 Crore,19500000.0,5.0 Marla,5.0,https://www.zameen.com/Property/sialkot_citi_housing_society_5_marla_house_for_sale_hot_location_citi_housing_sialkot-54347031-8221-1.html,Sialkot,House,3.0,4.0,"Citi Housing Society, Sialkot, Punjab"
5 Marla Solid Construction House For Sale In Citi Housing Sialkot,2.1 Crore,21000000.0,5.0 Marla,5.0,https://www.zameen.com/Property/sialkot_citi_housing_society_5_marla_solid_construction_house_for_sale_in_citi_housing_sialkot-54347034-8221-1.html,Sialkot,House,3.0,4.0,"Citi Housing Society, Sialkot, Punjab"
5 Marla Excellent Investment House For Sale In Citi Housing Sialkot,2.1 Crore,21000000.0,5.0 Marla,5.0,https://www.zameen.com/Property/sialkot_citi_housing_society_5_marla_excellent_investment_house_for_sale_in_citi_housing_sialkot-54347035-8221-1.html,Sialkot,House,3.0,4.0,"Citi Housing Society, Sialkot, Punjab"
AA-Extension 5 Marla Pair House for Sale,1.75 Crore,17500000.0,5.0 Marla,5.0,https://www.zameen.com/Property/sialkot_citi_housing_society_aa-extension_5_marla_pair_house_for_sale-54555443-8221-1.html,Sialkot,House,4.0,4.0,"Citi Housing Society, Sialkot, Punjab"
5 Marla Ultra Modern Luxury House Available For Sale In B Block Citi Housing Sialkot,2.45 Crore,24500000.0,5.0 Marla,5.0,https://www.zameen.com/Property/sialkot_citi_housing_society_5_marla_ultra_modern_luxury_house_available_for_sale_in_b_block_citi_housing_sialkot-54533385-8221-1.html,Sialkot,House,4.0,5.0,"Citi Housing Society, Sialkot, Punjab"
10 Marla Luxury House Available For Sale with Basement in Citi Housing Sialkot,6.0 Crore,60000000.0,10.0 Marla,10.0,https://www.zameen.com/Property/citi_housing_society_citi_housing_society_-_block_a_10_marla_luxury_house_available_for_sale_with_basement_in_citi_housing_sialkot-53875184-14600-1.html,Sialkot,House,5.0,6.0,"Citi Housing Society, Sialkot, Punjab"
House For Sale In Diamond City Main Boulevard,5.1 Crore,51000000.0,10.0 Marla,10.0,https://www.zameen.com/Property/ghalib_road_diamond_city_house_for_sale_in_diamond_city_main_boulevard-53618767-16537-1.html,Sialkot,House,5.0,5.0,"Ghalib Road, Sialkot, Punjab"
5 Marla Beautiful House For Sale in Citi Housing,1.95 Crore,19500000.0,5.0 Marla,5.0,https://www.zameen.com/Property/sialkot_citi_housing_society_5_marla_beautiful_house_for_sale_in_citi_housing-54524536-8221-1.html,Sialkot,House,4.0,5.0,"Citi Housing Society, Sialkot, Punjab"
House Is Available For Sale In Citi Housing Society,1.9 Crore,19000000.0,5.0 Marla,5.0,https://www.zameen.com/Property/sialkot_citi_housing_society_house_is_available_for_sale_in_citi_housing_society-49672648-8221-1.html,Sialkot,House,4.0,5.0,"Citi Housing Society, Sialkot, Punjab"
5 Marla Modern Quality Construction House For Sale !,2.35 Crore,23500000.0,5.0 Marla,5.0,https://www.zameen.com/Property/sialkot_citi_housing_society_5_marla_modern_quality_construction_house_for_sale-54474411-8221-1.html,Sialkot,House,4.0,4.0,"Citi Housing Society, Sialkot, Punjab"
10 Marla House Up For Sale In Citi Housing Society,4.6 Crore,46000000.0,10.0 Marla,10.0,https://www.zameen.com/Property/sialkot_citi_housing_society_10_marla_house_up_for_sale_in_citi_housing_society-51109723-8221-1.html,Sialkot,House,5.0,5.0,"Citi Housing Society, Sialkot, Punjab"
5 Marla Luxury House Available For Sale in Citi Housing Sialkot,1.99 Crore,19900000.0,5.0 Marla,5.0,https://www.zameen.com/Property/sialkot_citi_housing_society_5_marla_luxury_house_available_for_sale_in_citi_housing_sialkot-54109083-8221-1.html,Sialkot,House,3.0,4.0,"Citi Housing Society, Sialkot, Punjab"
7 Marla Under Construction single story House For Sale In   Nishat Garden Boundary Wall Project At Most Attractive Location Reasonable Demand.,90.0 Lakh,9000000.0,7.0 Marla,7.0,https://www.zameen.com/Property/sialkot_sambrial_7_marla_under_construction_single_story_house_for_sale_in_nishat_garden_boundary_wall_project_at_most_attractive_location_reasonable_demand-54080467-940-1.html,Sialkot,House,3.0,3.0,"Sambrial, Sialkot, Punjab"
"Presenting A Masterpiece Of Modern Architecture And Premium Craftsmanship, This Brand-New 10 Marla Bungalow Is Located In The Highly Prestigious Location Of Dar-Us-Salam, Sambrial",3.3 Crore,33000000.0,10.0 Marla,10.0,https://www.zameen.com/Property/sialkot_sambrial_presenting_a_masterpiece_of_modern_architecture_and_premium_craftsmanship_this_brand-new_10_marla_bungalow_is_located_in_the_highly_prestigious_location_of_dar-us-salam_sambrial-54220031-940-1.html,Sialkot,House,6.0,5.0,"Sambrial, Sialkot, Punjab"
7 Marla Brand New House For Sale In Safe City Sambrial Boundary Wall Project All Facilities Available At Most Attractive Location,2.5 Crore,25000000.0,7.0 Marla,7.0,https://www.zameen.com/Property/sialkot_sambrial_7_marla_brand_new_house_for_sale_in_safe_city_sambrial_boundary_wall_project_all_facilities_available_at_most_attractive_location-54145838-940-1.html,Sialkot,House,6.0,6.0,"Sambrial, Sialkot, Punjab"
New Furnished Spanish House,13.5 Crore,135000000.0,1.0 Kanal,20.0,https://www.zameen.com/Property/sialkot_citi_housing_society_-_block_b_new_furnished_spanish_house-54480140-14601-1.html,Sialkot,House,6.0,6.0,"Citi Housing Society, Sialkot, Punjab"
Brand New Full Furnished House Available For Sell In Citi Housing Sialkot In Prime Location A. Ext Block,1.89 Crore,18900000.0,5.0 Marla,5.0,https://www.zameen.com/Property/citi_housing_society_citi_housing_society_-_block_a_extension_brand_new_full_furnished_house_available_for_sell_in_citi_housing_sialkot_in_prime_location_a_ext_block-53629756-16889-1.html,Sialkot,House,4.0,4.0,"Citi Housing Society, Sialkot, Punjab"
3.5 Marla Modern New House For Sale Rizwan Colony Link Capital Road Sialkot,1.85 Crore,18500000.0,3.5 Marla,3.5,https://www.zameen.com/Property/sialkot_capital_road_3_5_marla_modern_new_house_for_sale_rizwan_colony_link_capital_road_sialkot-54283470-21145-1.html,Sialkot,House,4.0,4.0,"Capital Road, Sialkot, Punjab"
4 Marla (272) New House For Sale Hadi Town Near Defence Road Shahabpura Sialkot,2.2 Crore,22000000.0,4.0 Marla,4.0,https://www.zameen.com/Property/sialkot_hadi_town_4_marla_272_new_house_for_sale_hadi_town_near_defence_road_shahabpura_sialkot-54293077-1282-1.html,Sialkot,House,4.0,4.0,"Hadi Town, Sialkot, Punjab"
6 Marla House For Sale Diamond City Nearby V Mall Cantt Sialkot,2.6 Crore,26000000.0,6.0 Marla,6.0,https://www.zameen.com/Property/ghalib_road_diamond_city_6_marla_house_for_sale_diamond_city_nearby_v_mall_cantt_sialkot-54100917-16537-1.html,Sialkot,House,4.0,4.0,"Ghalib Road, Sialkot, Punjab"
5 Marla Modern House For Sale City Villas Near Imtaiz Mall Sialkot,3.3 Crore,33000000.0,5.0 Marla,5.0,https://www.zameen.com/Property/wazirabad_road_city_villas_5_marla_modern_house_for_sale_city_villas_near_imtaiz_mall_sialkot-54100867-13357-1.html,Sialkot,House,4.0,5.0,"Wazirabad Road, Sialkot, Punjab"
6 Marla New House For Sale City Villas Near Imtaiz Mall Sialkot,3.9 Crore,39000000.0,6.0 Marla,6.0,https://www.zameen.com/Property/wazirabad_road_city_villas_6_marla_new_house_for_sale_city_villas_near_imtaiz_mall_sialkot-54100857-13357-1.html,Sialkot,House,5.0,5.0,"Wazirabad Road, Sialkot, Punjab"
6 Marla New Spanish Morden House For Sale Phase 1 Diamond City Near V Mall Cantt Sialkot,3.1 Crore,31000000.0,6.0 Marla,6.0,https://www.zameen.com/Property/ghalib_road_diamond_city_6_marla_new_spanish_morden_house_for_sale_phase_1_diamond_city_near_v_mall_cantt_sialkot-54087862-16537-1.html,Sialkot,House,4.0,5.0,"Ghalib Road, Sialkot, Punjab"
10 Marla Spanish Modern House For Sale Main Boulevard Road Diamond City Near V Mall Cantt Sialkot,5.2 Crore,52000000.0,10.0 Marla,10.0,https://www.zameen.com/Property/ghalib_road_diamond_city_10_marla_spanish_modern_house_for_sale_main_boulevard_road_diamond_city_near_v_mall_cantt_sialkot-54082779-16537-1.html,Sialkot,House,5.0,7.0,"Ghalib Road, Sialkot, Punjab"
3.5 Marla House For Sale Rizwan Colony Link Capital Road Nearby Back Side Model Town Sialkot,1.6 Crore,16000000.0,3.5 Marla,3.5,https://www.zameen.com/Property/sialkot_capital_road_3_5_marla_house_for_sale_rizwan_colony_link_capital_road_nearby_back_side_model_town_sialkot-54026404-21145-1.html,Sialkot,House,4.0,4.0,"Capital Road, Sialkot, Punjab"
6 Marla Spanish Morden New House For Sale Phase 1 Diamond City Near V Mall Cantt Sialkot,3.05 Crore,30500000.0,6.0 Marla,6.0,https://www.zameen.com/Property/ghalib_road_diamond_city_6_marla_spanish_morden_new_house_for_sale_phase_1_diamond_city_near_v_mall_cantt_sialkot-53915283-16537-1.html,Sialkot,House,4.0,5.0,"Ghalib Road, Sialkot, Punjab"
5 Marla Luxury House Available For Sale in A ext Citi housing Sialkot,1.95 Crore,19500000.0,5.0 Marla,5.0,https://www.zameen.com/Property/sialkot_citi_housing_society_5_marla_luxury_house_available_for_sale_in_a_ext_citi_housing_sialkot-54157337-8221-1.html,Sialkot,House,4.0,5.0,"Citi Housing Society, Sialkot, Punjab"
10 Marla Luxury Ultra Modern House Available For Sale in Citi Housing Sialkot,3.85 Crore,38500000.0,10.0 Marla,10.0,https://www.zameen.com/Property/sialkot_citi_housing_society_10_marla_luxury_ultra_modern_house_available_for_sale_in_citi_housing_sialkot-54000828-8221-1.html,Sialkot,House,5.0,6.0,"Citi Housing Society, Sialkot, Punjab"
6.25 Marla Ultra Modern Luxry House For Sale In Diamond City Phase 1,3.2 Crore,32000000.0,6.2 Marla,6.2,https://www.zameen.com/Property/ghalib_road_diamond_city_6_25_marla_ultra_modern_luxry_house_for_sale_in_diamond_city_phase_1-54442742-16537-1.html,Sialkot,House,4.0,4.0,"Ghalib Road, Sialkot, Punjab"
Brand New House Available For Sale,2.25 Crore,22500000.0,5.0 Marla,5.0,https://www.zameen.com/Property/citi_housing_society_citi_housing_society_-_block_a_brand_new_house_available_for_sale-53608580-14600-1.html,Sialkot,House,4.0,4.0,"Citi Housing Society, Sialkot, Punjab"
"1.5 Marla New Double Storey Corner House At CHEEMA CHOWK, HASSANPURA Near Model Town Capital Road For Sale",78.0 Lakh,7800000.0,1.5 Marla,1.5,https://www.zameen.com/Property/sialkot_capital_road_1_5_marla_new_double_storey_corner_house_at_cheema_chowk_hassanpura_near_model_town_capital_road_for_sale-46494078-21145-1.html,Sialkot,House,3.0,2.0,"Capital Road, Sialkot, Punjab"
5 Marla Brand New House For Sale In Citi Housing Sialkot,1.75 Crore,17500000.0,5.0 Marla,5.0,https://www.zameen.com/Property/sialkot_citi_housing_society_5_marla_brand_new_house_for_sale_in_citi_housing_sialkot-44937629-8221-1.html,Sialkot,House,4.0,5.0,"Citi Housing Society, Sialkot, Punjab"
5 MARLA BRAND NEW HOUSE AVAILABLE FOR SALE,1.75 Crore,17500000.0,5.0 Marla,5.0,https://www.zameen.com/Property/sialkot_citi_housing_society_5_marla_brand_new_house_available_for_sale-52727850-8221-1.html,Sialkot,House,4.0,4.0,"Citi Housing Society, Sialkot, Punjab"
10 MARLA BRAND NEW HOUSE AVAILABLE FOR SALE IN CITY HOUSING SOCIETY,3.0 Crore,30000000.0,10.0 Marla,10.0,https://www.zameen.com/Property/sialkot_citi_housing_society_10_marla_brand_new_house_available_for_sale_in_city_housing_society-52727904-8221-1.html,Sialkot,House,5.0,6.0,"Citi Housing Society, Sialkot, Punjab"
B Block Facing Park 10 Marla House,5.5 Crore,55000000.0,10.0 Marla,10.0,https://www.zameen.com/Property/sialkot_citi_housing_society_b_block_facing_park_10_marla_house-54488880-8221-1.html,Sialkot,House,5.0,6.0,"Citi Housing Society, Sialkot, Punjab"
4 Marla New House For Sale Rizwan Colony Link Capital Road Sialkot,2.0 Crore,20000000.0,4.0 Marla,4.0,https://www.zameen.com/Property/sialkot_capital_road_4_marla_new_house_for_sale_rizwan_colony_link_capital_road_sialkot-54488238-21145-1.html,Sialkot,House,4.0,4.0,"Capital Road, Sialkot, Punjab"
10 Marla Brand New House C Block For Sale,4.5 Crore,45000000.0,10.0 Marla,10.0,https://www.zameen.com/Property/sialkot_citi_housing_society_10_marla_brand_new_house_c_block_for_sale-54368629-8221-1.html,Sialkot,House,5.0,5.0,"Citi Housing Society, Sialkot, Punjab"
5 Marla Beautiful House For Sale,1.55 Crore,15500000.0,5.0 Marla,5.0,https://www.zameen.com/Property/sialkot_akberabad_5_marla_beautiful_house_for_sale-54473263-6246-1.html,Sialkot,House,5.0,4.0,"Akberabad, Sialkot, Punjab"
5 Marla (272) House For Sale Near Kashmir Road Sialkot,2.8 Crore,28000000.0,5.0 Marla,5.0,https://www.zameen.com/Property/sialkot_kashmir_road_5_marla_272_house_for_sale_near_kashmir_road_sialkot-54464201-6278-1.html,Sialkot,House,4.0,5.0,"Kashmir Road, Sialkot, Punjab"
10 Marla House For Sale Canal City Ugoke Wazirabad Road Sialkot,4.5 Crore,45000000.0,10.0 Marla,10.0,https://www.zameen.com/Property/wazirabad_road_canal_city_housing_society_10_marla_house_for_sale_canal_city_ugoke_wazirabad_road_sialkot-54441739-14368-1.html,Sialkot,House,5.0,6.0,"Wazirabad Road, Sialkot, Punjab"
5 Marla Double Heightit House For Sale Citi Housing Sialkot,2.5 Crore,25000000.0,5.0 Marla,5.0,https://www.zameen.com/Property/citi_housing_society_citi_housing_society_-_block_b_extension_5_marla_double_heightit_house_for_sale_citi_housing_sialkot-54441607-16888-1.html,Sialkot,House,4.0,4.0,"Citi Housing Society, Sialkot, Punjab"
Investor Rate 5 Marla House For Sale Rizwan Colony Link Capital Road Sialkot,2.3 Crore,23000000.0,5.0 Marla,5.0,https://www.zameen.com/Property/sialkot_capital_road_investor_rate_5_marla_house_for_sale_rizwan_colony_link_capital_road_sialkot-54441571-21145-1.html,Sialkot,House,4.0,5.0,"Capital Road, Sialkot, Punjab"
3 Marla House For Sale Bounkan Muradpur Sialkot,1.1 Crore,11000000.0,3.0 Marla,3.0,https://www.zameen.com/Property/sialkot_muradpur_3_marla_house_for_sale_bounkan_muradpur_sialkot-54441532-10892-1.html,Sialkot,House,3.0,4.0,"Muradpur, Sialkot, Punjab"
4 Marla Corner House For Sale Rizwan Colony Link Capital Road Sialkot,1.85 Crore,18500000.0,4.0 Marla,4.0,https://www.zameen.com/Property/sialkot_capital_road_4_marla_corner_house_for_sale_rizwan_colony_link_capital_road_sialkot-54283449-21145-1.html,Sialkot,House,4.0,4.0,"Capital Road, Sialkot, Punjab"
5 Marla (272) Double Storey House For Sale Boota Road Near Fatima School Pakka Garha Near Kashmir Road Sialkot,2.8 Crore,28000000.0,5.0 Marla,5.0,https://www.zameen.com/Property/sialkot_kashmir_road_5_marla_272_double_storey_house_for_sale_boota_road_near_fatima_school_pakka_garha_near_kashmir_road_sialkot-54106418-6278-1.html,Sialkot,House,5.0,6.0,"Kashmir Road, Sialkot, Punjab"
21 Marla New 2 Storey Beautiful House At MODEL TOWN For Sale,15.0 Crore,150000000.0,1.0 Kanal,20.0,https://www.zameen.com/Property/sialkot_model_town_coop_housing_society_21_marla_new_2_storey_beautiful_house_at_model_town_for_sale-47305800-1284-1.html,Sialkot,House,11.0,6.0,"Model Town Coop Housing Society, Sialkot, Punjab"
6 Marla Grey Structure House For Sale Mb Villas Near Kashmir Road Sialkot,1.95 Crore,19500000.0,6.0 Marla,6.0,https://www.zameen.com/Property/sialkot_kashmir_road_6_marla_grey_structure_house_for_sale_mb_villas_near_kashmir_road_sialkot-54441650-6278-1.html,Sialkot,House,4.0,4.0,"Kashmir Road, Sialkot, Punjab"
10 Marla Brand New House Available For Sale,4.1 Crore,41000000.0,10.0 Marla,10.0,https://www.zameen.com/Property/sialkot_citi_housing_society_10_marla_brand_new_house_available_for_sale-52510649-8221-1.html,Sialkot,House,5.0,6.0,"Citi Housing Society, Sialkot, Punjab"
You Can Find A Gorgeous House For Sale In Citi Housing Society,1.9 Crore,19000000.0,5.0 Marla,5.0,https://www.zameen.com/Property/sialkot_citi_housing_society_you_can_find_a_gorgeous_house_for_sale_in_citi_housing_society-50974881-8221-1.html,Sialkot,House,3.0,3.0,"Citi Housing Society, Sialkot, Punjab"
Brand New House Available For Sell Prime Location A Block Citi Housing Sialkot Reasonable Price,2.35 Crore,23500000.0,5.0 Marla,5.0,https://www.zameen.com/Property/citi_housing_society_citi_housing_society_-_block_a_brand_new_house_available_for_sell_prime_location_a_block_citi_housing_sialkot_reasonable_price-54167528-14600-1.html,Sialkot,House,4.0,4.0,"Citi Housing Society, Sialkot, Punjab"
"Askari 2, Sector B, North Open, Near Park",7.7 Crore,77000000.0,10.7 Marla,10.7,https://www.zameen.com/Property/sialkot_askari_2_askari_2_sector_b_north_open_near_park-52823880-1334-1.html,Sialkot,House,4.0,5.0,"Askari 2, Sialkot, Punjab"
5 Marla House For Sale A Ext Facing Park,1.75 Crore,17500000.0,5.0 Marla,5.0,https://www.zameen.com/Property/sialkot_citi_housing_society_5_marla_house_for_sale_a_ext_facing_park-54613021-8221-1.html,Sialkot,House,4.0,3.0,"Citi Housing Society, Sialkot, Punjab"
House For Sale At Diamond City Sialkot,4.1 Crore,41000000.0,9.0 Marla,9.0,https://www.zameen.com/Property/ghalib_road_diamond_city_house_for_sale_at_diamond_city_sialkot-54235837-16537-1.html,Sialkot,House,5.0,6.0,"Ghalib Road, Sialkot, Punjab"
Double Heighted 10 Marla House B-Block,5.5 Crore,55000000.0,10.0 Marla,10.0,https://www.zameen.com/Property/sialkot_citi_housing_society_-_block_b_double_heighted_10_marla_house_b-block-54537181-14601-1.html,Sialkot,House,5.0,6.0,"Citi Housing Society, Sialkot, Punjab"
5 Marla Luxury House Available For Sale in B Block Citi Housing Sialkot,2.5 Crore,25000000.0,5.0 Marla,5.0,https://www.zameen.com/Property/sialkot_citi_housing_society_5_marla_luxury_house_available_for_sale_in_b_block_citi_housing_sialkot-53788600-8221-1.html,Sialkot,House,4.0,5.0,"Citi Housing Society, Sialkot, Punjab"
5 Marla House Is Available Reasonable Price In A Extension Citi Housing Sialkot,1.7 Crore,17000000.0,5.0 Marla,5.0,https://www.zameen.com/Property/citi_housing_society_citi_housing_society_-_block_a_extension_5_marla_house_is_available_reasonable_price_in_a_extension_citi_housing_sialkot-54253008-16889-1.html,Sialkot,House,4.0,4.0,"Citi Housing Society, Sialkot, Punjab"
10 Marla Triple Storey House For Sale Main Boulevard Road City Villas Near Imtaiz Mall Sialkot,5.75 Crore,57500000.0,10.0 Marla,10.0,https://www.zameen.com/Property/wazirabad_road_city_villas_10_marla_triple_storey_house_for_sale_main_boulevard_road_city_villas_near_imtaiz_mall_sialkot-54100927-13357-1.html,Sialkot,House,6.0,7.0,"Wazirabad Road, Sialkot, Punjab"
2 Marla New 2 Storey Beautiful House In SHER PURA Near TALWARA MUGHLAN For Sale,58.0 Lakh,5800000.0,2.0 Marla,2.0,https://www.zameen.com/Property/sialkot_talwara_mughlan_2_marla_new_2_storey_beautiful_house_in_sher_pura_near_talwara_mughlan_for_sale-51150880-6303-1.html,Sialkot,House,3.0,2.0,"Talwara Mughlan, Sialkot, Punjab"
A Well Designed House Is Up For Sale In An Ideal Location In Noorpura,1.35 Crore,13500000.0,3.0 Marla,3.0,https://www.zameen.com/Property/sialkot_noorpura_a_well_designed_house_is_up_for_sale_in_an_ideal_location_in_noorpura-49327183-6294-1.html,Sialkot,House,4.0,3.0,"Noorpura, Sialkot, Punjab"
"5 Marla New Double Beautiful House At RIZWAN TOWN, BOOTA ROAD, Near Model Town, Capital Road 4 Sale",1.95 Crore,19500000.0,5.0 Marla,5.0,https://www.zameen.com/Property/sialkot_dinpura_5_marla_new_double_beautiful_house_at_rizwan_town_boota_road_near_model_town_capital_road_4_sale-47305844-6265-1.html,Sialkot,House,6.0,4.0,"Dinpura, Sialkot, Punjab"
Aesthetic House Of 10 Marla For Sale Is Available,7.5 Crore,75000000.0,10.0 Marla,10.0,https://www.zameen.com/Property/sialkot_mag_town_aesthetic_house_of_10_marla_for_sale_is_available-46717983-6285-1.html,Sialkot,House,6.0,4.0,"Mag Town, Sialkot, Punjab"
Double Story House,2.9 Crore,29000000.0,6.0 Marla,6.0,https://www.zameen.com/Property/jammu_road_sunfort_defense_villas_double_story_house-54546286-20273-1.html,Sialkot,House,4.0,5.0,"Jammu Road, Sialkot, Punjab"
5 Marla Villa is Available for Sale A Extension Citi Housing Sialkot,1.95 Crore,19500000.0,5.0 Marla,5.0,https://www.zameen.com/Property/citi_housing_society_citi_housing_society_-_block_a_extension_5_marla_villa_is_available_for_sale_a_extension_citi_housing_sialkot-54252972-16889-1.html,Sialkot,House,4.0,4.0,"Citi Housing Society, Sialkot, Punjab"
4 Marla House For Sale City Villas Near Imtaiz Mall Sialkot,2.7 Crore,27000000.0,4.0 Marla,4.0,https://www.zameen.com/Property/wazirabad_road_city_villas_4_marla_house_for_sale_city_villas_near_imtaiz_mall_sialkot-54273321-13357-1.html,Sialkot,House,3.0,4.0,"Wazirabad Road, Sialkot, Punjab"
"2 Marla New Single Storey House 4 Sale At TOWER Street Near Model Town, Capital Road, Cheema Chowk",48.0 Lakh,4800000.0,2.0 Marla,2.0,https://www.zameen.com/Property/sialkot_capital_road_2_marla_new_single_storey_house_4_sale_at_tower_street_near_model_town_capital_road_cheema_chowk-46494277-21145-1.html,Sialkot,House,2.0,2.0,"Capital Road, Sialkot, Punjab"
2 Marla New Beautiful House For Sale T HAJIPURA Bogra,85.0 Lakh,8500000.0,2.0 Marla,2.0,https://www.zameen.com/Property/sialkot_eimanabad_road_2_marla_new_beautiful_house_for_sale_t_hajipura_bogra-51173487-20834-1.html,Sialkot,House,4.0,2.0,"Eimanabad Road, Sialkot, Punjab"
2.5 Marla Beautiful House For Sale At GOHADPUR Back Side Islamia School,95.0 Lakh,9500000.0,2.5 Marla,2.5,https://www.zameen.com/Property/sialkot_gohadpur_2_5_marla_beautiful_house_for_sale_at_gohadpur_back_side_islamia_school-49581929-20769-1.html,Sialkot,House,4.0,3.0,"Gohadpur, Sialkot, Punjab"
3 Marla New Double Storey Beautiful House At MURADPUR Near Sona Bread Street 4 Sale,1.15 Crore,11500000.0,3.0 Marla,3.0,https://www.zameen.com/Property/sialkot_muradpur_3_marla_new_double_storey_beautiful_house_at_muradpur_near_sona_bread_street_4_sale-51150803-10892-1.html,Sialkot,House,5.0,3.0,"Muradpur, Sialkot, Punjab"
3 Marla New Double Storey Beautiful House At SAHAB TOWN Near Defence Road For Sale,1.25 Crore,12500000.0,3.0 Marla,3.0,https://www.zameen.com/Property/sialkot_defence_road_3_marla_new_double_storey_beautiful_house_at_sahab_town_near_defence_road_for_sale-49878197-6263-1.html,Sialkot,House,4.0,3.0,"Defence Road, Sialkot, Punjab"
"3 Marla New Double STOREY House At HAMZA GHOUS Colony Near Gulshan Town, Pasrur Road 4 Sale",1.35 Crore,13500000.0,3.0 Marla,3.0,https://www.zameen.com/Property/sialkot_pasrur_road_3_marla_new_double_storey_house_at_hamza_ghous_colony_near_gulshan_town_pasrur_road_4_sale-50766184-1416-1.html,Sialkot,House,4.0,3.0,"Pasrur Road, Sialkot, Punjab"
5 Marla New Double Storey Beautiful House 4 Sale At CITI HOUSING (G Block) Near Daska Road,1.65 Crore,16500000.0,5.0 Marla,5.0,https://www.zameen.com/Property/citi_housing_society_citi_housing_society_-_block_a_extension_5_marla_new_double_storey_beautiful_house_4_sale_at_citi_housing_g_block_near_daska_road-51392046-16889-1.html,Sialkot,House,5.0,4.0,"Citi Housing Society, Sialkot, Punjab"
"10 Marla Double Storey House 4 Sale At FEROZPURA Near KHADIM ALI ROAD, Opposite Model Town",4.5 Crore,45000000.0,10.0 Marla,10.0,https://www.zameen.com/Property/sialkot_khadim_ali_road_10_marla_double_storey_house_4_sale_at_ferozpura_near_khadim_ali_road_opposite_model_town-54495699-6280-1.html,Sialkot,House,5.0,5.0,"Khadim Ali Road, Sialkot, Punjab"
7 MARLA HOUSE FOR SALE IN MODEL TOWN (KHADIM ALI ROAD) SIALKOT,7.75 Crore,77500000.0,7.0 Marla,7.0,https://www.zameen.com/Property/ugoki_model_town_ugoki_7_marla_house_for_sale_in_model_town_khadim_ali_road_sialkot-54472522-22467-1.html,Sialkot,House,4.0,4.0,"Ugoki, Sialkot, Punjab"
3 Marla House For Sale Rizwan Colony Link Capital Road Sialkot,1.35 Crore,13500000.0,3.0 Marla,3.0,https://www.zameen.com/Property/sialkot_capital_road_3_marla_house_for_sale_rizwan_colony_link_capital_road_sialkot-54441546-21145-1.html,Sialkot,House,3.0,3.0,"Capital Road, Sialkot, Punjab"
Beautiful Double Storey House Available For Sale In Diamond City Phease 1,2.65 Crore,26500000.0,6.0 Marla,6.0,https://www.zameen.com/Property/ghalib_road_diamond_city_beautiful_double_storey_house_available_for_sale_in_diamond_city_phease_1-54337227-16537-1.html,Sialkot,House,4.0,4.0,"Ghalib Road, Sialkot, Punjab"
Beautiful Double Storey House Available For Sale In Alnoor Town Near Vmall Cantt,2.15 Crore,21500000.0,5.0 Marla,5.0,https://www.zameen.com/Property/sialkot_chenab_rangers_road_beautiful_double_storey_house_available_for_sale_in_alnoor_town_near_vmall_cantt-54439042-6259-1.html,Sialkot,House,4.0,5.0,"Chenab Rangers Road, Sialkot, Punjab"
House For Sale At Diamond City Sialkot,2.6 Crore,26000000.0,6.0 Marla,6.0,https://www.zameen.com/Property/ghalib_road_diamond_city_house_for_sale_at_diamond_city_sialkot-54108680-16537-1.html,Sialkot,House,4.0,5.0,"Ghalib Road, Sialkot, Punjab"
House For Sale At Diamond City Sialkot,4.85 Crore,48500000.0,10.0 Marla,10.0,https://www.zameen.com/Property/ghalib_road_diamond_city_house_for_sale_at_diamond_city_sialkot-54108729-16537-1.html,Sialkot,House,5.0,6.0,"Ghalib Road, Sialkot, Punjab"
House For Sale At Diamond City Sialkot,2.6 Crore,26000000.0,6.0 Marla,6.0,https://www.zameen.com/Property/ghalib_road_diamond_city_house_for_sale_at_diamond_city_sialkot-54441838-16537-1.html,Sialkot,House,4.0,5.0,"Ghalib Road, Sialkot, Punjab"
House For Sale At Near Capital Road Sialkot,1.65 Crore,16500000.0,3.0 Marla,3.0,https://www.zameen.com/Property/sialkot_capital_road_house_for_sale_at_near_capital_road_sialkot-54542096-21145-1.html,Sialkot,House,3.0,4.0,"Capital Road, Sialkot, Punjab"
5 Marla Corner House For Sale Prime Location Citi Housing Sialkot,1.85 Crore,18500000.0,5.0 Marla,5.0,https://www.zameen.com/Property/sialkot_citi_housing_society_5_marla_corner_house_for_sale_prime_location_citi_housing_sialkot-54335758-8221-1.html,Sialkot,House,3.0,4.0,"Citi Housing Society, Sialkot, Punjab"
House Of 5 Marla Is Available For Sale,1.7 Crore,17000000.0,5.0 Marla,5.0,https://www.zameen.com/Property/sialkot_citi_housing_society_house_of_5_marla_is_available_for_sale-50974880-8221-1.html,Sialkot,House,3.0,3.0,"Citi Housing Society, Sialkot, Punjab"
5 Marla House,1.75 Crore,17500000.0,5.0 Marla,5.0,https://www.zameen.com/Property/sialkot_citi_housing_society_5_marla_house-50974879-8221-1.html,Sialkot,House,3.0,3.0,"Citi Housing Society, Sialkot, Punjab"
10 Marla Ultra Modern Luxury House Available For Sale In B Block Citi Housing Sialkot,4.65 Crore,46500000.0,10.1 Marla,10.1,https://www.zameen.com/Property/sialkot_citi_housing_society_10_marla_ultra_modern_luxury_house_available_for_sale_in_b_block_citi_housing_sialkot-53501379-8221-1.html,Sialkot,House,5.0,6.0,"Citi Housing Society, Sialkot, Punjab"
5 Marla New Double Storey Beautiful House At NOORPURA Besides Model Town For Sale,2.65 Crore,26500000.0,5.0 Marla,5.0,https://www.zameen.com/Property/sialkot_model_town_coop_housing_society_5_marla_new_double_storey_beautiful_house_at_noorpura_besides_model_town_for_sale-50200902-1284-1.html,Sialkot,House,6.0,4.0,"Model Town Coop Housing Society, Sialkot, Punjab"
House For Sale At Diamond City Sialkot,4.85 Crore,48500000.0,10.0 Marla,10.0,https://www.zameen.com/Property/ghalib_road_diamond_city_house_for_sale_at_diamond_city_sialkot-54457826-16537-1.html,Sialkot,House,5.0,5.0,"Ghalib Road, Sialkot, Punjab"
5 Marla House For Very Prime Location Corner House,2.55 Crore,25500000.0,5.0 Marla,5.0,https://www.zameen.com/Property/sialkot_paris_road_5_marla_house_for_very_prime_location_corner_house-54435700-6296-1.html,Sialkot,House,8.0,3.0,"Paris Road, Sialkot, Punjab"
2 Bed Ready To Move Apartment Is Available For Sale On 2 Years Instalment Plan,78.88 Lakh,7888000.0,,,https://www.zameen.com/Property/aimanabad_road_sialkot_trade_center_2_bed_ready_to_move_apartment_is_available_for_sale_on_2_years_instalment_plan-53529239-18209-1.html,Sialkot,Flat,2.0,1.0,"Aimanabad Road, Sialkot, Punjab"
2 Bed Flat For Sale On Cash Or Installment In Sialkot,89.9 Lakh,8990000.0,,,https://www.zameen.com/Property/aimanabad_road_sialkot_trade_center_2_bed_flat_for_sale_on_cash_or_installment_in_sialkot-54215436-18209-1.html,Sialkot,Flat,2.0,2.0,"Aimanabad Road, Sialkot, Punjab"
7 Marla Brand New Ultra Modern And Beautiful House Available At Citi Housing Hot Location In A Town,2.68 Crore,26800000.0,7.0 Marla,7.0,https://www.zameen.com/Property/jhelum_citi_housing_scheme_7_marla_brand_new_ultra_modern_and_beautiful_house_available_at_citi_housing_hot_location_in_a_town-54520803-8433-1.html,Jhelum,House,4,5,"Citi Housing Scheme, Jhelum, Punjab"
10 Marla House Available For Sale On Investor Rate.,3.0 Crore,30000000.0,10.0 Marla,10.0,https://www.zameen.com/Property/jhelum_citi_housing_scheme_10_marla_house_available_for_sale_on_investor_rate-53883246-8433-1.html,Jhelum,House,5,5,"Citi Housing Scheme, Jhelum, Punjab"
10 Marla House Available For Sale On Investor Rate.,3.1 Crore,31000000.0,10.0 Marla,10.0,https://www.zameen.com/Property/jhelum_citi_housing_scheme_10_marla_house_available_for_sale_on_investor_rate-53967142-8433-1.html,Jhelum,House,5,5,"Citi Housing Scheme, Jhelum, Punjab"
5 Marla Ultra-Luxury House For Sale | Premium Construction Services On Installment Plans,2.5 Crore,25000000.0,5.0 Marla,5.0,https://www.zameen.com/Property/jhelum_citi_housing_scheme_5_marla_ultra-luxury_house_for_sale_premium_construction_services_on_installment_plans-52017552-8433-1.html,Jhelum,House,4,5,"Citi Housing Scheme, Jhelum, Punjab"
Exclusive 5 Marla Ultra Luxury Residence | Prime Location Citi Housing Jhelum,2.5 Crore,25000000.0,5.0 Marla,5.0,https://www.zameen.com/Property/jhelum_citi_housing_scheme_exclusive_5_marla_ultra_luxury_residence_prime_location_citi_housing_jhelum-53006397-8433-1.html,Jhelum,House,4,3,"Citi Housing Scheme, Jhelum, Punjab"
5 Marla House At Prime Main Location For Sale In Citi Housing Jhelum,1.9 Crore,19000000.0,5.0 Marla,5.0,https://www.zameen.com/Property/jhelum_citi_housing_scheme_5_marla_house_at_prime_main_location_for_sale_in_citi_housing_jhelum-54190901-8433-1.html,Jhelum,House,5,6,"Citi Housing Scheme, Jhelum, Punjab"
5 Marla Designer House For Sale In Citi Housing Jhelum,2.0 Crore,20000000.0,5.0 Marla,5.0,https://www.zameen.com/Property/jhelum_citi_housing_scheme_5_marla_designer_house_for_sale_in_citi_housing_jhelum-52951093-8433-1.html,Jhelum,House,4,4,"Citi Housing Scheme, Jhelum, Punjab"
5 Marla D Block Designer Concept House For Sale,2.2 Crore,22000000.0,5.0 Marla,5.0,https://www.zameen.com/Property/jhelum_citi_housing_scheme_5_marla_d_block_designer_concept_house_for_sale-54663089-8433-1.html,Jhelum,House,3,4,"Citi Housing Scheme, Jhelum, Punjab"
5 Marla Spanish House For Sale In Citi Housing Jhelum,2.1 Crore,21000000.0,5.0 Marla,5.0,https://www.zameen.com/Property/jhelum_citi_housing_scheme_5_marla_spanish_house_for_sale_in_citi_housing_jhelum-54144348-8433-1.html,Jhelum,House,4,4,"Citi Housing Scheme, Jhelum, Punjab"
5Marla House Available For sale in D block Citi housing Jhelum,1.9 Crore,19000000.0,5.0 Marla,5.0,https://www.zameen.com/Property/jhelum_citi_housing_scheme_5marla_house_available_for_sale_in_d_block_citi_housing_jhelum-54707963-8433-1.html,Jhelum,House,4,4,"Citi Housing Scheme, Jhelum, Punjab"
10 Marla Corner House In Askari 1 Jhelum City On Investor Rate.,4.75 Crore,47500000.0,10.0 Marla,10.0,https://www.zameen.com/Property/jhelum_cantt_10_marla_corner_house_in_askari_1_jhelum_city_on_investor_rate-53978835-707-1.html,Jhelum,House,5,5,"Cantt, Jhelum, Punjab"
7 Marla House for Sale 3 Side Open House | Citi Housing Jhelum.,2.95 Crore,29500000.0,7.0 Marla,7.0,https://www.zameen.com/Property/jhelum_citi_housing_scheme_7_marla_house_for_sale_3_side_open_house_citi_housing_jhelum-54599317-8433-1.html,Jhelum,House,4,6,"Citi Housing Scheme, Jhelum, Punjab"
5 Marla Modern Design With Mezzanine Floor House For Sale In E Block Citi Housing Jhelum,2.45 Crore,24500000.0,5.0 Marla,5.0,https://www.zameen.com/Property/jhelum_citi_housing_scheme_5_marla_modern_design_with_mezzanine_floor_house_for_sale_in_e_block_citi_housing_jhelum-51705527-8433-1.html,Jhelum,House,4,5,"Citi Housing Scheme, Jhelum, Punjab"
Victorian House For Sale On Investor Rate,1.65 Crore,16500000.0,5.0 Marla,5.0,https://www.zameen.com/Property/citi_housing_overseas_citi_housing_overseas_-_block_g_victorian_house_for_sale_on_investor_rate-53006328-20091-1.html,Jhelum,House,4,5,"Citi Housing Scheme, Jhelum, Punjab"
7 Marla Corner Plus 100 Feet Road House For Sale In Citi Housing Jhelum,2.9 Crore,29000000.0,7.0 Marla,7.0,https://www.zameen.com/Property/jhelum_citi_housing_scheme_7_marla_corner_plus_100_feet_road_house_for_sale_in_citi_housing_jhelum-54623712-8433-1.html,Jhelum,House,4,4,"Citi Housing Scheme, Jhelum, Punjab"
7 Marla House For Sale Citi Housing Jhelum,2.75 Crore,27500000.0,7.0 Marla,7.0,https://www.zameen.com/Property/jhelum_citi_housing_scheme_7_marla_house_for_sale_citi_housing_jhelum-54649707-8433-1.html,Jhelum,House,4,4,"Citi Housing Scheme, Jhelum, Punjab"
7 Marla ideal location house for sale Citi housing Jhelum,2.2 Crore,22000000.0,7.0 Marla,7.0,https://www.zameen.com/Property/jhelum_citi_housing_scheme_7_marla_ideal_location_house_for_sale_citi_housing_jhelum-54603884-8433-1.html,Jhelum,House,6,5,"Citi Housing Scheme, Jhelum, Punjab"
8 Marla Corner House For Sale In Citi Housing Jhelum,2.95 Crore,29500000.0,8.0 Marla,8.0,https://www.zameen.com/Property/jhelum_citi_housing_scheme_8_marla_corner_house_for_sale_in_citi_housing_jhelum-54665518-8433-1.html,Jhelum,House,4,4,"Citi Housing Scheme, Jhelum, Punjab"
7 Marla Possesion house For Sale In Citi Housing Jhelum,2.95 Crore,29500000.0,7.0 Marla,7.0,https://www.zameen.com/Property/jhelum_citi_housing_scheme_7_marla_possesion_house_for_sale_in_citi_housing_jhelum-54680846-8433-1.html,Jhelum,House,4,4,"Citi Housing Scheme, Jhelum, Punjab"
1 Kanal Luxury House Main Road Available For Sale In Citi Housing Jhelum,7.5 Crore,75000000.0,1.0 Kanal,20.0,https://www.zameen.com/Property/jhelum_citi_housing_scheme_1_kanal_luxury_house_main_road_available_for_sale_in_citi_housing_jhelum-54460413-8433-1.html,Jhelum,House,6,6,"Citi Housing Scheme, Jhelum, Punjab"
5 Marla Designer Concept House For Sale,1.99 Crore,19900000.0,5.0 Marla,5.0,https://www.zameen.com/Property/jhelum_citi_housing_scheme_5_marla_designer_concept_house_for_sale-54256469-8433-1.html,Jhelum,House,4,4,"Citi Housing Scheme, Jhelum, Punjab"
5 Marla House For Sale Ideal Location In Citi Housing Jhelum,1.49 Crore,14900000.0,5.0 Marla,5.0,https://www.zameen.com/Property/jhelum_citi_housing_scheme_5_marla_house_for_sale_ideal_location_in_citi_housing_jhelum-54263668-8433-1.html,Jhelum,House,3,4,"Citi Housing Scheme, Jhelum, Punjab"
5 Marla D Block Designer House For Sale,1.92 Crore,19200000.0,5.0 Marla,5.0,https://www.zameen.com/Property/jhelum_citi_housing_scheme_5_marla_d_block_designer_house_for_sale-54227235-8433-1.html,Jhelum,House,4,4,"Citi Housing Scheme, Jhelum, Punjab"
5 Marla D Block Designer Concept House For Sale,1.9 Crore,19000000.0,5.0 Marla,5.0,https://www.zameen.com/Property/jhelum_citi_housing_scheme_5_marla_d_block_designer_concept_house_for_sale-54192623-8433-1.html,Jhelum,House,4,5,"Citi Housing Scheme, Jhelum, Punjab"
1 Kanal Luxury House Available For Sale,6.75 Crore,67500000.0,1.0 Kanal,20.0,https://www.zameen.com/Property/jhelum_citi_housing_scheme_1_kanal_luxury_house_available_for_sale-53985318-8433-1.html,Jhelum,House,5,6,"Citi Housing Scheme, Jhelum, Punjab"
"Your Serene Retreat 5 Marla House In D Block, Citi Housing Jhelum",1.95 Crore,19500000.0,5.0 Marla,5.0,https://www.zameen.com/Property/jhelum_citi_housing_scheme_your_serene_retreat_5_marla_house_in_d_block_citi_housing_jhelum-51623668-8433-1.html,Jhelum,House,4,4,"Citi Housing Scheme, Jhelum, Punjab"
Exclusive 5 Marla Modern Residence | Prime Location Citi Housing Jhelum K Block,2.0 Crore,20000000.0,5.0 Marla,5.0,https://www.zameen.com/Property/jhelum_citi_housing_scheme_exclusive_5_marla_modern_residence_prime_location_citi_housing_jhelum_k_block-54464889-8433-1.html,Jhelum,House,4,5,"Citi Housing Scheme, Jhelum, Punjab"
Well-Constructed House Available For Sale In Citi Housing Scheme,1.61 Crore,16100000.000000002,5.0 Marla,5.0,https://www.zameen.com/Property/jhelum_citi_housing_scheme_well-constructed_house_available_for_sale_in_citi_housing_scheme-53712917-8433-1.html,Jhelum,House,4,4,"Citi Housing Scheme, Jhelum, Punjab"
"10 Marla Luxury Furnished House Available For Sale Citi Housing Jhelum ( H Block ) 8 Ac installed "" Fully Furnished Luxury , Main Boulevard + Park Near",4.9 Crore,49000000.0,10.0 Marla,10.0,https://www.zameen.com/Property/jhelum_citi_housing_scheme_10_marla_luxury_furnished_house_available_for_sale_citi_housing_jhelum_h_block_8_ac_installed_fully_furnished_luxury_main_boulevard_park_near-54494505-8433-1.html,Jhelum,House,5,5,"Citi Housing Scheme, Jhelum, Punjab"
1 Kanal House Available For Sale With Solar System & Furniture Installed In Best Reasonable Price,5.0 Crore,50000000.0,1.0 Kanal,20.0,https://www.zameen.com/Property/jhelum_citi_housing_scheme_1_kanal_house_available_for_sale_with_solar_system_furniture_installed_in_best_reasonable_price-54628558-8433-1.html,Jhelum,House,5,5,"Citi Housing Scheme, Jhelum, Punjab"
"7 M Spanished House Brand New Best Location Available For Sale "" D Block "" Citi Housing Jhelum """,2.78 Crore,27800000.0,7.0 Marla,7.0,https://www.zameen.com/Property/jhelum_citi_housing_scheme_7_m_spanished_house_brand_new_best_location_available_for_sale_d_block_citi_housing_jhelum-54607949-8433-1.html,Jhelum,House,4,4,"Citi Housing Scheme, Jhelum, Punjab"
Designer House With Futuristic Elevation,1.99 Crore,19900000.0,5.0 Marla,5.0,https://www.zameen.com/Property/jhelum_citi_housing_scheme_designer_house_with_futuristic_elevation-53789626-8433-1.html,Jhelum,House,4,5,"Citi Housing Scheme, Jhelum, Punjab"
Designer House With Modern Elevation,2.14 Crore,21400000.0,5.0 Marla,5.0,https://www.zameen.com/Property/jhelum_citi_housing_scheme_designer_house_with_modern_elevation-53789613-8433-1.html,Jhelum,House,4,5,"Citi Housing Scheme, Jhelum, Punjab"
Designer House With Innovative Elevation For Sale,2.14 Crore,21400000.0,5.0 Marla,5.0,https://www.zameen.com/Property/jhelum_citi_housing_scheme_designer_house_with_innovative_elevation_for_sale-53789546-8433-1.html,Jhelum,House,3,4,"Citi Housing Scheme, Jhelum, Punjab"
Aristo Spanish Villa For Sale,1.79 Crore,17900000.0,5.0 Marla,5.0,https://www.zameen.com/Property/jhelum_citi_housing_scheme_aristo_spanish_villa_for_sale-53962896-8433-1.html,Jhelum,House,3,4,"Citi Housing Scheme, Jhelum, Punjab"
10 Marla For Sale House In Citi Housing Jhelum,3.5 Crore,35000000.0,10.0 Marla,10.0,https://www.zameen.com/Property/jhelum_citi_housing_scheme_10_marla_for_sale_house_in_citi_housing_jhelum-54324251-8433-1.html,Jhelum,House,5,5,"Citi Housing Scheme, Jhelum, Punjab"
1 Kanal Luxury House Available For Sale In Citi Housing Jhelum,6.4 Crore,64000000.0,1.0 Kanal,20.0,https://www.zameen.com/Property/jhelum_citi_housing_scheme_1_kanal_luxury_house_available_for_sale_in_citi_housing_jhelum-54679958-8433-1.html,Jhelum,House,5,5,"Citi Housing Scheme, Jhelum, Punjab"
Own A House In 5 Marla Citi Housing Scheme,2.0 Crore,20000000.0,5.0 Marla,5.0,https://www.zameen.com/Property/jhelum_citi_housing_scheme_own_a_house_in_5_marla_citi_housing_scheme-54470349-8433-1.html,Jhelum,House,4,4,"Citi Housing Scheme, Jhelum, Punjab"
Designer House With Modern Elevation,1.99 Crore,19900000.0,5.0 Marla,5.0,https://www.zameen.com/Property/jhelum_citi_housing_scheme_designer_house_with_modern_elevation-53789622-8433-1.html,Jhelum,House,4,5,"Citi Housing Scheme, Jhelum, Punjab"
Aristo Arabian Villa For Sale,1.74 Crore,17400000.0,5.0 Marla,5.0,https://www.zameen.com/Property/jhelum_citi_housing_scheme_aristo_arabian_villa_for_sale-53962908-8433-1.html,Jhelum,House,3,4,"Citi Housing Scheme, Jhelum, Punjab"
"Fully Furnished Corner Villa For Sale, Ideal Location.",5.0 Crore,50000000.0,2.0 Kanal,40.0,https://www.zameen.com/Property/jhelum_mgh_-_mangla_green_housing_fully_furnished_corner_villa_for_sale_ideal_location-53742919-21183-1.html,Jhelum,House,5,5,"MGH - Mangla Green Housing, Jhelum, Punjab"
Aristo Executive Villa For Sale,8.49 Crore,84900000.0,1.0 Kanal,20.0,https://www.zameen.com/Property/jhelum_citi_housing_scheme_aristo_executive_villa_for_sale-54256163-8433-1.html,Jhelum,House,5,6,"Citi Housing Scheme, Jhelum, Punjab"
House For Sale In Cantt Furnished On Investor Rate,9.0 Crore,90000000.0,16.0 Marla,16.0,https://www.zameen.com/Property/jhelum_cantt_house_for_sale_in_cantt_furnished_on_investor_rate-54189991-707-1.html,Jhelum,House,6,6,"Cantt, Jhelum, Punjab"
5 Marla House In K Block Available For Sale On Investor Rate,1.75 Crore,17500000.0,5.0 Marla,5.0,https://www.zameen.com/Property/jhelum_citi_housing_scheme_5_marla_house_in_k_block_available_for_sale_on_investor_rate-54435861-8433-1.html,Jhelum,House,3,4,"Citi Housing Scheme, Jhelum, Punjab"
Luxury 7 Marla House For Sale On Investore Rate,2.9 Crore,29000000.0,7.0 Marla,7.0,https://www.zameen.com/Property/jhelum_citi_housing_scheme_luxury_7_marla_house_for_sale_on_investore_rate-54663029-8433-1.html,Jhelum,House,5,5,"Citi Housing Scheme, Jhelum, Punjab"
5 Marla House For Sale Citi Housing Jhelum | D Block,2.45 Crore,24500000.0,5.0 Marla,5.0,https://www.zameen.com/Property/jhelum_citi_housing_scheme_5_marla_house_for_sale_citi_housing_jhelum_d_block-54614887-8433-1.html,Jhelum,House,4,5,"Citi Housing Scheme, Jhelum, Punjab"
7 Marla House for Sale Citi Housing Jhelum | J Block,2.4 Crore,24000000.0,7.0 Marla,7.0,https://www.zameen.com/Property/jhelum_citi_housing_scheme_7_marla_house_for_sale_citi_housing_jhelum_j_block-54614894-8433-1.html,Jhelum,House,4,5,"Citi Housing Scheme, Jhelum, Punjab"
5 Marla Corner House For Sale Citi Housing Jhelum | G Block,2.2 Crore,22000000.0,5.0 Marla,5.0,https://www.zameen.com/Property/jhelum_citi_housing_scheme_5_marla_corner_house_for_sale_citi_housing_jhelum_g_block-54614897-8433-1.html,Jhelum,House,4,5,"Citi Housing Scheme, Jhelum, Punjab"
1 Kanal House For Sale Citi Housing Jhelum | A Block,5.95 Crore,59500000.0,1.0 Kanal,20.0,https://www.zameen.com/Property/jhelum_citi_housing_scheme_1_kanal_house_for_sale_citi_housing_jhelum_a_block-54614910-8433-1.html,Jhelum,House,5,6,"Citi Housing Scheme, Jhelum, Punjab"
Buying A House In Citi Housing Scheme Jhelum,1.95 Crore,19500000.0,5.0 Marla,5.0,https://www.zameen.com/Property/jhelum_citi_housing_scheme_buying_a_house_in_citi_housing_scheme_jhelum-51676071-8433-1.html,Jhelum,House,4,5,"Citi Housing Scheme, Jhelum, Punjab"
5 Marla House In Citi Housing Jhelum,2.0 Crore,20000000.0,5.0 Marla,5.0,https://www.zameen.com/Property/jhelum_citi_housing_scheme_5_marla_house_in_citi_housing_jhelum-52613433-8433-1.html,Jhelum,House,4,5,"Citi Housing Scheme, Jhelum, Punjab"
"5 Marla House For Sale In B Block, Citi Housing Jhelum Near Theme Park",2.1 Crore,21000000.0,5.0 Marla,5.0,https://www.zameen.com/Property/jhelum_citi_housing_scheme_5_marla_house_for_sale_in_b_block_citi_housing_jhelum_near_theme_park-52262064-8433-1.html,Jhelum,House,4,4,"Citi Housing Scheme, Jhelum, Punjab"
07 Marla Dream Home In Citi Housing Jhelum Prime Location &Amp; Modern Living Awaits!,2.85 Crore,28500000.0,7.0 Marla,7.0,https://www.zameen.com/Property/jhelum_citi_housing_scheme_07_marla_dream_home_in_citi_housing_jhelum_prime_location_amp_modern_living_awaits-51928409-8433-1.html,Jhelum,House,4,5,"Citi Housing Scheme, Jhelum, Punjab"
5 Marla Corner Dream Home For Sale In Citi Housing Jhelum,2.2 Crore,22000000.0,5.0 Marla,5.0,https://www.zameen.com/Property/jhelum_citi_housing_scheme_5_marla_corner_dream_home_for_sale_in_citi_housing_jhelum-52613560-8433-1.html,Jhelum,House,4,4,"Citi Housing Scheme, Jhelum, Punjab"
House For Sale In Beautiful Citi Housing Scheme,1.55 Crore,15500000.0,5.0 Marla,5.0,https://www.zameen.com/Property/jhelum_citi_housing_scheme_house_for_sale_in_beautiful_citi_housing_scheme-54483576-8433-1.html,Jhelum,House,4,5,"Citi Housing Scheme, Jhelum, Punjab"
Own A Piece Of Paradise! Spacious 5 Marla House In Citi Housing Jhelum Offering,2.0 Crore,20000000.0,5.0 Marla,5.0,https://www.zameen.com/Property/jhelum_citi_housing_scheme_own_a_piece_of_paradise_spacious_5_marla_house_in_citi_housing_jhelum_offering-51820199-8433-1.html,Jhelum,House,4,4,"Citi Housing Scheme, Jhelum, Punjab"
5 Marla House,1.45 Crore,14500000.0,5.0 Marla,5.0,https://www.zameen.com/Property/citi_housing_overseas_citi_housing_overseas_-_block_a_5_marla_house-53006975-20086-1.html,Jhelum,House,4,3,"Citi Housing Scheme, Jhelum, Punjab"
"Newly Built Two Side Open House with Big Garden on the Back, Available for sale in A block on investor rate",2.0 Crore,20000000.0,5.0 Marla,5.0,https://www.zameen.com/Property/jhelum_citi_housing_scheme_newly_built_two_side_open_house_with_big_garden_on_the_back_available_for_sale_in_a_block_on_investor_rate-54575525-8433-1.html,Jhelum,House,4,5,"Citi Housing Scheme, Jhelum, Punjab"
5 Marla House For Sale On Investor Rate,1.5 Crore,15000000.0,5.0 Marla,5.0,https://www.zameen.com/Property/jhelum_citi_housing_scheme_5_marla_house_for_sale_on_investor_rate-53309318-8433-1.html,Jhelum,House,4,5,"Citi Housing Scheme, Jhelum, Punjab"
House On Instalments Customized Built,1.55 Crore,15500000.0,5.0 Marla,5.0,https://www.zameen.com/Property/jhelum_citi_housing_scheme_house_on_instalments_customized_built-53551702-8433-1.html,Jhelum,House,4,4,"Citi Housing Scheme, Jhelum, Punjab"
Newly Built House Available For Sale In D Ext Block,1.55 Crore,15500000.0,5.0 Marla,5.0,https://www.zameen.com/Property/jhelum_citi_housing_scheme_newly_built_house_available_for_sale_in_d_ext_block-54575482-8433-1.html,Jhelum,House,4,5,"Citi Housing Scheme, Jhelum, Punjab"
Aristo Spanish Villa For Sale,1.79 Crore,17900000.0,5.0 Marla,5.0,https://www.zameen.com/Property/jhelum_citi_housing_scheme_aristo_spanish_villa_for_sale-53962902-8433-1.html,Jhelum,House,3,4,"Citi Housing Scheme, Jhelum, Punjab"
5 Marla D Block Designer Concept House For Sale,1.6 Crore,16000000.0,5.0 Marla,5.0,https://www.zameen.com/Property/jhelum_citi_housing_scheme_5_marla_d_block_designer_concept_house_for_sale-54649736-8433-1.html,Jhelum,House,4,4,"Citi Housing Scheme, Jhelum, Punjab"
7 Marla Spanish House For Sale In Citi Housing Jhelum,2.75 Crore,27500000.0,7.0 Marla,7.0,https://www.zameen.com/Property/jhelum_citi_housing_scheme_7_marla_spanish_house_for_sale_in_citi_housing_jhelum-54661453-8433-1.html,Jhelum,House,5,5,"Citi Housing Scheme, Jhelum, Punjab"
Beautiful Luxurious Designer House At 1 Kanal,11.3 Crore,113000000.0,1.0 Kanal,20.0,https://www.zameen.com/Property/jhelum_citi_housing_scheme_beautiful_luxurious_designer_house_at_1_kanal-54563344-8433-1.html,Jhelum,House,5,5,"Citi Housing Scheme, Jhelum, Punjab"
Citi Housing Jhelum 5bed Rooms 2 Kitchen House Available In Reasonable Price And Location Is So Good,2.2 Crore,22000000.0,7.0 Marla,7.0,https://www.zameen.com/Property/jhelum_citi_housing_scheme_citi_housing_jhelum_5bed_rooms_2_kitchen_house_available_in_reasonable_price_and_location_is_so_good-53280551-8433-1.html,Jhelum,House,5,6,"Citi Housing Scheme, Jhelum, Punjab"
A Huge Game Changer House For Citi Housing And One And Only 7 Marla House 6rooms And 2 Kitchen Double Highted,2.65 Crore,26500000.0,7.0 Marla,7.0,https://www.zameen.com/Property/jhelum_citi_housing_scheme_a_huge_game_changer_house_for_citi_housing_and_one_and_only_7_marla_house_6rooms_and_2_kitchen_double_highted-54116597-8433-1.html,Jhelum,House,7,6,"Citi Housing Scheme, Jhelum, Punjab"
Buying A House In Citi Housing Scheme?,2.5 Crore,25000000.0,7.0 Marla,7.0,https://www.zameen.com/Property/jhelum_citi_housing_scheme_buying_a_house_in_citi_housing_scheme-47138255-8433-1.html,Jhelum,House,4,5,"Citi Housing Scheme, Jhelum, Punjab"
BRAND NEW DESIGNER FULLY FURNISHED,10.45 Crore,104500000.0,1.0 Kanal,20.0,https://www.zameen.com/Property/jhelum_citi_housing_scheme_brand_new_designer_fully_furnished-54440657-8433-1.html,Jhelum,House,5,6,"Citi Housing Scheme, Jhelum, Punjab"
5 Marla Beautiful Near To House Available For Sale In Citi Housing Jhelum,2.0 Crore,20000000.0,5.0 Marla,5.0,https://www.zameen.com/Property/jhelum_citi_housing_scheme_5_marla_beautiful_near_to_house_available_for_sale_in_citi_housing_jhelum-52600505-8433-1.html,Jhelum,House,4,5,"Citi Housing Scheme, Jhelum, Punjab"
Luxury Villas For Sale In Citi Housing Jhelum | Smart Homes By Lux Apatments With Easy Installment Plans,6.5 Crore,65000000.0,10.0 Marla,10.0,https://www.zameen.com/Property/jhelum_citi_housing_scheme_luxury_villas_for_sale_in_citi_housing_jhelum_smart_homes_by_lux_apatments_with_easy_installment_plans-52016704-8433-1.html,Jhelum,House,5,5,"Citi Housing Scheme, Jhelum, Punjab"
5 Marla Luxury Villa For Sale In K Block On Main Boulevard Citi Housing,2.5 Crore,25000000.0,5.0 Marla,5.0,https://www.zameen.com/Property/jhelum_citi_housing_scheme_5_marla_luxury_villa_for_sale_in_k_block_on_main_boulevard_citi_housing-44991394-8433-1.html,Jhelum,House,4,4,"Citi Housing Scheme, Jhelum, Punjab"
Aristo Arabian Villa For Sale,1.74 Crore,17400000.0,5.0 Marla,5.0,https://www.zameen.com/Property/jhelum_citi_housing_scheme_aristo_arabian_villa_for_sale-53860954-8433-1.html,Jhelum,House,3,4,"Citi Housing Scheme, Jhelum, Punjab"
Prime 7 Marla House For Sale In Citi Housing Jhelum Investor's Dream Opportunity!,2.5 Crore,25000000.0,7.0 Marla,7.0,https://www.zameen.com/Property/jhelum_citi_housing_scheme_prime_7_marla_house_for_sale_in_citi_housing_jhelum_investor_s_dream_opportunity-52281547-8433-1.html,Jhelum,House,5,6,"Citi Housing Scheme, Jhelum, Punjab"
A Dram House For Waiting For You 5 Marla Beautiful Fabulous Outstanding Level Spanish House Available For Sale,2.15 Crore,21500000.0,5.0 Marla,5.0,https://www.zameen.com/Property/jhelum_citi_housing_scheme_a_dram_house_for_waiting_for_you_5_marla_beautiful_fabulous_outstanding_level_spanish_house_available_for_sale-54090404-8433-1.html,Jhelum,House,4,5,"Citi Housing Scheme, Jhelum, Punjab"
Citi Housing Jhelum The Designers Beautiful Ultra Modern Home Available At Citi Housing Most Popular And Famous And Favourite Block,6.95 Crore,69500000.0,1.0 Kanal,20.0,https://www.zameen.com/Property/jhelum_citi_housing_scheme_citi_housing_jhelum_the_designers_beautiful_ultra_modern_home_available_at_citi_housing_most_popular_and_famous_and_favourite_block-54268679-8433-1.html,Jhelum,House,6,6,"Citi Housing Scheme, Jhelum, Punjab"
House On Installments,1.85 Crore,18500000.0,5.0 Marla,5.0,https://www.zameen.com/Property/jhelum_citi_housing_scheme_house_on_installments-54520022-8433-1.html,Jhelum,House,,,"Citi Housing Scheme, Jhelum, Punjab"
5 Marla House On Easy Installments,1.75 Crore,17500000.0,5.0 Marla,5.0,https://www.zameen.com/Property/jhelum_citi_housing_scheme_5_marla_house_on_easy_installments-53286188-8433-1.html,Jhelum,House,3,4,"Citi Housing Scheme, Jhelum, Punjab"
House Is Available For Sale,7.0 Crore,70000000.0,1.0 Kanal,20.0,https://www.zameen.com/Property/jhelum_citi_housing_scheme_house_is_available_for_sale-54520040-8433-1.html,Jhelum,House,6,4,"Citi Housing Scheme, Jhelum, Punjab"
House On Installments,1.85 Crore,18500000.0,5.0 Marla,5.0,https://www.zameen.com/Property/jhelum_citi_housing_scheme_house_on_installments-54520025-8433-1.html,Jhelum,House,,,"Citi Housing Scheme, Jhelum, Punjab"
5 Marla House On Easy Installments For Sale,1.85 Crore,18500000.0,5.0 Marla,5.0,https://www.zameen.com/Property/jhelum_citi_housing_scheme_5_marla_house_on_easy_installments_for_sale-54272747-8433-1.html,Jhelum,House,4,4,"Citi Housing Scheme, Jhelum, Punjab"
5 Marla Corner House For Sale In Citi Housinng Jhelum Near Bu Dancing Fountain,2.0 Crore,20000000.0,5.0 Marla,5.0,https://www.zameen.com/Property/jhelum_citi_housing_scheme_5_marla_corner_house_for_sale_in_citi_housinng_jhelum_near_bu_dancing_fountain-54487508-8433-1.html,Jhelum,House,3,3,"Citi Housing Scheme, Jhelum, Punjab"
5 Marla Furnished House For Sale B Block Citi Housing Jhelum In An Affordable Price,2.1 Crore,21000000.0,5.0 Marla,5.0,https://www.zameen.com/Property/jhelum_citi_housing_scheme_5_marla_furnished_house_for_sale_b_block_citi_housing_jhelum_in_an_affordable_price-54486991-8433-1.html,Jhelum,House,5,3,"Citi Housing Scheme, Jhelum, Punjab"
"5 Marla Brand New Modern Double Heighted House Available For Sale "" Citi Housing Jhelum .",1.65 Crore,16500000.0,5.0 Marla,5.0,https://www.zameen.com/Property/jhelum_citi_housing_scheme_5_marla_brand_new_modern_double_heighted_house_available_for_sale_citi_housing_jhelum-54501417-8433-1.html,Jhelum,House,4,4,"Citi Housing Scheme, Jhelum, Punjab"
Premium Owner-Built 5 Marla Corner House | Fully Furnished | Citi Housing Jhelum,1.59 Crore,15900000.0,5.0 Marla,5.0,https://www.zameen.com/Property/jhelum_citi_housing_scheme_premium_owner-built_5_marla_corner_house_fully_furnished_citi_housing_jhelum-54470574-8433-1.html,Jhelum,House,4,4,"Citi Housing Scheme, Jhelum, Punjab"
Installment Base Double Unit House Is Available For Sale,3.7 Crore,37000000.0,10.0 Marla,10.0,https://www.zameen.com/Property/jhelum_citi_housing_scheme_installment_base_double_unit_house_is_available_for_sale-54520037-8433-1.html,Jhelum,House,5,4,"Citi Housing Scheme, Jhelum, Punjab"
3 Marla Beautiful House (Kareem Pura) Jhelum On Easy Installments For Sale,85.0 Lakh,8500000.0,3.0 Marla,3.0,https://www.zameen.com/Property/jhelum_chakwal_-_jhelum_road_3_marla_beautiful_house_kareem_pura_jhelum_on_easy_installments_for_sale-54272676-13351-1.html,Jhelum,House,3,2,"Chakwal - Jhelum Road, Jhelum, Punjab"
5 Marla Elegant Most Popular Most Beautiful House Available Near the Main Entrance Citi Housing Jhelum,2.1 Crore,21000000.0,5.0 Marla,5.0,https://www.zameen.com/Property/jhelum_citi_housing_scheme_5_marla_elegant_most_popular_most_beautiful_house_available_near_the_main_entrance_citi_housing_jhelum-54266527-8433-1.html,Jhelum,House,4,5,"Citi Housing Scheme, Jhelum, Punjab"
"1 Kanal Luxurious House For Sale In K Block, Citi Housing Jhelum",4.5 Crore,45000000.0,1.0 Kanal,20.0,https://www.zameen.com/Property/jhelum_citi_housing_scheme_1_kanal_luxurious_house_for_sale_in_k_block_citi_housing_jhelum-52548469-8433-1.html,Jhelum,House,6,6,"Citi Housing Scheme, Jhelum, Punjab"
A History Of Citi Housing 7 Marla 6 Bedrooms Home Available Brand New House At Registry'S Area,2.65 Crore,26500000.0,7.0 Marla,7.0,https://www.zameen.com/Property/jhelum_citi_housing_scheme_a_history_of_citi_housing_7_marla_6_bedrooms_home_available_brand_new_house_at_registry_s_area-54266515-8433-1.html,Jhelum,House,6,6,"Citi Housing Scheme, Jhelum, Punjab"
5 Marla Fully Furnished House For Sale With 6KV Solar Penal Installed,2.1 Crore,21000000.0,5.0 Marla,5.0,https://www.zameen.com/Property/jhelum_citi_housing_scheme_5_marla_fully_furnished_house_for_sale_with_6kv_solar_penal_installed-54487877-8433-1.html,Jhelum,House,4,4,"Citi Housing Scheme, Jhelum, Punjab"
House Is Available For Sale,2.6 Crore,26000000.0,7.0 Marla,7.0,https://www.zameen.com/Property/jhelum_citi_housing_scheme_house_is_available_for_sale-54520032-8433-1.html,Jhelum,House,,,"Citi Housing Scheme, Jhelum, Punjab"
Modern 2 Bedroom Apartment For Sale In Citi Housing Jhelum,57.5 Lakh,5750000.0,,,https://www.zameen.com/Property/jhelum_citi_housing_scheme_modern_2_bedroom_apartment_for_sale_in_citi_housing_jhelum-52788698-8433-1.html,Jhelum,Flat,2,2,"Citi Housing Scheme, Jhelum, Punjab"
Furnished Studio Apartment for Sale Citi Housing Jhelum,28.0 Lakh,2800000.0,,,https://www.zameen.com/Property/jhelum_citi_housing_scheme_furnished_studio_apartment_for_sale_citi_housing_jhelum-52788762-8433-1.html,Jhelum,Flat,,1,"Citi Housing Scheme, Jhelum, Punjab"
2 Bed Furnished Flat Transferable For Sale,48.0 Lakh,4800000.0,,,https://www.zameen.com/Property/jhelum_citi_housing_scheme_2_bed_furnished_flat_transferable_for_sale-54209591-8433-1.html,Jhelum,Flat,2,2,"Citi Housing Scheme, Jhelum, Punjab"
Furnished Studio Apartment for Sale with Transfer Letter in Citi Housing Jhelum Prime Location & Ready to Move,35.0 Lakh,3500000.0,,,https://www.zameen.com/Property/jhelum_citi_housing_scheme_furnished_studio_apartment_for_sale_with_transfer_letter_in_citi_housing_jhelum_prime_location_ready_to_move-52085259-8433-1.html,Jhelum,Flat,,1,"Citi Housing Scheme, Jhelum, Punjab"
Studio Apartment For Sale In Citi Housing Jhelum Ideal For Investment Or Living,35.0 Lakh,3500000.0,,,https://www.zameen.com/Property/jhelum_citi_housing_scheme_studio_apartment_for_sale_in_citi_housing_jhelum_ideal_for_investment_or_living-52661102-8433-1.html,Jhelum,Flat,,1,"Citi Housing Scheme, Jhelum, Punjab"
Modern 2-Bed Flat With Elegant Interior | 600 Sqft Flat For Sale,60.0 Lakh,6000000.0,,,https://www.zameen.com/Property/jhelum_citi_housing_scheme_modern_2-bed_flat_with_elegant_interior_600_sqft_flat_for_sale-53418746-8433-1.html,Jhelum,Flat,2,2,"Citi Housing Scheme, Jhelum, Punjab"
Corner 10 Marla 60 Feet Road Main Sialkot Road,3.5 Crore,35000000.0,10.0 Marla,10.0,https://www.zameen.com/Property/wazirabad_sialkot_road_corner_10_marla_60_feet_road_main_sialkot_road-54399782-6440-1.html,Wazirabad,House,6,6,"Sialkot Road, Wazirabad, Punjab"
